{"level":"info","message":"数据库连接创建:","metadata":{"threadId":60},"service":"ai-project","timestamp":"2026-09-16 21:05:50.308"}
{"level":"info","message":"数据库连接成功","metadata":{},"service":"ai-project","timestamp":"2026-09-16 21:05:50.323"}
{"level":"info","message":"============================================================","metadata":{},"service":"ai-project","timestamp":"2026-09-16 21:05:50.785"}
{"level":"info","message":"热成像传感器数据服务器已成功启动","metadata":{},"service":"ai-project","timestamp":"2026-09-16 21:05:50.790"}
{"level":"info","message":"监听地址: 0.0.0.0:8888","metadata":{},"service":"ai-project","timestamp":"2026-09-16 21:05:50.791"}
{"level":"info","message":"等待客户端连接...","metadata":{},"service":"ai-project","timestamp":"2026-09-16 21:05:50.792"}
{"level":"info","message":"============================================================","metadata":{},"service":"ai-project","timestamp":"2026-09-16 21:05:50.792"}
{"level":"info","message":"心跳机制已启动，间隔: 30000ms, 超时: 90000ms","metadata":{},"service":"ai-project","timestamp":"2026-09-16 21:05:50.793"}
{"level":"info","message":"性能监控已启动，间隔: 60000ms","metadata":{},"service":"ai-project","timestamp":"2026-09-16 21:05:50.793"}
{"level":"info","message":"SSE 客户端连接","metadata":{"clientCount":1},"service":"ai-project","timestamp":"2026-09-16 21:05:51.607"}
{"level":"info","message":"数据库连接创建:","metadata":{"threadId":62},"service":"ai-project","timestamp":"2026-09-16 21:05:51.950"}
{"level":"info","message":"================================================================================","metadata":{},"service":"ai-project","timestamp":"2026-09-16 21:06:50.798"}
{"level":"info","message":"性能监控指标","metadata":{},"service":"ai-project","timestamp":"2026-09-16 21:06:50.799"}
{"level":"info","message":"================================================================================","metadata":{},"service":"ai-project","timestamp":"2026-09-16 21:06:50.799"}
{"level":"info","message":"服务器运行时间: 60 秒","metadata":{},"service":"ai-project","timestamp":"2026-09-16 21:06:50.800"}
{"level":"info","message":"总请求数: 0","metadata":{},"service":"ai-project","timestamp":"2026-09-16 21:06:50.800"}
{"level":"info","message":"成功请求数: 0","metadata":{},"service":"ai-project","timestamp":"2026-09-16 21:06:50.800"}
{"level":"info","message":"失败请求数: 0","metadata":{},"service":"ai-project","timestamp":"2026-09-16 21:06:50.801"}
{"level":"info","message":"请求成功率: 0.00%","metadata":{},"service":"ai-project","timestamp":"2026-09-16 21:06:50.801"}
{"level":"info","message":"平均响应时间: 0.00 ms","metadata":{},"service":"ai-project","timestamp":"2026-09-16 21:06:50.801"}
{"level":"info","message":"总接收数据: 0.00 KB","metadata":{},"service":"ai-project","timestamp":"2026-09-16 21:06:50.801"}
{"level":"info","message":"总发送数据: 0.00 KB","metadata":{},"service":"ai-project","timestamp":"2026-09-16 21:06:50.802"}
{"level":"info","message":"当前连接数: 0","metadata":{},"service":"ai-project","timestamp":"2026-09-16 21:06:50.802"}
{"level":"info","message":"连接池使用率: 0.00%","metadata":{},"service":"ai-project","timestamp":"2026-09-16 21:06:50.802"}
{"level":"info","message":"连接池峰值: 0","metadata":{},"service":"ai-project","timestamp":"2026-09-16 21:06:50.803"}
{"level":"info","message":"总连接数: 0","metadata":{},"service":"ai-project","timestamp":"2026-09-16 21:06:50.803"}
{"level":"info","message":"失败连接数: 0","metadata":{},"service":"ai-project","timestamp":"2026-09-16 21:06:50.803"}
{"level":"info","message":"已关闭连接数: 0","metadata":{},"service":"ai-project","timestamp":"2026-09-16 21:06:50.803"}
{"level":"info","message":"================================================================================","metadata":{},"service":"ai-project","timestamp":"2026-09-16 21:06:50.804"}
{"level":"info","message":"SSE 客户端断开连接","metadata":{"clientCount":0},"service":"ai-project","timestamp":"2026-09-16 21:07:39.354"}
{"level":"info","message":"SSE 客户端连接","metadata":{"clientCount":1},"service":"ai-project","timestamp":"2026-09-16 21:07:39.608"}
{"level":"info","message":"================================================================================","metadata":{},"service":"ai-project","timestamp":"2026-09-16 21:07:50.798"}
{"level":"info","message":"性能监控指标","metadata":{},"service":"ai-project","timestamp":"2026-09-16 21:07:50.799"}
{"level":"info","message":"================================================================================","metadata":{},"service":"ai-project","timestamp":"2026-09-16 21:07:50.800"}
{"level":"info","message":"服务器运行时间: 120 秒","metadata":{},"service":"ai-project","timestamp":"2026-09-16 21:07:50.800"}
{"level":"info","message":"总请求数: 0","metadata":{},"service":"ai-project","timestamp":"2026-09-16 21:07:50.801"}
{"level":"info","message":"成功请求数: 0","metadata":{},"service":"ai-project","timestamp":"2026-09-16 21:07:50.801"}
{"level":"info","message":"失败请求数: 0","metadata":{},"service":"ai-project","timestamp":"2026-09-16 21:07:50.801"}
{"level":"info","message":"请求成功率: 0.00%","metadata":{},"service":"ai-project","timestamp":"2026-09-16 21:07:50.801"}
{"level":"info","message":"平均响应时间: 0.00 ms","metadata":{},"service":"ai-project","timestamp":"2026-09-16 21:07:50.802"}
{"level":"info","message":"总接收数据: 0.00 KB","metadata":{},"service":"ai-project","timestamp":"2026-09-16 21:07:50.802"}
{"level":"info","message":"总发送数据: 0.00 KB","metadata":{},"service":"ai-project","timestamp":"2026-09-16 21:07:50.802"}
{"level":"info","message":"当前连接数: 0","metadata":{},"service":"ai-project","timestamp":"2026-09-16 21:07:50.803"}
{"level":"info","message":"连接池使用率: 0.00%","metadata":{},"service":"ai-project","timestamp":"2026-09-16 21:07:50.803"}
{"level":"info","message":"连接池峰值: 0","metadata":{},"service":"ai-project","timestamp":"2026-09-16 21:07:50.803"}
{"level":"info","message":"总连接数: 0","metadata":{},"service":"ai-project","timestamp":"2026-09-16 21:07:50.803"}
{"level":"info","message":"失败连接数: 0","metadata":{},"service":"ai-project","timestamp":"2026-09-16 21:07:50.804"}
{"level":"info","message":"已关闭连接数: 0","metadata":{},"service":"ai-project","timestamp":"2026-09-16 21:07:50.804"}
{"level":"info","message":"================================================================================","metadata":{},"service":"ai-project","timestamp":"2026-09-16 21:07:50.804"}
{"level":"info","message":"SSE 客户端断开连接","metadata":{"clientCount":0},"service":"ai-project","timestamp":"2026-09-16 21:08:00.960"}
{"level":"info","message":"SSE 客户端连接","metadata":{"clientCount":1},"service":"ai-project","timestamp":"2026-09-16 21:08:01.304"}
{"level":"info","message":"================================================================================","metadata":{},"service":"ai-project","timestamp":"2026-09-16 21:08:50.808"}
{"level":"info","message":"性能监控指标","metadata":{},"service":"ai-project","timestamp":"2026-09-16 21:08:50.809"}
{"level":"info","message":"================================================================================","metadata":{},"service":"ai-project","timestamp":"2026-09-16 21:08:50.809"}
{"level":"info","message":"服务器运行时间: 180 秒","metadata":{},"service":"ai-project","timestamp":"2026-09-16 21:08:50.810"}
{"level":"info","message":"总请求数: 0","metadata":{},"service":"ai-project","timestamp":"2026-09-16 21:08:50.810"}
{"level":"info","message":"成功请求数: 0","metadata":{},"service":"ai-project","timestamp":"2026-09-16 21:08:50.810"}
{"level":"info","message":"失败请求数: 0","metadata":{},"service":"ai-project","timestamp":"2026-09-16 21:08:50.810"}
{"level":"info","message":"请求成功率: 0.00%","metadata":{},"service":"ai-project","timestamp":"2026-09-16 21:08:50.811"}
{"level":"info","message":"平均响应时间: 0.00 ms","metadata":{},"service":"ai-project","timestamp":"2026-09-16 21:08:50.811"}
{"level":"info","message":"总接收数据: 0.00 KB","metadata":{},"service":"ai-project","timestamp":"2026-09-16 21:08:50.811"}
{"level":"info","message":"总发送数据: 0.00 KB","metadata":{},"service":"ai-project","timestamp":"2026-09-16 21:08:50.812"}
{"level":"info","message":"当前连接数: 0","metadata":{},"service":"ai-project","timestamp":"2026-09-16 21:08:50.812"}
{"level":"info","message":"连接池使用率: 0.00%","metadata":{},"service":"ai-project","timestamp":"2026-09-16 21:08:50.812"}
{"level":"info","message":"连接池峰值: 0","metadata":{},"service":"ai-project","timestamp":"2026-09-16 21:08:50.812"}
{"level":"info","message":"总连接数: 0","metadata":{},"service":"ai-project","timestamp":"2026-09-16 21:08:50.812"}
{"level":"info","message":"失败连接数: 0","metadata":{},"service":"ai-project","timestamp":"2026-09-16 21:08:50.813"}
{"level":"info","message":"已关闭连接数: 0","metadata":{},"service":"ai-project","timestamp":"2026-09-16 21:08:50.813"}
{"level":"info","message":"================================================================================","metadata":{},"service":"ai-project","timestamp":"2026-09-16 21:08:50.813"}
{"level":"info","message":"================================================================================","metadata":{},"service":"ai-project","timestamp":"2026-09-16 21:09:50.809"}
{"level":"info","message":"性能监控指标","metadata":{},"service":"ai-project","timestamp":"2026-09-16 21:09:50.810"}
{"level":"info","message":"================================================================================","metadata":{},"service":"ai-project","timestamp":"2026-09-16 21:09:50.810"}
{"level":"info","message":"服务器运行时间: 240 秒","metadata":{},"service":"ai-project","timestamp":"2026-09-16 21:09:50.811"}
{"level":"info","message":"总请求数: 0","metadata":{},"service":"ai-project","timestamp":"2026-09-16 21:09:50.812"}
{"level":"info","message":"成功请求数: 0","metadata":{},"service":"ai-project","timestamp":"2026-09-16 21:09:50.812"}
{"level":"info","message":"失败请求数: 0","metadata":{},"service":"ai-project","timestamp":"2026-09-16 21:09:50.812"}
{"level":"info","message":"请求成功率: 0.00%","metadata":{},"service":"ai-project","timestamp":"2026-09-16 21:09:50.813"}
{"level":"info","message":"平均响应时间: 0.00 ms","metadata":{},"service":"ai-project","timestamp":"2026-09-16 21:09:50.813"}
{"level":"info","message":"总接收数据: 0.00 KB","metadata":{},"service":"ai-project","timestamp":"2026-09-16 21:09:50.815"}
{"level":"info","message":"总发送数据: 0.00 KB","metadata":{},"service":"ai-project","timestamp":"2026-09-16 21:09:50.815"}
{"level":"info","message":"当前连接数: 0","metadata":{},"service":"ai-project","timestamp":"2026-09-16 21:09:50.815"}
{"level":"info","message":"连接池使用率: 0.00%","metadata":{},"service":"ai-project","timestamp":"2026-09-16 21:09:50.816"}
{"level":"info","message":"连接池峰值: 0","metadata":{},"service":"ai-project","timestamp":"2026-09-16 21:09:50.816"}
{"level":"info","message":"总连接数: 0","metadata":{},"service":"ai-project","timestamp":"2026-09-16 21:09:50.816"}
{"level":"info","message":"失败连接数: 0","metadata":{},"service":"ai-project","timestamp":"2026-09-16 21:09:50.816"}
{"level":"info","message":"已关闭连接数: 0","metadata":{},"service":"ai-project","timestamp":"2026-09-16 21:09:50.817"}
{"level":"info","message":"================================================================================","metadata":{},"service":"ai-project","timestamp":"2026-09-16 21:09:50.818"}
{"level":"info","message":"客户端 #1 已连接 - 172.20.10.13:49686","metadata":{"currentConnections":1,"maxConnections":1000},"service":"ai-project","timestamp":"2026-09-16 21:10:15.342"}
{"level":"info","message":"================================================================================","metadata":{},"service":"ai-project","timestamp":"2026-09-16 21:10:50.824"}
{"level":"info","message":"性能监控指标","metadata":{},"service":"ai-project","timestamp":"2026-09-16 21:10:50.825"}
{"level":"info","message":"================================================================================","metadata":{},"service":"ai-project","timestamp":"2026-09-16 21:10:50.825"}
{"level":"info","message":"服务器运行时间: 300 秒","metadata":{},"service":"ai-project","timestamp":"2026-09-16 21:10:50.826"}
{"level":"info","message":"总请求数: 21","metadata":{},"service":"ai-project","timestamp":"2026-09-16 21:10:50.826"}
{"level":"info","message":"成功请求数: 21","metadata":{},"service":"ai-project","timestamp":"2026-09-16 21:10:50.826"}
{"level":"info","message":"失败请求数: 0","metadata":{},"service":"ai-project","timestamp":"2026-09-16 21:10:50.827"}
{"level":"info","message":"请求成功率: 100.00%","metadata":{},"service":"ai-project","timestamp":"2026-09-16 21:10:50.827"}
{"level":"info","message":"平均响应时间: 34.76 ms","metadata":{},"service":"ai-project","timestamp":"2026-09-16 21:10:50.827"}
{"level":"info","message":"总接收数据: 11.57 KB","metadata":{},"service":"ai-project","timestamp":"2026-09-16 21:10:50.827"}
{"level":"info","message":"总发送数据: 0.78 KB","metadata":{},"service":"ai-project","timestamp":"2026-09-16 21:10:50.828"}
{"level":"info","message":"当前连接数: 1","metadata":{},"service":"ai-project","timestamp":"2026-09-16 21:10:50.828"}
{"level":"info","message":"连接池使用率: 0.10%","metadata":{},"service":"ai-project","timestamp":"2026-09-16 21:10:50.828"}
{"level":"info","message":"连接池峰值: 1","metadata":{},"service":"ai-project","timestamp":"2026-09-16 21:10:50.828"}
{"level":"info","message":"总连接数: 1","metadata":{},"service":"ai-project","timestamp":"2026-09-16 21:10:50.829"}
{"level":"info","message":"失败连接数: 0","metadata":{},"service":"ai-project","timestamp":"2026-09-16 21:10:50.829"}
{"level":"info","message":"已关闭连接数: 0","metadata":{},"service":"ai-project","timestamp":"2026-09-16 21:10:50.829"}
{"level":"info","message":"================================================================================","metadata":{},"service":"ai-project","timestamp":"2026-09-16 21:10:50.829"}
{"level":"info","message":"================================================================================","metadata":{},"service":"ai-project","timestamp":"2026-09-16 21:11:50.837"}
{"level":"info","message":"性能监控指标","metadata":{},"service":"ai-project","timestamp":"2026-09-16 21:11:50.838"}
{"level":"info","message":"================================================================================","metadata":{},"service":"ai-project","timestamp":"2026-09-16 21:11:50.838"}
{"level":"info","message":"服务器运行时间: 360 秒","metadata":{},"service":"ai-project","timestamp":"2026-09-16 21:11:50.839"}
{"level":"info","message":"总请求数: 61","metadata":{},"service":"ai-project","timestamp":"2026-09-16 21:11:50.839"}
{"level":"info","message":"成功请求数: 61","metadata":{},"service":"ai-project","timestamp":"2026-09-16 21:11:50.839"}
{"level":"info","message":"失败请求数: 0","metadata":{},"service":"ai-project","timestamp":"2026-09-16 21:11:50.839"}
{"level":"info","message":"请求成功率: 100.00%","metadata":{},"service":"ai-project","timestamp":"2026-09-16 21:11:50.840"}
{"level":"info","message":"平均响应时间: 38.03 ms","metadata":{},"service":"ai-project","timestamp":"2026-09-16 21:11:50.840"}
{"level":"info","message":"总接收数据: 33.62 KB","metadata":{},"service":"ai-project","timestamp":"2026-09-16 21:11:50.840"}
{"level":"info","message":"总发送数据: 2.26 KB","metadata":{},"service":"ai-project","timestamp":"2026-09-16 21:11:50.841"}
{"level":"info","message":"当前连接数: 1","metadata":{},"service":"ai-project","timestamp":"2026-09-16 21:11:50.841"}
{"level":"info","message":"连接池使用率: 0.10%","metadata":{},"service":"ai-project","timestamp":"2026-09-16 21:11:50.841"}
{"level":"info","message":"连接池峰值: 1","metadata":{},"service":"ai-project","timestamp":"2026-09-16 21:11:50.841"}
{"level":"info","message":"总连接数: 1","metadata":{},"service":"ai-project","timestamp":"2026-09-16 21:11:50.842"}
{"level":"info","message":"失败连接数: 0","metadata":{},"service":"ai-project","timestamp":"2026-09-16 21:11:50.842"}
{"level":"info","message":"已关闭连接数: 0","metadata":{},"service":"ai-project","timestamp":"2026-09-16 21:11:50.842"}
{"level":"info","message":"================================================================================","metadata":{},"service":"ai-project","timestamp":"2026-09-16 21:11:50.843"}
{"level":"info","message":"数据库连接创建:","metadata":{"threadId":63},"service":"ai-project","timestamp":"2026-09-16 21:12:46.891"}
{"level":"warn","message":"客户端 #1 心跳超时，断开连接","metadata":{"clientInfo":"172.20.10.13:49686","timeSinceLastReceived":149991},"service":"ai-project","timestamp":"2026-09-16 21:12:50.840"}
{"level":"info","message":"================================================================================","metadata":{},"service":"ai-project","timestamp":"2026-09-16 21:12:50.841"}
{"level":"info","message":"性能监控指标","metadata":{},"service":"ai-project","timestamp":"2026-09-16 21:12:50.841"}
{"level":"info","message":"================================================================================","metadata":{},"service":"ai-project","timestamp":"2026-09-16 21:12:50.841"}
{"level":"info","message":"服务器运行时间: 420 秒","metadata":{},"service":"ai-project","timestamp":"2026-09-16 21:12:50.842"}
{"level":"info","message":"总请求数: 100","metadata":{},"service":"ai-project","timestamp":"2026-09-16 21:12:50.842"}
{"level":"info","message":"成功请求数: 100","metadata":{},"service":"ai-project","timestamp":"2026-09-16 21:12:50.842"}
{"level":"info","message":"失败请求数: 0","metadata":{},"service":"ai-project","timestamp":"2026-09-16 21:12:50.842"}
{"level":"info","message":"请求成功率: 100.00%","metadata":{},"service":"ai-project","timestamp":"2026-09-16 21:12:50.842"}
{"level":"info","message":"平均响应时间: 39.13 ms","metadata":{},"service":"ai-project","timestamp":"2026-09-16 21:12:50.843"}
{"level":"info","message":"总接收数据: 55.12 KB","metadata":{},"service":"ai-project","timestamp":"2026-09-16 21:12:50.843"}
{"level":"info","message":"总发送数据: 3.71 KB","metadata":{},"service":"ai-project","timestamp":"2026-09-16 21:12:50.843"}
{"level":"info","message":"当前连接数: 1","metadata":{},"service":"ai-project","timestamp":"2026-09-16 21:12:50.843"}
{"level":"info","message":"连接池使用率: 0.10%","metadata":{},"service":"ai-project","timestamp":"2026-09-16 21:12:50.844"}
{"level":"info","message":"连接池峰值: 1","metadata":{},"service":"ai-project","timestamp":"2026-09-16 21:12:50.844"}
{"level":"info","message":"总连接数: 1","metadata":{},"service":"ai-project","timestamp":"2026-09-16 21:12:50.844"}
{"level":"info","message":"失败连接数: 0","metadata":{},"service":"ai-project","timestamp":"2026-09-16 21:12:50.844"}
{"level":"info","message":"已关闭连接数: 0","metadata":{},"service":"ai-project","timestamp":"2026-09-16 21:12:50.844"}
{"level":"info","message":"================================================================================","metadata":{},"service":"ai-project","timestamp":"2026-09-16 21:12:50.845"}
{"level":"info","message":"客户端 #1 (172.20.10.13:49686) 主动断开连接","metadata":{"currentConnections":0},"service":"ai-project","timestamp":"2026-09-16 21:12:50.873"}
{"level":"info","message":"客户端 #1 (172.20.10.13:49686) 连接正常关闭","metadata":{"currentConnections":-1},"service":"ai-project","timestamp":"2026-09-16 21:12:50.876"}
{"level":"info","message":"客户端 #2 已连接 - 172.20.10.13:48292","metadata":{"currentConnections":1,"maxConnections":1000},"service":"ai-project","timestamp":"2026-09-16 21:12:50.944"}
{"level":"info","message":"================================================================================","metadata":{},"service":"ai-project","timestamp":"2026-09-16 21:13:50.843"}
{"level":"info","message":"性能监控指标","metadata":{},"service":"ai-project","timestamp":"2026-09-16 21:13:50.844"}
{"level":"info","message":"================================================================================","metadata":{},"service":"ai-project","timestamp":"2026-09-16 21:13:50.844"}
{"level":"info","message":"服务器运行时间: 480 秒","metadata":{},"service":"ai-project","timestamp":"2026-09-16 21:13:50.845"}
{"level":"info","message":"总请求数: 139","metadata":{},"service":"ai-project","timestamp":"2026-09-16 21:13:50.845"}
{"level":"info","message":"成功请求数: 139","metadata":{},"service":"ai-project","timestamp":"2026-09-16 21:13:50.845"}
{"level":"info","message":"失败请求数: 0","metadata":{},"service":"ai-project","timestamp":"2026-09-16 21:13:50.845"}
{"level":"info","message":"请求成功率: 100.00%","metadata":{},"service":"ai-project","timestamp":"2026-09-16 21:13:50.846"}
{"level":"info","message":"平均响应时间: 38.04 ms","metadata":{},"service":"ai-project","timestamp":"2026-09-16 21:13:50.846"}
{"level":"info","message":"总接收数据: 76.61 KB","metadata":{},"service":"ai-project","timestamp":"2026-09-16 21:13:50.846"}
{"level":"info","message":"总发送数据: 5.16 KB","metadata":{},"service":"ai-project","timestamp":"2026-09-16 21:13:50.846"}
{"level":"info","message":"当前连接数: 1","metadata":{},"service":"ai-project","timestamp":"2026-09-16 21:13:50.846"}
{"level":"info","message":"连接池使用率: 0.10%","metadata":{},"service":"ai-project","timestamp":"2026-09-16 21:13:50.847"}
{"level":"info","message":"连接池峰值: 1","metadata":{},"service":"ai-project","timestamp":"2026-09-16 21:13:50.847"}
{"level":"info","message":"总连接数: 2","metadata":{},"service":"ai-project","timestamp":"2026-09-16 21:13:50.847"}
{"level":"info","message":"失败连接数: 0","metadata":{},"service":"ai-project","timestamp":"2026-09-16 21:13:50.847"}
{"level":"info","message":"已关闭连接数: 1","metadata":{},"service":"ai-project","timestamp":"2026-09-16 21:13:50.847"}
{"level":"info","message":"================================================================================","metadata":{},"service":"ai-project","timestamp":"2026-09-16 21:13:50.848"}
{"level":"info","message":"SSE 客户端连接","metadata":{"clientCount":2},"service":"ai-project","timestamp":"2026-09-16 21:14:08.929"}
{"level":"info","message":"SSE 客户端断开连接","metadata":{"clientCount":1},"service":"ai-project","timestamp":"2026-09-16 21:14:19.135"}
{"level":"info","message":"SSE 客户端断开连接","metadata":{"clientCount":0},"service":"ai-project","timestamp":"2026-09-16 21:14:19.136"}
{"level":"info","message":"SSE 客户端连接","metadata":{"clientCount":1},"service":"ai-project","timestamp":"2026-09-16 21:14:19.353"}
{"level":"info","message":"SSE 客户端断开连接","metadata":{"clientCount":0},"service":"ai-project","timestamp":"2026-09-16 21:14:21.695"}
{"level":"info","message":"SSE 客户端连接","metadata":{"clientCount":1},"service":"ai-project","timestamp":"2026-09-16 21:14:21.941"}
{"level":"info","message":"================================================================================","metadata":{},"service":"ai-project","timestamp":"2026-09-16 21:14:50.847"}
{"level":"info","message":"性能监控指标","metadata":{},"service":"ai-project","timestamp":"2026-09-16 21:14:50.848"}
{"level":"info","message":"================================================================================","metadata":{},"service":"ai-project","timestamp":"2026-09-16 21:14:50.848"}
{"level":"info","message":"服务器运行时间: 540 秒","metadata":{},"service":"ai-project","timestamp":"2026-09-16 21:14:50.848"}
{"level":"info","message":"总请求数: 179","metadata":{},"service":"ai-project","timestamp":"2026-09-16 21:14:50.848"}
{"level":"info","message":"成功请求数: 179","metadata":{},"service":"ai-project","timestamp":"2026-09-16 21:14:50.848"}
{"level":"info","message":"失败请求数: 0","metadata":{},"service":"ai-project","timestamp":"2026-09-16 21:14:50.849"}
{"level":"info","message":"请求成功率: 100.00%","metadata":{},"service":"ai-project","timestamp":"2026-09-16 21:14:50.849"}
{"level":"info","message":"平均响应时间: 33.06 ms","metadata":{},"service":"ai-project","timestamp":"2026-09-16 21:14:50.849"}
{"level":"info","message":"总接收数据: 98.66 KB","metadata":{},"service":"ai-project","timestamp":"2026-09-16 21:14:50.850"}
{"level":"info","message":"总发送数据: 6.64 KB","metadata":{},"service":"ai-project","timestamp":"2026-09-16 21:14:50.850"}
{"level":"info","message":"当前连接数: 1","metadata":{},"service":"ai-project","timestamp":"2026-09-16 21:14:50.850"}
{"level":"info","message":"连接池使用率: 0.10%","metadata":{},"service":"ai-project","timestamp":"2026-09-16 21:14:50.850"}
{"level":"info","message":"连接池峰值: 1","metadata":{},"service":"ai-project","timestamp":"2026-09-16 21:14:50.851"}
{"level":"info","message":"总连接数: 2","metadata":{},"service":"ai-project","timestamp":"2026-09-16 21:14:50.851"}
{"level":"info","message":"失败连接数: 0","metadata":{},"service":"ai-project","timestamp":"2026-09-16 21:14:50.851"}
{"level":"info","message":"已关闭连接数: 1","metadata":{},"service":"ai-project","timestamp":"2026-09-16 21:14:50.851"}
{"level":"info","message":"================================================================================","metadata":{},"service":"ai-project","timestamp":"2026-09-16 21:14:50.851"}
{"level":"info","message":"SSE 客户端连接","metadata":{"clientCount":2},"service":"ai-project","timestamp":"2026-09-16 21:15:29.212"}
{"level":"info","message":"SSE 客户端断开连接","metadata":{"clientCount":1},"service":"ai-project","timestamp":"2026-09-16 21:15:34.739"}
{"level":"info","message":"SSE 客户端断开连接","metadata":{"clientCount":0},"service":"ai-project","timestamp":"2026-09-16 21:15:34.740"}
{"level":"info","message":"SSE 客户端连接","metadata":{"clientCount":1},"service":"ai-project","timestamp":"2026-09-16 21:15:35.367"}
{"level":"info","message":"SSE 客户端断开连接","metadata":{"clientCount":0},"service":"ai-project","timestamp":"2026-09-16 21:15:45.666"}
{"level":"info","message":"SSE 客户端连接","metadata":{"clientCount":1},"service":"ai-project","timestamp":"2026-09-16 21:15:45.912"}
{"level":"warn","message":"客户端 #2 心跳超时，断开连接","metadata":{"clientInfo":"172.20.10.13:48292","timeSinceLastReceived":149965},"service":"ai-project","timestamp":"2026-09-16 21:15:50.853"}
{"level":"info","message":"================================================================================","metadata":{},"service":"ai-project","timestamp":"2026-09-16 21:15:50.854"}
{"level":"info","message":"性能监控指标","metadata":{},"service":"ai-project","timestamp":"2026-09-16 21:15:50.855"}
{"level":"info","message":"================================================================================","metadata":{},"service":"ai-project","timestamp":"2026-09-16 21:15:50.855"}
{"level":"info","message":"服务器运行时间: 600 秒","metadata":{},"service":"ai-project","timestamp":"2026-09-16 21:15:50.856"}
{"level":"info","message":"总请求数: 219","metadata":{},"service":"ai-project","timestamp":"2026-09-16 21:15:50.856"}
{"level":"info","message":"成功请求数: 219","metadata":{},"service":"ai-project","timestamp":"2026-09-16 21:15:50.856"}
{"level":"info","message":"失败请求数: 0","metadata":{},"service":"ai-project","timestamp":"2026-09-16 21:15:50.856"}
{"level":"info","message":"请求成功率: 100.00%","metadata":{},"service":"ai-project","timestamp":"2026-09-16 21:15:50.857"}
{"level":"info","message":"平均响应时间: 31.56 ms","metadata":{},"service":"ai-project","timestamp":"2026-09-16 21:15:50.857"}
{"level":"info","message":"总接收数据: 120.71 KB","metadata":{},"service":"ai-project","timestamp":"2026-09-16 21:15:50.857"}
{"level":"info","message":"总发送数据: 8.13 KB","metadata":{},"service":"ai-project","timestamp":"2026-09-16 21:15:50.857"}
{"level":"info","message":"当前连接数: 1","metadata":{},"service":"ai-project","timestamp":"2026-09-16 21:15:50.857"}
{"level":"info","message":"连接池使用率: 0.10%","metadata":{},"service":"ai-project","timestamp":"2026-09-16 21:15:50.858"}
{"level":"info","message":"连接池峰值: 1","metadata":{},"service":"ai-project","timestamp":"2026-09-16 21:15:50.858"}
{"level":"info","message":"总连接数: 2","metadata":{},"service":"ai-project","timestamp":"2026-09-16 21:15:50.858"}
{"level":"info","message":"失败连接数: 0","metadata":{},"service":"ai-project","timestamp":"2026-09-16 21:15:50.859"}
{"level":"info","message":"已关闭连接数: 1","metadata":{},"service":"ai-project","timestamp":"2026-09-16 21:15:50.859"}
{"level":"info","message":"================================================================================","metadata":{},"service":"ai-project","timestamp":"2026-09-16 21:15:50.859"}
{"level":"error","message":"客户端 #2 (172.20.10.13:48292) 连接错误","metadata":{"errorCode":"ERR_STREAM_WRITE_AFTER_END","errorMessage":"write after end"},"service":"ai-project","timestamp":"2026-09-16 21:15:50.903"}
{"level":"info","message":"当前连接数: 0","metadata":{"clientId":2,"clientInfo":"172.20.10.13:48292"},"service":"ai-project","timestamp":"2026-09-16 21:15:50.903"}
{"level":"warn","message":"客户端 #2 (172.20.10.13:48292) 连接异常关闭","metadata":{"currentConnections":-1},"service":"ai-project","timestamp":"2026-09-16 21:15:50.905"}
{"level":"info","message":"客户端 #3 已连接 - 172.20.10.13:5042","metadata":{"currentConnections":1,"maxConnections":1000},"service":"ai-project","timestamp":"2026-09-16 21:15:50.994"}
{"level":"info","message":"================================================================================","metadata":{},"service":"ai-project","timestamp":"2026-09-16 21:16:50.864"}
{"level":"info","message":"性能监控指标","metadata":{},"service":"ai-project","timestamp":"2026-09-16 21:16:50.865"}
{"level":"info","message":"================================================================================","metadata":{},"service":"ai-project","timestamp":"2026-09-16 21:16:50.865"}
{"level":"info","message":"服务器运行时间: 660 秒","metadata":{},"service":"ai-project","timestamp":"2026-09-16 21:16:50.866"}
{"level":"info","message":"总请求数: 259","metadata":{},"service":"ai-project","timestamp":"2026-09-16 21:16:50.866"}
{"level":"info","message":"成功请求数: 259","metadata":{},"service":"ai-project","timestamp":"2026-09-16 21:16:50.866"}
{"level":"info","message":"失败请求数: 0","metadata":{},"service":"ai-project","timestamp":"2026-09-16 21:16:50.866"}
{"level":"info","message":"请求成功率: 100.00%","metadata":{},"service":"ai-project","timestamp":"2026-09-16 21:16:50.867"}
{"level":"info","message":"平均响应时间: 33.42 ms","metadata":{},"service":"ai-project","timestamp":"2026-09-16 21:16:50.867"}
{"level":"info","message":"总接收数据: 142.75 KB","metadata":{},"service":"ai-project","timestamp":"2026-09-16 21:16:50.867"}
{"level":"info","message":"总发送数据: 9.61 KB","metadata":{},"service":"ai-project","timestamp":"2026-09-16 21:16:50.867"}
{"level":"info","message":"当前连接数: 1","metadata":{},"service":"ai-project","timestamp":"2026-09-16 21:16:50.867"}
{"level":"info","message":"连接池使用率: 0.10%","metadata":{},"service":"ai-project","timestamp":"2026-09-16 21:16:50.868"}
{"level":"info","message":"连接池峰值: 1","metadata":{},"service":"ai-project","timestamp":"2026-09-16 21:16:50.868"}
{"level":"info","message":"总连接数: 3","metadata":{},"service":"ai-project","timestamp":"2026-09-16 21:16:50.868"}
{"level":"info","message":"失败连接数: 0","metadata":{},"service":"ai-project","timestamp":"2026-09-16 21:16:50.868"}
{"level":"info","message":"已关闭连接数: 2","metadata":{},"service":"ai-project","timestamp":"2026-09-16 21:16:50.868"}
{"level":"info","message":"================================================================================","metadata":{},"service":"ai-project","timestamp":"2026-09-16 21:16:50.868"}
{"level":"info","message":"================================================================================","metadata":{},"service":"ai-project","timestamp":"2026-09-16 21:17:50.876"}
{"level":"info","message":"性能监控指标","metadata":{},"service":"ai-project","timestamp":"2026-09-16 21:17:50.877"}
{"level":"info","message":"================================================================================","metadata":{},"service":"ai-project","timestamp":"2026-09-16 21:17:50.878"}
{"level":"info","message":"服务器运行时间: 720 秒","metadata":{},"service":"ai-project","timestamp":"2026-09-16 21:17:50.878"}
{"level":"info","message":"总请求数: 286","metadata":{},"service":"ai-project","timestamp":"2026-09-16 21:17:50.878"}
{"level":"info","message":"成功请求数: 286","metadata":{},"service":"ai-project","timestamp":"2026-09-16 21:17:50.878"}
{"level":"info","message":"失败请求数: 0","metadata":{},"service":"ai-project","timestamp":"2026-09-16 21:17:50.878"}
{"level":"info","message":"请求成功率: 100.00%","metadata":{},"service":"ai-project","timestamp":"2026-09-16 21:17:50.879"}
{"level":"info","message":"平均响应时间: 34.53 ms","metadata":{},"service":"ai-project","timestamp":"2026-09-16 21:17:50.880"}
{"level":"info","message":"总接收数据: 157.64 KB","metadata":{},"service":"ai-project","timestamp":"2026-09-16 21:17:50.880"}
{"level":"info","message":"总发送数据: 10.61 KB","metadata":{},"service":"ai-project","timestamp":"2026-09-16 21:17:50.881"}
{"level":"info","message":"当前连接数: 1","metadata":{},"service":"ai-project","timestamp":"2026-09-16 21:17:50.881"}
{"level":"info","message":"连接池使用率: 0.10%","metadata":{},"service":"ai-project","timestamp":"2026-09-16 21:17:50.881"}
{"level":"info","message":"连接池峰值: 1","metadata":{},"service":"ai-project","timestamp":"2026-09-16 21:17:50.882"}
{"level":"info","message":"总连接数: 3","metadata":{},"service":"ai-project","timestamp":"2026-09-16 21:17:50.882"}
{"level":"info","message":"失败连接数: 0","metadata":{},"service":"ai-project","timestamp":"2026-09-16 21:17:50.882"}
{"level":"info","message":"已关闭连接数: 2","metadata":{},"service":"ai-project","timestamp":"2026-09-16 21:17:50.882"}
{"level":"info","message":"================================================================================","metadata":{},"service":"ai-project","timestamp":"2026-09-16 21:17:50.883"}
{"level":"info","message":"客户端 #4 已连接 - 172.20.10.13:28131","metadata":{"currentConnections":2,"maxConnections":1000},"service":"ai-project","timestamp":"2026-09-16 21:18:13.535"}
{"level":"error","message":"客户端 #3 (172.20.10.13:5042) 连接错误","metadata":{"errorCode":"ECONNRESET","errorMessage":"read ECONNRESET"},"service":"ai-project","timestamp":"2026-09-16 21:18:13.632"}
{"level":"info","message":"连接被客户端重置","metadata":{"clientId":3,"clientInfo":"172.20.10.13:5042"},"service":"ai-project","timestamp":"2026-09-16 21:18:13.633"}
{"level":"info","message":"当前连接数: 1","metadata":{"clientId":3,"clientInfo":"172.20.10.13:5042"},"service":"ai-project","timestamp":"2026-09-16 21:18:13.633"}
{"level":"warn","message":"客户端 #3 (172.20.10.13:5042) 连接异常关闭","metadata":{"currentConnections":0},"service":"ai-project","timestamp":"2026-09-16 21:18:13.634"}
{"level":"info","message":"================================================================================","metadata":{},"service":"ai-project","timestamp":"2026-09-16 21:18:50.883"}
{"level":"info","message":"性能监控指标","metadata":{},"service":"ai-project","timestamp":"2026-09-16 21:18:50.884"}
{"level":"info","message":"================================================================================","metadata":{},"service":"ai-project","timestamp":"2026-09-16 21:18:50.884"}
{"level":"info","message":"服务器运行时间: 780 秒","metadata":{},"service":"ai-project","timestamp":"2026-09-16 21:18:50.885"}
{"level":"info","message":"总请求数: 308","metadata":{},"service":"ai-project","timestamp":"2026-09-16 21:18:50.885"}
{"level":"info","message":"成功请求数: 308","metadata":{},"service":"ai-project","timestamp":"2026-09-16 21:18:50.885"}
{"level":"info","message":"失败请求数: 0","metadata":{},"service":"ai-project","timestamp":"2026-09-16 21:18:50.885"}
{"level":"info","message":"请求成功率: 100.00%","metadata":{},"service":"ai-project","timestamp":"2026-09-16 21:18:50.885"}
{"level":"info","message":"平均响应时间: 35.04 ms","metadata":{},"service":"ai-project","timestamp":"2026-09-16 21:18:50.885"}
{"level":"info","message":"总接收数据: 169.77 KB","metadata":{},"service":"ai-project","timestamp":"2026-09-16 21:18:50.886"}
{"level":"info","message":"总发送数据: 11.43 KB","metadata":{},"service":"ai-project","timestamp":"2026-09-16 21:18:50.886"}
{"level":"info","message":"当前连接数: 1","metadata":{},"service":"ai-project","timestamp":"2026-09-16 21:18:50.886"}
{"level":"info","message":"连接池使用率: 0.10%","metadata":{},"service":"ai-project","timestamp":"2026-09-16 21:18:50.886"}
{"level":"info","message":"连接池峰值: 2","metadata":{},"service":"ai-project","timestamp":"2026-09-16 21:18:50.886"}
{"level":"info","message":"总连接数: 4","metadata":{},"service":"ai-project","timestamp":"2026-09-16 21:18:50.886"}
{"level":"info","message":"失败连接数: 0","metadata":{},"service":"ai-project","timestamp":"2026-09-16 21:18:50.887"}
{"level":"info","message":"已关闭连接数: 3","metadata":{},"service":"ai-project","timestamp":"2026-09-16 21:18:50.887"}
{"level":"info","message":"================================================================================","metadata":{},"service":"ai-project","timestamp":"2026-09-16 21:18:50.887"}
{"level":"info","message":"SSE 客户端断开连接","metadata":{"clientCount":0},"service":"ai-project","timestamp":"2026-09-16 21:19:10.279"}
{"level":"error","message":"客户端 #4 (172.20.10.13:28131) 连接错误","metadata":{"errorCode":"ECONNRESET","errorMessage":"read ECONNRESET"},"service":"ai-project","timestamp":"2026-09-16 21:19:40.210"}
{"level":"info","message":"连接被客户端重置","metadata":{"clientId":4,"clientInfo":"172.20.10.13:28131"},"service":"ai-project","timestamp":"2026-09-16 21:19:40.210"}
{"level":"info","message":"当前连接数: 0","metadata":{"clientId":4,"clientInfo":"172.20.10.13:28131"},"service":"ai-project","timestamp":"2026-09-16 21:19:40.211"}
{"level":"warn","message":"客户端 #4 (172.20.10.13:28131) 连接异常关闭","metadata":{"currentConnections":-1},"service":"ai-project","timestamp":"2026-09-16 21:19:40.211"}
{"level":"info","message":"================================================================================","metadata":{},"service":"ai-project","timestamp":"2026-09-16 21:19:50.887"}
{"level":"info","message":"性能监控指标","metadata":{},"service":"ai-project","timestamp":"2026-09-16 21:19:50.888"}
{"level":"info","message":"================================================================================","metadata":{},"service":"ai-project","timestamp":"2026-09-16 21:19:50.888"}
{"level":"info","message":"服务器运行时间: 840 秒","metadata":{},"service":"ai-project","timestamp":"2026-09-16 21:19:50.888"}
{"level":"info","message":"总请求数: 311","metadata":{},"service":"ai-project","timestamp":"2026-09-16 21:19:50.888"}
{"level":"info","message":"成功请求数: 311","metadata":{},"service":"ai-project","timestamp":"2026-09-16 21:19:50.889"}
{"level":"info","message":"失败请求数: 0","metadata":{},"service":"ai-project","timestamp":"2026-09-16 21:19:50.889"}
{"level":"info","message":"请求成功率: 100.00%","metadata":{},"service":"ai-project","timestamp":"2026-09-16 21:19:50.889"}
{"level":"info","message":"平均响应时间: 35.02 ms","metadata":{},"service":"ai-project","timestamp":"2026-09-16 21:19:50.890"}
{"level":"info","message":"总接收数据: 171.42 KB","metadata":{},"service":"ai-project","timestamp":"2026-09-16 21:19:50.890"}
{"level":"info","message":"总发送数据: 11.54 KB","metadata":{},"service":"ai-project","timestamp":"2026-09-16 21:19:50.890"}
{"level":"info","message":"当前连接数: 0","metadata":{},"service":"ai-project","timestamp":"2026-09-16 21:19:50.890"}
{"level":"info","message":"连接池使用率: 0.00%","metadata":{},"service":"ai-project","timestamp":"2026-09-16 21:19:50.891"}
{"level":"info","message":"连接池峰值: 2","metadata":{},"service":"ai-project","timestamp":"2026-09-16 21:19:50.891"}
{"level":"info","message":"总连接数: 4","metadata":{},"service":"ai-project","timestamp":"2026-09-16 21:19:50.891"}
{"level":"info","message":"失败连接数: 0","metadata":{},"service":"ai-project","timestamp":"2026-09-16 21:19:50.891"}
{"level":"info","message":"已关闭连接数: 4","metadata":{},"service":"ai-project","timestamp":"2026-09-16 21:19:50.891"}
{"level":"info","message":"================================================================================","metadata":{},"service":"ai-project","timestamp":"2026-09-16 21:19:50.892"}
{"level":"info","message":"================================================================================","metadata":{},"service":"ai-project","timestamp":"2026-09-16 21:20:50.890"}
{"level":"info","message":"性能监控指标","metadata":{},"service":"ai-project","timestamp":"2026-09-16 21:20:50.890"}
{"level":"info","message":"================================================================================","metadata":{},"service":"ai-project","timestamp":"2026-09-16 21:20:50.891"}
{"level":"info","message":"服务器运行时间: 900 秒","metadata":{},"service":"ai-project","timestamp":"2026-09-16 21:20:50.891"}
{"level":"info","message":"总请求数: 311","metadata":{},"service":"ai-project","timestamp":"2026-09-16 21:20:50.891"}
{"level":"info","message":"成功请求数: 311","metadata":{},"service":"ai-project","timestamp":"2026-09-16 21:20:50.891"}
{"level":"info","message":"失败请求数: 0","metadata":{},"service":"ai-project","timestamp":"2026-09-16 21:20:50.891"}
{"level":"info","message":"请求成功率: 100.00%","metadata":{},"service":"ai-project","timestamp":"2026-09-16 21:20:50.892"}
{"level":"info","message":"平均响应时间: 35.02 ms","metadata":{},"service":"ai-project","timestamp":"2026-09-16 21:20:50.892"}
{"level":"info","message":"总接收数据: 171.42 KB","metadata":{},"service":"ai-project","timestamp":"2026-09-16 21:20:50.892"}
{"level":"info","message":"总发送数据: 11.54 KB","metadata":{},"service":"ai-project","timestamp":"2026-09-16 21:20:50.892"}
{"level":"info","message":"当前连接数: 0","metadata":{},"service":"ai-project","timestamp":"2026-09-16 21:20:50.892"}
{"level":"info","message":"连接池使用率: 0.00%","metadata":{},"service":"ai-project","timestamp":"2026-09-16 21:20:50.892"}
{"level":"info","message":"连接池峰值: 2","metadata":{},"service":"ai-project","timestamp":"2026-09-16 21:20:50.893"}
{"level":"info","message":"总连接数: 4","metadata":{},"service":"ai-project","timestamp":"2026-09-16 21:20:50.893"}
{"level":"info","message":"失败连接数: 0","metadata":{},"service":"ai-project","timestamp":"2026-09-16 21:20:50.893"}
{"level":"info","message":"已关闭连接数: 4","metadata":{},"service":"ai-project","timestamp":"2026-09-16 21:20:50.893"}
{"level":"info","message":"================================================================================","metadata":{},"service":"ai-project","timestamp":"2026-09-16 21:20:50.893"}
{"level":"info","message":"收到退出信号，正在关闭服务器...","metadata":{"activeConnections":0,"totalConnections":4},"service":"ai-project","timestamp":"2026-09-16 21:21:20.748"}
{"level":"info","message":"正在关闭连接...","metadata":{},"service":"ai-project","timestamp":"2026-09-16 21:21:20.748"}
{"level":"info","message":"数据库连接创建:","metadata":{"threadId":64},"service":"ai-project","timestamp":"2026-09-16 21:21:25.675"}
{"level":"info","message":"数据库连接成功","metadata":{},"service":"ai-project","timestamp":"2026-09-16 21:21:25.688"}
{"level":"info","message":"============================================================","metadata":{},"service":"ai-project","timestamp":"2026-09-16 21:21:26.130"}
{"level":"info","message":"热成像传感器数据服务器已成功启动","metadata":{},"service":"ai-project","timestamp":"2026-09-16 21:21:26.135"}
{"level":"info","message":"监听地址: 0.0.0.0:8888","metadata":{},"service":"ai-project","timestamp":"2026-09-16 21:21:26.136"}
{"level":"info","message":"等待客户端连接...","metadata":{},"service":"ai-project","timestamp":"2026-09-16 21:21:26.137"}
{"level":"info","message":"============================================================","metadata":{},"service":"ai-project","timestamp":"2026-09-16 21:21:26.137"}
{"level":"info","message":"心跳机制已启动，间隔: 30000ms, 超时: 90000ms","metadata":{},"service":"ai-project","timestamp":"2026-09-16 21:21:26.138"}
{"level":"info","message":"性能监控已启动，间隔: 60000ms","metadata":{},"service":"ai-project","timestamp":"2026-09-16 21:21:26.138"}
{"level":"info","message":"客户端 #1 已连接 - 172.20.10.13:3378","metadata":{"currentConnections":1,"maxConnections":1000},"service":"ai-project","timestamp":"2026-09-16 21:21:55.673"}
{"level":"info","message":"================================================================================","metadata":{},"service":"ai-project","timestamp":"2026-09-16 21:22:26.153"}
{"level":"info","message":"性能监控指标","metadata":{},"service":"ai-project","timestamp":"2026-09-16 21:22:26.154"}
{"level":"info","message":"================================================================================","metadata":{},"service":"ai-project","timestamp":"2026-09-16 21:22:26.154"}
{"level":"info","message":"服务器运行时间: 60 秒","metadata":{},"service":"ai-project","timestamp":"2026-09-16 21:22:26.154"}
{"level":"info","message":"总请求数: 17","metadata":{},"service":"ai-project","timestamp":"2026-09-16 21:22:26.155"}
{"level":"info","message":"成功请求数: 17","metadata":{},"service":"ai-project","timestamp":"2026-09-16 21:22:26.155"}
{"level":"info","message":"失败请求数: 0","metadata":{},"service":"ai-project","timestamp":"2026-09-16 21:22:26.155"}
{"level":"info","message":"请求成功率: 100.00%","metadata":{},"service":"ai-project","timestamp":"2026-09-16 21:22:26.155"}
{"level":"info","message":"平均响应时间: 34.71 ms","metadata":{},"service":"ai-project","timestamp":"2026-09-16 21:22:26.156"}
{"level":"info","message":"总接收数据: 9.31 KB","metadata":{},"service":"ai-project","timestamp":"2026-09-16 21:22:26.156"}
{"level":"info","message":"总发送数据: 0.63 KB","metadata":{},"service":"ai-project","timestamp":"2026-09-16 21:22:26.157"}
{"level":"info","message":"当前连接数: 1","metadata":{},"service":"ai-project","timestamp":"2026-09-16 21:22:26.157"}
{"level":"info","message":"连接池使用率: 0.10%","metadata":{},"service":"ai-project","timestamp":"2026-09-16 21:22:26.157"}
{"level":"info","message":"连接池峰值: 1","metadata":{},"service":"ai-project","timestamp":"2026-09-16 21:22:26.157"}
{"level":"info","message":"总连接数: 1","metadata":{},"service":"ai-project","timestamp":"2026-09-16 21:22:26.158"}
{"level":"info","message":"失败连接数: 0","metadata":{},"service":"ai-project","timestamp":"2026-09-16 21:22:26.159"}
{"level":"info","message":"已关闭连接数: 0","metadata":{},"service":"ai-project","timestamp":"2026-09-16 21:22:26.160"}
{"level":"info","message":"================================================================================","metadata":{},"service":"ai-project","timestamp":"2026-09-16 21:22:26.160"}
{"level":"warn","message":"客户端 #1 心跳超时，断开连接","metadata":{"clientInfo":"172.20.10.13:3378","timeSinceLastReceived":90022},"service":"ai-project","timestamp":"2026-09-16 21:23:26.162"}
{"level":"info","message":"================================================================================","metadata":{},"service":"ai-project","timestamp":"2026-09-16 21:23:26.164"}
{"level":"info","message":"性能监控指标","metadata":{},"service":"ai-project","timestamp":"2026-09-16 21:23:26.164"}
{"level":"info","message":"================================================================================","metadata":{},"service":"ai-project","timestamp":"2026-09-16 21:23:26.165"}
{"level":"info","message":"服务器运行时间: 120 秒","metadata":{},"service":"ai-project","timestamp":"2026-09-16 21:23:26.165"}
{"level":"info","message":"总请求数: 44","metadata":{},"service":"ai-project","timestamp":"2026-09-16 21:23:26.166"}
{"level":"info","message":"成功请求数: 44","metadata":{},"service":"ai-project","timestamp":"2026-09-16 21:23:26.167"}
{"level":"info","message":"失败请求数: 0","metadata":{},"service":"ai-project","timestamp":"2026-09-16 21:23:26.168"}
{"level":"info","message":"请求成功率: 100.00%","metadata":{},"service":"ai-project","timestamp":"2026-09-16 21:23:26.168"}
{"level":"info","message":"平均响应时间: 35.07 ms","metadata":{},"service":"ai-project","timestamp":"2026-09-16 21:23:26.169"}
{"level":"info","message":"总接收数据: 24.18 KB","metadata":{},"service":"ai-project","timestamp":"2026-09-16 21:23:26.171"}
{"level":"info","message":"总发送数据: 1.63 KB","metadata":{},"service":"ai-project","timestamp":"2026-09-16 21:23:26.172"}
{"level":"info","message":"当前连接数: 1","metadata":{},"service":"ai-project","timestamp":"2026-09-16 21:23:26.173"}
{"level":"info","message":"连接池使用率: 0.10%","metadata":{},"service":"ai-project","timestamp":"2026-09-16 21:23:26.175"}
{"level":"info","message":"连接池峰值: 1","metadata":{},"service":"ai-project","timestamp":"2026-09-16 21:23:26.176"}
{"level":"info","message":"总连接数: 1","metadata":{},"service":"ai-project","timestamp":"2026-09-16 21:23:26.177"}
{"level":"info","message":"失败连接数: 0","metadata":{},"service":"ai-project","timestamp":"2026-09-16 21:23:26.178"}
{"level":"info","message":"已关闭连接数: 0","metadata":{},"service":"ai-project","timestamp":"2026-09-16 21:23:26.179"}
{"level":"info","message":"================================================================================","metadata":{},"service":"ai-project","timestamp":"2026-09-16 21:23:26.179"}
{"level":"error","message":"客户端 #1 (172.20.10.13:3378) 连接错误","metadata":{"errorCode":"ERR_STREAM_WRITE_AFTER_END","errorMessage":"write after end"},"service":"ai-project","timestamp":"2026-09-16 21:23:26.184"}
{"level":"info","message":"当前连接数: 0","metadata":{"clientId":1,"clientInfo":"172.20.10.13:3378"},"service":"ai-project","timestamp":"2026-09-16 21:23:26.186"}
{"level":"warn","message":"客户端 #1 (172.20.10.13:3378) 连接异常关闭","metadata":{"currentConnections":-1},"service":"ai-project","timestamp":"2026-09-16 21:23:26.189"}
{"level":"info","message":"================================================================================","metadata":{},"service":"ai-project","timestamp":"2026-09-16 21:24:26.171"}
{"level":"info","message":"性能监控指标","metadata":{},"service":"ai-project","timestamp":"2026-09-16 21:24:26.171"}
{"level":"info","message":"================================================================================","metadata":{},"service":"ai-project","timestamp":"2026-09-16 21:24:26.172"}
{"level":"info","message":"服务器运行时间: 180 秒","metadata":{},"service":"ai-project","timestamp":"2026-09-16 21:24:26.172"}
{"level":"info","message":"总请求数: 44","metadata":{},"service":"ai-project","timestamp":"2026-09-16 21:24:26.172"}
{"level":"info","message":"成功请求数: 44","metadata":{},"service":"ai-project","timestamp":"2026-09-16 21:24:26.172"}
{"level":"info","message":"失败请求数: 0","metadata":{},"service":"ai-project","timestamp":"2026-09-16 21:24:26.173"}
{"level":"info","message":"请求成功率: 100.00%","metadata":{},"service":"ai-project","timestamp":"2026-09-16 21:24:26.173"}
{"level":"info","message":"平均响应时间: 35.07 ms","metadata":{},"service":"ai-project","timestamp":"2026-09-16 21:24:26.173"}
{"level":"info","message":"总接收数据: 24.18 KB","metadata":{},"service":"ai-project","timestamp":"2026-09-16 21:24:26.173"}
{"level":"info","message":"总发送数据: 1.63 KB","metadata":{},"service":"ai-project","timestamp":"2026-09-16 21:24:26.173"}
{"level":"info","message":"当前连接数: 0","metadata":{},"service":"ai-project","timestamp":"2026-09-16 21:24:26.174"}
{"level":"info","message":"连接池使用率: 0.00%","metadata":{},"service":"ai-project","timestamp":"2026-09-16 21:24:26.174"}
{"level":"info","message":"连接池峰值: 1","metadata":{},"service":"ai-project","timestamp":"2026-09-16 21:24:26.175"}
{"level":"info","message":"总连接数: 1","metadata":{},"service":"ai-project","timestamp":"2026-09-16 21:24:26.175"}
{"level":"info","message":"失败连接数: 0","metadata":{},"service":"ai-project","timestamp":"2026-09-16 21:24:26.176"}
{"level":"info","message":"已关闭连接数: 1","metadata":{},"service":"ai-project","timestamp":"2026-09-16 21:24:26.176"}
{"level":"info","message":"================================================================================","metadata":{},"service":"ai-project","timestamp":"2026-09-16 21:24:26.176"}
{"level":"info","message":"客户端 #2 已连接 - 172.20.10.14:22375","metadata":{"currentConnections":1,"maxConnections":1000},"service":"ai-project","timestamp":"2026-09-16 21:25:03.167"}
{"level":"info","message":"================================================================================","metadata":{},"service":"ai-project","timestamp":"2026-09-16 21:25:26.178"}
{"level":"info","message":"性能监控指标","metadata":{},"service":"ai-project","timestamp":"2026-09-16 21:25:26.179"}
{"level":"info","message":"================================================================================","metadata":{},"service":"ai-project","timestamp":"2026-09-16 21:25:26.179"}
{"level":"info","message":"服务器运行时间: 240 秒","metadata":{},"service":"ai-project","timestamp":"2026-09-16 21:25:26.180"}
{"level":"info","message":"总请求数: 56","metadata":{},"service":"ai-project","timestamp":"2026-09-16 21:25:26.180"}
{"level":"info","message":"成功请求数: 56","metadata":{},"service":"ai-project","timestamp":"2026-09-16 21:25:26.180"}
{"level":"info","message":"失败请求数: 0","metadata":{},"service":"ai-project","timestamp":"2026-09-16 21:25:26.180"}
{"level":"info","message":"请求成功率: 100.00%","metadata":{},"service":"ai-project","timestamp":"2026-09-16 21:25:26.180"}
{"level":"info","message":"平均响应时间: 35.30 ms","metadata":{},"service":"ai-project","timestamp":"2026-09-16 21:25:26.181"}
{"level":"info","message":"总接收数据: 30.79 KB","metadata":{},"service":"ai-project","timestamp":"2026-09-16 21:25:26.181"}
{"level":"info","message":"总发送数据: 2.08 KB","metadata":{},"service":"ai-project","timestamp":"2026-09-16 21:25:26.181"}
{"level":"info","message":"当前连接数: 1","metadata":{},"service":"ai-project","timestamp":"2026-09-16 21:25:26.181"}
{"level":"info","message":"连接池使用率: 0.10%","metadata":{},"service":"ai-project","timestamp":"2026-09-16 21:25:26.181"}
{"level":"info","message":"连接池峰值: 1","metadata":{},"service":"ai-project","timestamp":"2026-09-16 21:25:26.182"}
{"level":"info","message":"总连接数: 2","metadata":{},"service":"ai-project","timestamp":"2026-09-16 21:25:26.182"}
{"level":"info","message":"失败连接数: 0","metadata":{},"service":"ai-project","timestamp":"2026-09-16 21:25:26.182"}
{"level":"info","message":"已关闭连接数: 1","metadata":{},"service":"ai-project","timestamp":"2026-09-16 21:25:26.182"}
{"level":"info","message":"================================================================================","metadata":{},"service":"ai-project","timestamp":"2026-09-16 21:25:26.183"}
{"level":"info","message":"SSE 客户端连接","metadata":{"clientCount":1},"service":"ai-project","timestamp":"2026-09-16 21:26:11.169"}
{"level":"info","message":"数据库连接创建:","metadata":{"threadId":66},"service":"ai-project","timestamp":"2026-09-16 21:26:11.557"}
{"level":"info","message":"数据库连接创建:","metadata":{"threadId":67},"service":"ai-project","timestamp":"2026-09-16 21:26:12.878"}
{"level":"info","message":"SSE 客户端断开连接","metadata":{"clientCount":0},"service":"ai-project","timestamp":"2026-09-16 21:26:12.971"}
{"level":"info","message":"SSE 客户端连接","metadata":{"clientCount":1},"service":"ai-project","timestamp":"2026-09-16 21:26:14.915"}
{"level":"info","message":"================================================================================","metadata":{},"service":"ai-project","timestamp":"2026-09-16 21:26:26.186"}
{"level":"info","message":"性能监控指标","metadata":{},"service":"ai-project","timestamp":"2026-09-16 21:26:26.187"}
{"level":"info","message":"================================================================================","metadata":{},"service":"ai-project","timestamp":"2026-09-16 21:26:26.187"}
{"level":"info","message":"服务器运行时间: 300 秒","metadata":{},"service":"ai-project","timestamp":"2026-09-16 21:26:26.187"}
{"level":"info","message":"总请求数: 76","metadata":{},"service":"ai-project","timestamp":"2026-09-16 21:26:26.188"}
{"level":"info","message":"成功请求数: 76","metadata":{},"service":"ai-project","timestamp":"2026-09-16 21:26:26.188"}
{"level":"info","message":"失败请求数: 0","metadata":{},"service":"ai-project","timestamp":"2026-09-16 21:26:26.188"}
{"level":"info","message":"请求成功率: 100.00%","metadata":{},"service":"ai-project","timestamp":"2026-09-16 21:26:26.188"}
{"level":"info","message":"平均响应时间: 36.61 ms","metadata":{},"service":"ai-project","timestamp":"2026-09-16 21:26:26.188"}
{"level":"info","message":"总接收数据: 41.80 KB","metadata":{},"service":"ai-project","timestamp":"2026-09-16 21:26:26.189"}
{"level":"info","message":"总发送数据: 2.82 KB","metadata":{},"service":"ai-project","timestamp":"2026-09-16 21:26:26.189"}
{"level":"info","message":"当前连接数: 1","metadata":{},"service":"ai-project","timestamp":"2026-09-16 21:26:26.189"}
{"level":"info","message":"连接池使用率: 0.10%","metadata":{},"service":"ai-project","timestamp":"2026-09-16 21:26:26.189"}
{"level":"info","message":"连接池峰值: 1","metadata":{},"service":"ai-project","timestamp":"2026-09-16 21:26:26.189"}
{"level":"info","message":"总连接数: 2","metadata":{},"service":"ai-project","timestamp":"2026-09-16 21:26:26.190"}
{"level":"info","message":"失败连接数: 0","metadata":{},"service":"ai-project","timestamp":"2026-09-16 21:26:26.191"}
{"level":"info","message":"已关闭连接数: 1","metadata":{},"service":"ai-project","timestamp":"2026-09-16 21:26:26.191"}
{"level":"info","message":"================================================================================","metadata":{},"service":"ai-project","timestamp":"2026-09-16 21:26:26.192"}
{"level":"error","message":"客户端 #2 (172.20.10.14:22375) 连接错误","metadata":{"errorCode":"ECONNRESET","errorMessage":"read ECONNRESET"},"service":"ai-project","timestamp":"2026-09-16 21:26:26.842"}
{"level":"info","message":"连接被客户端重置","metadata":{"clientId":2,"clientInfo":"172.20.10.14:22375"},"service":"ai-project","timestamp":"2026-09-16 21:26:26.843"}
{"level":"info","message":"当前连接数: 0","metadata":{"clientId":2,"clientInfo":"172.20.10.14:22375"},"service":"ai-project","timestamp":"2026-09-16 21:26:26.843"}
{"level":"warn","message":"客户端 #2 (172.20.10.14:22375) 连接异常关闭","metadata":{"currentConnections":-1},"service":"ai-project","timestamp":"2026-09-16 21:26:26.844"}
{"level":"info","message":"================================================================================","metadata":{},"service":"ai-project","timestamp":"2026-09-16 21:27:26.197"}
{"level":"info","message":"性能监控指标","metadata":{},"service":"ai-project","timestamp":"2026-09-16 21:27:26.198"}
{"level":"info","message":"================================================================================","metadata":{},"service":"ai-project","timestamp":"2026-09-16 21:27:26.198"}
{"level":"info","message":"服务器运行时间: 360 秒","metadata":{},"service":"ai-project","timestamp":"2026-09-16 21:27:26.198"}
{"level":"info","message":"总请求数: 76","metadata":{},"service":"ai-project","timestamp":"2026-09-16 21:27:26.198"}
{"level":"info","message":"成功请求数: 76","metadata":{},"service":"ai-project","timestamp":"2026-09-16 21:27:26.198"}
{"level":"info","message":"失败请求数: 0","metadata":{},"service":"ai-project","timestamp":"2026-09-16 21:27:26.199"}
{"level":"info","message":"请求成功率: 100.00%","metadata":{},"service":"ai-project","timestamp":"2026-09-16 21:27:26.199"}
{"level":"info","message":"平均响应时间: 36.61 ms","metadata":{},"service":"ai-project","timestamp":"2026-09-16 21:27:26.199"}
{"level":"info","message":"总接收数据: 41.80 KB","metadata":{},"service":"ai-project","timestamp":"2026-09-16 21:27:26.199"}
{"level":"info","message":"总发送数据: 2.82 KB","metadata":{},"service":"ai-project","timestamp":"2026-09-16 21:27:26.199"}
{"level":"info","message":"当前连接数: 0","metadata":{},"service":"ai-project","timestamp":"2026-09-16 21:27:26.199"}
{"level":"info","message":"连接池使用率: 0.00%","metadata":{},"service":"ai-project","timestamp":"2026-09-16 21:27:26.200"}
{"level":"info","message":"连接池峰值: 1","metadata":{},"service":"ai-project","timestamp":"2026-09-16 21:27:26.200"}
{"level":"info","message":"总连接数: 2","metadata":{},"service":"ai-project","timestamp":"2026-09-16 21:27:26.200"}
{"level":"info","message":"失败连接数: 0","metadata":{},"service":"ai-project","timestamp":"2026-09-16 21:27:26.200"}
{"level":"info","message":"已关闭连接数: 2","metadata":{},"service":"ai-project","timestamp":"2026-09-16 21:27:26.200"}
{"level":"info","message":"================================================================================","metadata":{},"service":"ai-project","timestamp":"2026-09-16 21:27:26.200"}
{"level":"info","message":"SSE 客户端断开连接","metadata":{"clientCount":0},"service":"ai-project","timestamp":"2026-09-16 21:27:41.725"}
{"level":"info","message":"SSE 客户端连接","metadata":{"clientCount":1},"service":"ai-project","timestamp":"2026-09-16 21:27:42.219"}
{"level":"info","message":"客户端 #3 已连接 - 172.20.10.14:9959","metadata":{"currentConnections":1,"maxConnections":1000},"service":"ai-project","timestamp":"2026-09-16 21:27:54.691"}
{"level":"info","message":"================================================================================","metadata":{},"service":"ai-project","timestamp":"2026-09-16 21:28:26.203"}
{"level":"info","message":"性能监控指标","metadata":{},"service":"ai-project","timestamp":"2026-09-16 21:28:26.204"}
{"level":"info","message":"================================================================================","metadata":{},"service":"ai-project","timestamp":"2026-09-16 21:28:26.204"}
{"level":"info","message":"服务器运行时间: 420 秒","metadata":{},"service":"ai-project","timestamp":"2026-09-16 21:28:26.205"}
{"level":"info","message":"总请求数: 94","metadata":{},"service":"ai-project","timestamp":"2026-09-16 21:28:26.205"}
{"level":"info","message":"成功请求数: 94","metadata":{},"service":"ai-project","timestamp":"2026-09-16 21:28:26.205"}
{"level":"info","message":"失败请求数: 0","metadata":{},"service":"ai-project","timestamp":"2026-09-16 21:28:26.205"}
{"level":"info","message":"请求成功率: 100.00%","metadata":{},"service":"ai-project","timestamp":"2026-09-16 21:28:26.206"}
{"level":"info","message":"平均响应时间: 35.78 ms","metadata":{},"service":"ai-project","timestamp":"2026-09-16 21:28:26.207"}
{"level":"info","message":"总接收数据: 51.72 KB","metadata":{},"service":"ai-project","timestamp":"2026-09-16 21:28:26.207"}
{"level":"info","message":"总发送数据: 3.49 KB","metadata":{},"service":"ai-project","timestamp":"2026-09-16 21:28:26.208"}
{"level":"info","message":"当前连接数: 1","metadata":{},"service":"ai-project","timestamp":"2026-09-16 21:28:26.208"}
{"level":"info","message":"连接池使用率: 0.10%","metadata":{},"service":"ai-project","timestamp":"2026-09-16 21:28:26.208"}
{"level":"info","message":"连接池峰值: 1","metadata":{},"service":"ai-project","timestamp":"2026-09-16 21:28:26.209"}
{"level":"info","message":"总连接数: 3","metadata":{},"service":"ai-project","timestamp":"2026-09-16 21:28:26.209"}
{"level":"info","message":"失败连接数: 0","metadata":{},"service":"ai-project","timestamp":"2026-09-16 21:28:26.209"}
{"level":"info","message":"已关闭连接数: 2","metadata":{},"service":"ai-project","timestamp":"2026-09-16 21:28:26.210"}
{"level":"info","message":"================================================================================","metadata":{},"service":"ai-project","timestamp":"2026-09-16 21:28:26.210"}
{"level":"info","message":"================================================================================","metadata":{},"service":"ai-project","timestamp":"2026-09-16 21:29:26.206"}
{"level":"info","message":"性能监控指标","metadata":{},"service":"ai-project","timestamp":"2026-09-16 21:29:26.207"}
{"level":"info","message":"================================================================================","metadata":{},"service":"ai-project","timestamp":"2026-09-16 21:29:26.207"}
{"level":"info","message":"服务器运行时间: 480 秒","metadata":{},"service":"ai-project","timestamp":"2026-09-16 21:29:26.208"}
{"level":"info","message":"总请求数: 134","metadata":{},"service":"ai-project","timestamp":"2026-09-16 21:29:26.208"}
{"level":"info","message":"成功请求数: 134","metadata":{},"service":"ai-project","timestamp":"2026-09-16 21:29:26.208"}
{"level":"info","message":"失败请求数: 0","metadata":{},"service":"ai-project","timestamp":"2026-09-16 21:29:26.209"}
{"level":"info","message":"请求成功率: 100.00%","metadata":{},"service":"ai-project","timestamp":"2026-09-16 21:29:26.209"}
{"level":"info","message":"平均响应时间: 34.82 ms","metadata":{},"service":"ai-project","timestamp":"2026-09-16 21:29:26.209"}
{"level":"info","message":"总接收数据: 73.75 KB","metadata":{},"service":"ai-project","timestamp":"2026-09-16 21:29:26.209"}
{"level":"info","message":"总发送数据: 4.97 KB","metadata":{},"service":"ai-project","timestamp":"2026-09-16 21:29:26.210"}
{"level":"info","message":"当前连接数: 1","metadata":{},"service":"ai-project","timestamp":"2026-09-16 21:29:26.210"}
{"level":"info","message":"连接池使用率: 0.10%","metadata":{},"service":"ai-project","timestamp":"2026-09-16 21:29:26.211"}
{"level":"info","message":"连接池峰值: 1","metadata":{},"service":"ai-project","timestamp":"2026-09-16 21:29:26.211"}
{"level":"info","message":"总连接数: 3","metadata":{},"service":"ai-project","timestamp":"2026-09-16 21:29:26.212"}
{"level":"info","message":"失败连接数: 0","metadata":{},"service":"ai-project","timestamp":"2026-09-16 21:29:26.212"}
{"level":"info","message":"已关闭连接数: 2","metadata":{},"service":"ai-project","timestamp":"2026-09-16 21:29:26.212"}
{"level":"info","message":"================================================================================","metadata":{},"service":"ai-project","timestamp":"2026-09-16 21:29:26.213"}
{"level":"info","message":"数据库连接创建:","metadata":{"threadId":68},"service":"ai-project","timestamp":"2026-09-16 21:30:11.761"}
{"level":"warn","message":"客户端 #3 心跳超时，断开连接","metadata":{"clientInfo":"172.20.10.14:9959","timeSinceLastReceived":149959},"service":"ai-project","timestamp":"2026-09-16 21:30:26.216"}
{"level":"info","message":"================================================================================","metadata":{},"service":"ai-project","timestamp":"2026-09-16 21:30:26.217"}
{"level":"info","message":"性能监控指标","metadata":{},"service":"ai-project","timestamp":"2026-09-16 21:30:26.217"}
{"level":"info","message":"================================================================================","metadata":{},"service":"ai-project","timestamp":"2026-09-16 21:30:26.218"}
{"level":"info","message":"服务器运行时间: 540 秒","metadata":{},"service":"ai-project","timestamp":"2026-09-16 21:30:26.218"}
{"level":"info","message":"总请求数: 174","metadata":{},"service":"ai-project","timestamp":"2026-09-16 21:30:26.218"}
{"level":"info","message":"成功请求数: 174","metadata":{},"service":"ai-project","timestamp":"2026-09-16 21:30:26.218"}
{"level":"info","message":"失败请求数: 0","metadata":{},"service":"ai-project","timestamp":"2026-09-16 21:30:26.219"}
{"level":"info","message":"请求成功率: 100.00%","metadata":{},"service":"ai-project","timestamp":"2026-09-16 21:30:26.219"}
{"level":"info","message":"平均响应时间: 32.70 ms","metadata":{},"service":"ai-project","timestamp":"2026-09-16 21:30:26.219"}
{"level":"info","message":"总接收数据: 95.78 KB","metadata":{},"service":"ai-project","timestamp":"2026-09-16 21:30:26.219"}
{"level":"info","message":"总发送数据: 6.46 KB","metadata":{},"service":"ai-project","timestamp":"2026-09-16 21:30:26.220"}
{"level":"info","message":"当前连接数: 1","metadata":{},"service":"ai-project","timestamp":"2026-09-16 21:30:26.220"}
{"level":"info","message":"连接池使用率: 0.10%","metadata":{},"service":"ai-project","timestamp":"2026-09-16 21:30:26.220"}
{"level":"info","message":"连接池峰值: 1","metadata":{},"service":"ai-project","timestamp":"2026-09-16 21:30:26.220"}
{"level":"info","message":"总连接数: 3","metadata":{},"service":"ai-project","timestamp":"2026-09-16 21:30:26.221"}
{"level":"info","message":"失败连接数: 0","metadata":{},"service":"ai-project","timestamp":"2026-09-16 21:30:26.221"}
{"level":"info","message":"已关闭连接数: 2","metadata":{},"service":"ai-project","timestamp":"2026-09-16 21:30:26.221"}
{"level":"info","message":"================================================================================","metadata":{},"service":"ai-project","timestamp":"2026-09-16 21:30:26.221"}
{"level":"info","message":"客户端 #3 (172.20.10.14:9959) 主动断开连接","metadata":{"currentConnections":0},"service":"ai-project","timestamp":"2026-09-16 21:30:26.241"}
{"level":"info","message":"客户端 #3 (172.20.10.14:9959) 连接正常关闭","metadata":{"currentConnections":-1},"service":"ai-project","timestamp":"2026-09-16 21:30:26.242"}
{"level":"info","message":"客户端 #4 已连接 - 172.20.10.14:39763","metadata":{"currentConnections":1,"maxConnections":1000},"service":"ai-project","timestamp":"2026-09-16 21:30:26.289"}
{"level":"info","message":"================================================================================","metadata":{},"service":"ai-project","timestamp":"2026-09-16 21:31:26.217"}
{"level":"info","message":"性能监控指标","metadata":{},"service":"ai-project","timestamp":"2026-09-16 21:31:26.218"}
{"level":"info","message":"================================================================================","metadata":{},"service":"ai-project","timestamp":"2026-09-16 21:31:26.219"}
{"level":"info","message":"服务器运行时间: 600 秒","metadata":{},"service":"ai-project","timestamp":"2026-09-16 21:31:26.219"}
{"level":"info","message":"总请求数: 214","metadata":{},"service":"ai-project","timestamp":"2026-09-16 21:31:26.219"}
{"level":"info","message":"成功请求数: 214","metadata":{},"service":"ai-project","timestamp":"2026-09-16 21:31:26.219"}
{"level":"info","message":"失败请求数: 0","metadata":{},"service":"ai-project","timestamp":"2026-09-16 21:31:26.219"}
{"level":"info","message":"请求成功率: 100.00%","metadata":{},"service":"ai-project","timestamp":"2026-09-16 21:31:26.219"}
{"level":"info","message":"平均响应时间: 33.05 ms","metadata":{},"service":"ai-project","timestamp":"2026-09-16 21:31:26.220"}
{"level":"info","message":"总接收数据: 117.81 KB","metadata":{},"service":"ai-project","timestamp":"2026-09-16 21:31:26.220"}
{"level":"info","message":"总发送数据: 7.94 KB","metadata":{},"service":"ai-project","timestamp":"2026-09-16 21:31:26.220"}
{"level":"info","message":"当前连接数: 1","metadata":{},"service":"ai-project","timestamp":"2026-09-16 21:31:26.220"}
{"level":"info","message":"连接池使用率: 0.10%","metadata":{},"service":"ai-project","timestamp":"2026-09-16 21:31:26.221"}
{"level":"info","message":"连接池峰值: 1","metadata":{},"service":"ai-project","timestamp":"2026-09-16 21:31:26.221"}
{"level":"info","message":"总连接数: 4","metadata":{},"service":"ai-project","timestamp":"2026-09-16 21:31:26.221"}
{"level":"info","message":"失败连接数: 0","metadata":{},"service":"ai-project","timestamp":"2026-09-16 21:31:26.221"}
{"level":"info","message":"已关闭连接数: 3","metadata":{},"service":"ai-project","timestamp":"2026-09-16 21:31:26.221"}
{"level":"info","message":"================================================================================","metadata":{},"service":"ai-project","timestamp":"2026-09-16 21:31:26.221"}
{"level":"warn","message":"客户端 #4 心跳超时，断开连接","metadata":{"clientInfo":"172.20.10.14:39763","timeSinceLastReceived":119933},"service":"ai-project","timestamp":"2026-09-16 21:32:26.223"}
{"level":"info","message":"================================================================================","metadata":{},"service":"ai-project","timestamp":"2026-09-16 21:32:26.224"}
{"level":"info","message":"性能监控指标","metadata":{},"service":"ai-project","timestamp":"2026-09-16 21:32:26.225"}
{"level":"info","message":"================================================================================","metadata":{},"service":"ai-project","timestamp":"2026-09-16 21:32:26.225"}
{"level":"info","message":"服务器运行时间: 660 秒","metadata":{},"service":"ai-project","timestamp":"2026-09-16 21:32:26.225"}
{"level":"info","message":"总请求数: 254","metadata":{},"service":"ai-project","timestamp":"2026-09-16 21:32:26.225"}
{"level":"info","message":"成功请求数: 254","metadata":{},"service":"ai-project","timestamp":"2026-09-16 21:32:26.225"}
{"level":"info","message":"失败请求数: 0","metadata":{},"service":"ai-project","timestamp":"2026-09-16 21:32:26.225"}
{"level":"info","message":"请求成功率: 100.00%","metadata":{},"service":"ai-project","timestamp":"2026-09-16 21:32:26.226"}
{"level":"info","message":"平均响应时间: 31.40 ms","metadata":{},"service":"ai-project","timestamp":"2026-09-16 21:32:26.226"}
{"level":"info","message":"总接收数据: 139.84 KB","metadata":{},"service":"ai-project","timestamp":"2026-09-16 21:32:26.226"}
{"level":"info","message":"总发送数据: 9.43 KB","metadata":{},"service":"ai-project","timestamp":"2026-09-16 21:32:26.226"}
{"level":"info","message":"当前连接数: 1","metadata":{},"service":"ai-project","timestamp":"2026-09-16 21:32:26.227"}
{"level":"info","message":"连接池使用率: 0.10%","metadata":{},"service":"ai-project","timestamp":"2026-09-16 21:32:26.227"}
{"level":"info","message":"连接池峰值: 1","metadata":{},"service":"ai-project","timestamp":"2026-09-16 21:32:26.227"}
{"level":"info","message":"总连接数: 4","metadata":{},"service":"ai-project","timestamp":"2026-09-16 21:32:26.227"}
{"level":"info","message":"失败连接数: 0","metadata":{},"service":"ai-project","timestamp":"2026-09-16 21:32:26.228"}
{"level":"info","message":"已关闭连接数: 3","metadata":{},"service":"ai-project","timestamp":"2026-09-16 21:32:26.228"}
{"level":"info","message":"================================================================================","metadata":{},"service":"ai-project","timestamp":"2026-09-16 21:32:26.228"}
{"level":"info","message":"客户端 #4 (172.20.10.14:39763) 主动断开连接","metadata":{"currentConnections":0},"service":"ai-project","timestamp":"2026-09-16 21:32:26.239"}
{"level":"info","message":"客户端 #4 (172.20.10.14:39763) 连接正常关闭","metadata":{"currentConnections":-1},"service":"ai-project","timestamp":"2026-09-16 21:32:26.240"}
{"level":"info","message":"客户端 #5 已连接 - 172.20.10.14:15254","metadata":{"currentConnections":1,"maxConnections":1000},"service":"ai-project","timestamp":"2026-09-16 21:32:26.272"}
{"level":"info","message":"================================================================================","metadata":{},"service":"ai-project","timestamp":"2026-09-16 21:33:26.227"}
{"level":"info","message":"性能监控指标","metadata":{},"service":"ai-project","timestamp":"2026-09-16 21:33:26.228"}
{"level":"info","message":"================================================================================","metadata":{},"service":"ai-project","timestamp":"2026-09-16 21:33:26.228"}
{"level":"info","message":"服务器运行时间: 720 秒","metadata":{},"service":"ai-project","timestamp":"2026-09-16 21:33:26.229"}
{"level":"info","message":"总请求数: 293","metadata":{},"service":"ai-project","timestamp":"2026-09-16 21:33:26.229"}
{"level":"info","message":"成功请求数: 293","metadata":{},"service":"ai-project","timestamp":"2026-09-16 21:33:26.229"}
{"level":"info","message":"失败请求数: 0","metadata":{},"service":"ai-project","timestamp":"2026-09-16 21:33:26.230"}
{"level":"info","message":"请求成功率: 100.00%","metadata":{},"service":"ai-project","timestamp":"2026-09-16 21:33:26.230"}
{"level":"info","message":"平均响应时间: 31.65 ms","metadata":{},"service":"ai-project","timestamp":"2026-09-16 21:33:26.231"}
{"level":"info","message":"总接收数据: 161.32 KB","metadata":{},"service":"ai-project","timestamp":"2026-09-16 21:33:26.231"}
{"level":"info","message":"总发送数据: 10.87 KB","metadata":{},"service":"ai-project","timestamp":"2026-09-16 21:33:26.231"}
{"level":"info","message":"当前连接数: 1","metadata":{},"service":"ai-project","timestamp":"2026-09-16 21:33:26.231"}
{"level":"info","message":"连接池使用率: 0.10%","metadata":{},"service":"ai-project","timestamp":"2026-09-16 21:33:26.231"}
{"level":"info","message":"连接池峰值: 1","metadata":{},"service":"ai-project","timestamp":"2026-09-16 21:33:26.232"}
{"level":"info","message":"总连接数: 5","metadata":{},"service":"ai-project","timestamp":"2026-09-16 21:33:26.232"}
{"level":"info","message":"失败连接数: 0","metadata":{},"service":"ai-project","timestamp":"2026-09-16 21:33:26.232"}
{"level":"info","message":"已关闭连接数: 4","metadata":{},"service":"ai-project","timestamp":"2026-09-16 21:33:26.232"}
{"level":"info","message":"================================================================================","metadata":{},"service":"ai-project","timestamp":"2026-09-16 21:33:26.232"}
{"level":"error","message":"客户端 #5 (172.20.10.14:15254) 连接错误","metadata":{"errorCode":"ECONNRESET","errorMessage":"read ECONNRESET"},"service":"ai-project","timestamp":"2026-09-16 21:34:15.984"}
{"level":"info","message":"连接被客户端重置","metadata":{"clientId":5,"clientInfo":"172.20.10.14:15254"},"service":"ai-project","timestamp":"2026-09-16 21:34:15.984"}
{"level":"info","message":"当前连接数: 0","metadata":{"clientId":5,"clientInfo":"172.20.10.14:15254"},"service":"ai-project","timestamp":"2026-09-16 21:34:15.984"}
{"level":"warn","message":"客户端 #5 (172.20.10.14:15254) 连接异常关闭","metadata":{"currentConnections":-1},"service":"ai-project","timestamp":"2026-09-16 21:34:15.985"}
{"level":"info","message":"================================================================================","metadata":{},"service":"ai-project","timestamp":"2026-09-16 21:34:26.231"}
{"level":"info","message":"性能监控指标","metadata":{},"service":"ai-project","timestamp":"2026-09-16 21:34:26.231"}
{"level":"info","message":"================================================================================","metadata":{},"service":"ai-project","timestamp":"2026-09-16 21:34:26.232"}
{"level":"info","message":"服务器运行时间: 780 秒","metadata":{},"service":"ai-project","timestamp":"2026-09-16 21:34:26.232"}
{"level":"info","message":"总请求数: 306","metadata":{},"service":"ai-project","timestamp":"2026-09-16 21:34:26.232"}
{"level":"info","message":"成功请求数: 306","metadata":{},"service":"ai-project","timestamp":"2026-09-16 21:34:26.232"}
{"level":"info","message":"失败请求数: 0","metadata":{},"service":"ai-project","timestamp":"2026-09-16 21:34:26.233"}
{"level":"info","message":"请求成功率: 100.00%","metadata":{},"service":"ai-project","timestamp":"2026-09-16 21:34:26.233"}
{"level":"info","message":"平均响应时间: 32.51 ms","metadata":{},"service":"ai-project","timestamp":"2026-09-16 21:34:26.234"}
{"level":"info","message":"总接收数据: 168.48 KB","metadata":{},"service":"ai-project","timestamp":"2026-09-16 21:34:26.234"}
{"level":"info","message":"总发送数据: 11.36 KB","metadata":{},"service":"ai-project","timestamp":"2026-09-16 21:34:26.234"}
{"level":"info","message":"当前连接数: 0","metadata":{},"service":"ai-project","timestamp":"2026-09-16 21:34:26.234"}
{"level":"info","message":"连接池使用率: 0.00%","metadata":{},"service":"ai-project","timestamp":"2026-09-16 21:34:26.234"}
{"level":"info","message":"连接池峰值: 1","metadata":{},"service":"ai-project","timestamp":"2026-09-16 21:34:26.234"}
{"level":"info","message":"总连接数: 5","metadata":{},"service":"ai-project","timestamp":"2026-09-16 21:34:26.235"}
{"level":"info","message":"失败连接数: 0","metadata":{},"service":"ai-project","timestamp":"2026-09-16 21:34:26.235"}
{"level":"info","message":"已关闭连接数: 5","metadata":{},"service":"ai-project","timestamp":"2026-09-16 21:34:26.235"}
{"level":"info","message":"================================================================================","metadata":{},"service":"ai-project","timestamp":"2026-09-16 21:34:26.235"}
{"level":"info","message":"SSE 客户端断开连接","metadata":{"clientCount":0},"service":"ai-project","timestamp":"2026-09-16 21:34:40.616"}
{"level":"info","message":"================================================================================","metadata":{},"service":"ai-project","timestamp":"2026-09-16 21:44:27.695"}
{"level":"info","message":"性能监控指标","metadata":{},"service":"ai-project","timestamp":"2026-09-16 21:44:27.707"}
{"level":"info","message":"================================================================================","metadata":{},"service":"ai-project","timestamp":"2026-09-16 21:44:27.722"}
{"level":"info","message":"服务器运行时间: 1381 秒","metadata":{},"service":"ai-project","timestamp":"2026-09-16 21:44:27.729"}
{"level":"info","message":"总请求数: 306","metadata":{},"service":"ai-project","timestamp":"2026-09-16 21:44:27.742"}
{"level":"info","message":"成功请求数: 306","metadata":{},"service":"ai-project","timestamp":"2026-09-16 21:44:27.745"}
{"level":"info","message":"失败请求数: 0","metadata":{},"service":"ai-project","timestamp":"2026-09-16 21:44:27.745"}
{"level":"info","message":"请求成功率: 100.00%","metadata":{},"service":"ai-project","timestamp":"2026-09-16 21:44:27.747"}
{"level":"info","message":"平均响应时间: 32.51 ms","metadata":{},"service":"ai-project","timestamp":"2026-09-16 21:44:27.748"}
{"level":"info","message":"总接收数据: 168.48 KB","metadata":{},"service":"ai-project","timestamp":"2026-09-16 21:44:27.748"}
{"level":"info","message":"总发送数据: 11.36 KB","metadata":{},"service":"ai-project","timestamp":"2026-09-16 21:44:27.748"}
{"level":"info","message":"当前连接数: 0","metadata":{},"service":"ai-project","timestamp":"2026-09-16 21:44:27.750"}
{"level":"info","message":"连接池使用率: 0.00%","metadata":{},"service":"ai-project","timestamp":"2026-09-16 21:44:27.751"}
{"level":"info","message":"连接池峰值: 1","metadata":{},"service":"ai-project","timestamp":"2026-09-16 21:44:27.751"}
{"level":"info","message":"总连接数: 5","metadata":{},"service":"ai-project","timestamp":"2026-09-16 21:44:27.766"}
{"level":"info","message":"失败连接数: 0","metadata":{},"service":"ai-project","timestamp":"2026-09-16 21:44:27.773"}
{"level":"info","message":"已关闭连接数: 5","metadata":{},"service":"ai-project","timestamp":"2026-09-16 21:44:27.778"}
{"level":"info","message":"================================================================================","metadata":{},"service":"ai-project","timestamp":"2026-09-16 21:44:27.780"}
{"level":"info","message":"================================================================================","metadata":{},"service":"ai-project","timestamp":"2026-09-16 21:45:27.708"}
{"level":"info","message":"性能监控指标","metadata":{},"service":"ai-project","timestamp":"2026-09-16 21:45:27.708"}
{"level":"info","message":"================================================================================","metadata":{},"service":"ai-project","timestamp":"2026-09-16 21:45:27.709"}
{"level":"info","message":"服务器运行时间: 1441 秒","metadata":{},"service":"ai-project","timestamp":"2026-09-16 21:45:27.709"}
{"level":"info","message":"总请求数: 306","metadata":{},"service":"ai-project","timestamp":"2026-09-16 21:45:27.709"}
{"level":"info","message":"成功请求数: 306","metadata":{},"service":"ai-project","timestamp":"2026-09-16 21:45:27.709"}
{"level":"info","message":"失败请求数: 0","metadata":{},"service":"ai-project","timestamp":"2026-09-16 21:45:27.710"}
{"level":"info","message":"请求成功率: 100.00%","metadata":{},"service":"ai-project","timestamp":"2026-09-16 21:45:27.710"}
{"level":"info","message":"平均响应时间: 32.51 ms","metadata":{},"service":"ai-project","timestamp":"2026-09-16 21:45:27.710"}
{"level":"info","message":"总接收数据: 168.48 KB","metadata":{},"service":"ai-project","timestamp":"2026-09-16 21:45:27.710"}
{"level":"info","message":"总发送数据: 11.36 KB","metadata":{},"service":"ai-project","timestamp":"2026-09-16 21:45:27.710"}
{"level":"info","message":"当前连接数: 0","metadata":{},"service":"ai-project","timestamp":"2026-09-16 21:45:27.710"}
{"level":"info","message":"连接池使用率: 0.00%","metadata":{},"service":"ai-project","timestamp":"2026-09-16 21:45:27.711"}
{"level":"info","message":"连接池峰值: 1","metadata":{},"service":"ai-project","timestamp":"2026-09-16 21:45:27.711"}
{"level":"info","message":"总连接数: 5","metadata":{},"service":"ai-project","timestamp":"2026-09-16 21:45:27.711"}
{"level":"info","message":"失败连接数: 0","metadata":{},"service":"ai-project","timestamp":"2026-09-16 21:45:27.711"}
{"level":"info","message":"已关闭连接数: 5","metadata":{},"service":"ai-project","timestamp":"2026-09-16 21:45:27.711"}
{"level":"info","message":"================================================================================","metadata":{},"service":"ai-project","timestamp":"2026-09-16 21:45:27.711"}
{"level":"info","message":"================================================================================","metadata":{},"service":"ai-project","timestamp":"2026-09-16 21:46:27.721"}
{"level":"info","message":"性能监控指标","metadata":{},"service":"ai-project","timestamp":"2026-09-16 21:46:27.721"}
{"level":"info","message":"================================================================================","metadata":{},"service":"ai-project","timestamp":"2026-09-16 21:46:27.722"}
{"level":"info","message":"服务器运行时间: 1501 秒","metadata":{},"service":"ai-project","timestamp":"2026-09-16 21:46:27.722"}
{"level":"info","message":"总请求数: 306","metadata":{},"service":"ai-project","timestamp":"2026-09-16 21:46:27.722"}
{"level":"info","message":"成功请求数: 306","metadata":{},"service":"ai-project","timestamp":"2026-09-16 21:46:27.722"}
{"level":"info","message":"失败请求数: 0","metadata":{},"service":"ai-project","timestamp":"2026-09-16 21:46:27.722"}
{"level":"info","message":"请求成功率: 100.00%","metadata":{},"service":"ai-project","timestamp":"2026-09-16 21:46:27.722"}
{"level":"info","message":"平均响应时间: 32.51 ms","metadata":{},"service":"ai-project","timestamp":"2026-09-16 21:46:27.723"}
{"level":"info","message":"总接收数据: 168.48 KB","metadata":{},"service":"ai-project","timestamp":"2026-09-16 21:46:27.723"}
{"level":"info","message":"总发送数据: 11.36 KB","metadata":{},"service":"ai-project","timestamp":"2026-09-16 21:46:27.723"}
{"level":"info","message":"当前连接数: 0","metadata":{},"service":"ai-project","timestamp":"2026-09-16 21:46:27.723"}
{"level":"info","message":"连接池使用率: 0.00%","metadata":{},"service":"ai-project","timestamp":"2026-09-16 21:46:27.723"}
{"level":"info","message":"连接池峰值: 1","metadata":{},"service":"ai-project","timestamp":"2026-09-16 21:46:27.723"}
{"level":"info","message":"总连接数: 5","metadata":{},"service":"ai-project","timestamp":"2026-09-16 21:46:27.723"}
{"level":"info","message":"失败连接数: 0","metadata":{},"service":"ai-project","timestamp":"2026-09-16 21:46:27.724"}
{"level":"info","message":"已关闭连接数: 5","metadata":{},"service":"ai-project","timestamp":"2026-09-16 21:46:27.724"}
{"level":"info","message":"================================================================================","metadata":{},"service":"ai-project","timestamp":"2026-09-16 21:46:27.724"}
{"level":"info","message":"================================================================================","metadata":{},"service":"ai-project","timestamp":"2026-09-16 21:47:27.721"}
{"level":"info","message":"性能监控指标","metadata":{},"service":"ai-project","timestamp":"2026-09-16 21:47:27.722"}
{"level":"info","message":"================================================================================","metadata":{},"service":"ai-project","timestamp":"2026-09-16 21:47:27.723"}
{"level":"info","message":"服务器运行时间: 1561 秒","metadata":{},"service":"ai-project","timestamp":"2026-09-16 21:47:27.723"}
{"level":"info","message":"总请求数: 306","metadata":{},"service":"ai-project","timestamp":"2026-09-16 21:47:27.724"}
{"level":"info","message":"成功请求数: 306","metadata":{},"service":"ai-project","timestamp":"2026-09-16 21:47:27.724"}
{"level":"info","message":"失败请求数: 0","metadata":{},"service":"ai-project","timestamp":"2026-09-16 21:47:27.724"}
{"level":"info","message":"请求成功率: 100.00%","metadata":{},"service":"ai-project","timestamp":"2026-09-16 21:47:27.725"}
{"level":"info","message":"平均响应时间: 32.51 ms","metadata":{},"service":"ai-project","timestamp":"2026-09-16 21:47:27.725"}
{"level":"info","message":"总接收数据: 168.48 KB","metadata":{},"service":"ai-project","timestamp":"2026-09-16 21:47:27.725"}
{"level":"info","message":"总发送数据: 11.36 KB","metadata":{},"service":"ai-project","timestamp":"2026-09-16 21:47:27.725"}
{"level":"info","message":"当前连接数: 0","metadata":{},"service":"ai-project","timestamp":"2026-09-16 21:47:27.726"}
{"level":"info","message":"连接池使用率: 0.00%","metadata":{},"service":"ai-project","timestamp":"2026-09-16 21:47:27.726"}
{"level":"info","message":"连接池峰值: 1","metadata":{},"service":"ai-project","timestamp":"2026-09-16 21:47:27.726"}
{"level":"info","message":"总连接数: 5","metadata":{},"service":"ai-project","timestamp":"2026-09-16 21:47:27.726"}
{"level":"info","message":"失败连接数: 0","metadata":{},"service":"ai-project","timestamp":"2026-09-16 21:47:27.727"}
{"level":"info","message":"已关闭连接数: 5","metadata":{},"service":"ai-project","timestamp":"2026-09-16 21:47:27.727"}
{"level":"info","message":"================================================================================","metadata":{},"service":"ai-project","timestamp":"2026-09-16 21:47:27.728"}
{"level":"info","message":"客户端 #6 已连接 - 172.20.10.13:49118","metadata":{"currentConnections":1,"maxConnections":1000},"service":"ai-project","timestamp":"2026-09-16 21:48:23.683"}
{"level":"info","message":"================================================================================","metadata":{},"service":"ai-project","timestamp":"2026-09-16 21:48:27.723"}
{"level":"info","message":"性能监控指标","metadata":{},"service":"ai-project","timestamp":"2026-09-16 21:48:27.724"}
{"level":"info","message":"================================================================================","metadata":{},"service":"ai-project","timestamp":"2026-09-16 21:48:27.724"}
{"level":"info","message":"服务器运行时间: 1621 秒","metadata":{},"service":"ai-project","timestamp":"2026-09-16 21:48:27.724"}
{"level":"info","message":"总请求数: 306","metadata":{},"service":"ai-project","timestamp":"2026-09-16 21:48:27.724"}
{"level":"info","message":"成功请求数: 306","metadata":{},"service":"ai-project","timestamp":"2026-09-16 21:48:27.725"}
{"level":"info","message":"失败请求数: 0","metadata":{},"service":"ai-project","timestamp":"2026-09-16 21:48:27.725"}
{"level":"info","message":"请求成功率: 100.00%","metadata":{},"service":"ai-project","timestamp":"2026-09-16 21:48:27.725"}
{"level":"info","message":"平均响应时间: 32.51 ms","metadata":{},"service":"ai-project","timestamp":"2026-09-16 21:48:27.725"}
{"level":"info","message":"总接收数据: 168.48 KB","metadata":{},"service":"ai-project","timestamp":"2026-09-16 21:48:27.726"}
{"level":"info","message":"总发送数据: 11.36 KB","metadata":{},"service":"ai-project","timestamp":"2026-09-16 21:48:27.726"}
{"level":"info","message":"当前连接数: 1","metadata":{},"service":"ai-project","timestamp":"2026-09-16 21:48:27.726"}
{"level":"info","message":"连接池使用率: 0.10%","metadata":{},"service":"ai-project","timestamp":"2026-09-16 21:48:27.726"}
{"level":"info","message":"连接池峰值: 1","metadata":{},"service":"ai-project","timestamp":"2026-09-16 21:48:27.727"}
{"level":"info","message":"总连接数: 6","metadata":{},"service":"ai-project","timestamp":"2026-09-16 21:48:27.727"}
{"level":"info","message":"失败连接数: 0","metadata":{},"service":"ai-project","timestamp":"2026-09-16 21:48:27.727"}
{"level":"info","message":"已关闭连接数: 5","metadata":{},"service":"ai-project","timestamp":"2026-09-16 21:48:27.728"}
{"level":"info","message":"================================================================================","metadata":{},"service":"ai-project","timestamp":"2026-09-16 21:48:27.728"}
{"level":"error","message":"客户端 #6 (172.20.10.13:49118) 连接错误","metadata":{"errorCode":"ECONNRESET","errorMessage":"read ECONNRESET"},"service":"ai-project","timestamp":"2026-09-16 21:49:08.525"}
{"level":"info","message":"连接被客户端重置","metadata":{"clientId":6,"clientInfo":"172.20.10.13:49118"},"service":"ai-project","timestamp":"2026-09-16 21:49:08.526"}
{"level":"info","message":"当前连接数: 0","metadata":{"clientId":6,"clientInfo":"172.20.10.13:49118"},"service":"ai-project","timestamp":"2026-09-16 21:49:08.526"}
{"level":"warn","message":"客户端 #6 (172.20.10.13:49118) 连接异常关闭","metadata":{"currentConnections":-1},"service":"ai-project","timestamp":"2026-09-16 21:49:08.527"}
{"level":"info","message":"客户端 #7 已连接 - 172.20.10.13:36130","metadata":{"currentConnections":1,"maxConnections":1000},"service":"ai-project","timestamp":"2026-09-16 21:49:15.799"}
{"level":"info","message":"================================================================================","metadata":{},"service":"ai-project","timestamp":"2026-09-16 21:49:27.733"}
{"level":"info","message":"性能监控指标","metadata":{},"service":"ai-project","timestamp":"2026-09-16 21:49:27.734"}
{"level":"info","message":"================================================================================","metadata":{},"service":"ai-project","timestamp":"2026-09-16 21:49:27.735"}
{"level":"info","message":"服务器运行时间: 1681 秒","metadata":{},"service":"ai-project","timestamp":"2026-09-16 21:49:27.735"}
{"level":"info","message":"总请求数: 311","metadata":{},"service":"ai-project","timestamp":"2026-09-16 21:49:27.736"}
{"level":"info","message":"成功请求数: 311","metadata":{},"service":"ai-project","timestamp":"2026-09-16 21:49:27.736"}
{"level":"info","message":"失败请求数: 0","metadata":{},"service":"ai-project","timestamp":"2026-09-16 21:49:27.736"}
{"level":"info","message":"请求成功率: 100.00%","metadata":{},"service":"ai-project","timestamp":"2026-09-16 21:49:27.737"}
{"level":"info","message":"平均响应时间: 32.52 ms","metadata":{},"service":"ai-project","timestamp":"2026-09-16 21:49:27.737"}
{"level":"info","message":"总接收数据: 171.24 KB","metadata":{},"service":"ai-project","timestamp":"2026-09-16 21:49:27.737"}
{"level":"info","message":"总发送数据: 11.54 KB","metadata":{},"service":"ai-project","timestamp":"2026-09-16 21:49:27.738"}
{"level":"info","message":"当前连接数: 1","metadata":{},"service":"ai-project","timestamp":"2026-09-16 21:49:27.738"}
{"level":"info","message":"连接池使用率: 0.10%","metadata":{},"service":"ai-project","timestamp":"2026-09-16 21:49:27.738"}
{"level":"info","message":"连接池峰值: 1","metadata":{},"service":"ai-project","timestamp":"2026-09-16 21:49:27.739"}
{"level":"info","message":"总连接数: 7","metadata":{},"service":"ai-project","timestamp":"2026-09-16 21:49:27.739"}
{"level":"info","message":"失败连接数: 0","metadata":{},"service":"ai-project","timestamp":"2026-09-16 21:49:27.740"}
{"level":"info","message":"已关闭连接数: 6","metadata":{},"service":"ai-project","timestamp":"2026-09-16 21:49:27.740"}
{"level":"info","message":"================================================================================","metadata":{},"service":"ai-project","timestamp":"2026-09-16 21:49:27.741"}
{"level":"error","message":"客户端 #7 (172.20.10.13:36130) 连接错误","metadata":{"errorCode":"ECONNRESET","errorMessage":"read ECONNRESET"},"service":"ai-project","timestamp":"2026-09-16 21:49:40.167"}
{"level":"info","message":"连接被客户端重置","metadata":{"clientId":7,"clientInfo":"172.20.10.13:36130"},"service":"ai-project","timestamp":"2026-09-16 21:49:40.168"}
{"level":"info","message":"当前连接数: 0","metadata":{"clientId":7,"clientInfo":"172.20.10.13:36130"},"service":"ai-project","timestamp":"2026-09-16 21:49:40.168"}
{"level":"warn","message":"客户端 #7 (172.20.10.13:36130) 连接异常关闭","metadata":{"currentConnections":-1},"service":"ai-project","timestamp":"2026-09-16 21:49:40.169"}
{"level":"info","message":"客户端 #8 已连接 - 172.20.10.13:31000","metadata":{"currentConnections":1,"maxConnections":1000},"service":"ai-project","timestamp":"2026-09-16 21:49:47.442"}
{"level":"info","message":"客户端 #9 已连接 - 172.20.10.13:1270","metadata":{"currentConnections":2,"maxConnections":1000},"service":"ai-project","timestamp":"2026-09-16 21:50:16.332"}
{"level":"error","message":"客户端 #8 (172.20.10.13:31000) 连接错误","metadata":{"errorCode":"ECONNRESET","errorMessage":"read ECONNRESET"},"service":"ai-project","timestamp":"2026-09-16 21:50:17.053"}
{"level":"info","message":"连接被客户端重置","metadata":{"clientId":8,"clientInfo":"172.20.10.13:31000"},"service":"ai-project","timestamp":"2026-09-16 21:50:17.053"}
{"level":"info","message":"当前连接数: 1","metadata":{"clientId":8,"clientInfo":"172.20.10.13:31000"},"service":"ai-project","timestamp":"2026-09-16 21:50:17.054"}
{"level":"warn","message":"客户端 #8 (172.20.10.13:31000) 连接异常关闭","metadata":{"currentConnections":0},"service":"ai-project","timestamp":"2026-09-16 21:50:17.054"}
{"level":"info","message":"================================================================================","metadata":{},"service":"ai-project","timestamp":"2026-09-16 21:50:27.744"}
{"level":"info","message":"性能监控指标","metadata":{},"service":"ai-project","timestamp":"2026-09-16 21:50:27.745"}
{"level":"info","message":"================================================================================","metadata":{},"service":"ai-project","timestamp":"2026-09-16 21:50:27.745"}
{"level":"info","message":"服务器运行时间: 1741 秒","metadata":{},"service":"ai-project","timestamp":"2026-09-16 21:50:27.746"}
{"level":"info","message":"总请求数: 316","metadata":{},"service":"ai-project","timestamp":"2026-09-16 21:50:27.746"}
{"level":"info","message":"成功请求数: 316","metadata":{},"service":"ai-project","timestamp":"2026-09-16 21:50:27.746"}
{"level":"info","message":"失败请求数: 0","metadata":{},"service":"ai-project","timestamp":"2026-09-16 21:50:27.747"}
{"level":"info","message":"请求成功率: 100.00%","metadata":{},"service":"ai-project","timestamp":"2026-09-16 21:50:27.747"}
{"level":"info","message":"平均响应时间: 32.74 ms","metadata":{},"service":"ai-project","timestamp":"2026-09-16 21:50:27.748"}
{"level":"info","message":"总接收数据: 174.00 KB","metadata":{},"service":"ai-project","timestamp":"2026-09-16 21:50:27.748"}
{"level":"info","message":"总发送数据: 11.73 KB","metadata":{},"service":"ai-project","timestamp":"2026-09-16 21:50:27.748"}
{"level":"info","message":"当前连接数: 1","metadata":{},"service":"ai-project","timestamp":"2026-09-16 21:50:27.749"}
{"level":"info","message":"连接池使用率: 0.10%","metadata":{},"service":"ai-project","timestamp":"2026-09-16 21:50:27.749"}
{"level":"info","message":"连接池峰值: 2","metadata":{},"service":"ai-project","timestamp":"2026-09-16 21:50:27.750"}
{"level":"info","message":"总连接数: 9","metadata":{},"service":"ai-project","timestamp":"2026-09-16 21:50:27.750"}
{"level":"info","message":"失败连接数: 0","metadata":{},"service":"ai-project","timestamp":"2026-09-16 21:50:27.751"}
{"level":"info","message":"已关闭连接数: 8","metadata":{},"service":"ai-project","timestamp":"2026-09-16 21:50:27.751"}
{"level":"info","message":"================================================================================","metadata":{},"service":"ai-project","timestamp":"2026-09-16 21:50:27.751"}
{"level":"error","message":"客户端 #9 (172.20.10.13:1270) 连接错误","metadata":{"errorCode":"ECONNRESET","errorMessage":"read ECONNRESET"},"service":"ai-project","timestamp":"2026-09-16 21:50:47.105"}
{"level":"info","message":"连接被客户端重置","metadata":{"clientId":9,"clientInfo":"172.20.10.13:1270"},"service":"ai-project","timestamp":"2026-09-16 21:50:47.106"}
{"level":"info","message":"当前连接数: 0","metadata":{"clientId":9,"clientInfo":"172.20.10.13:1270"},"service":"ai-project","timestamp":"2026-09-16 21:50:47.106"}
{"level":"warn","message":"客户端 #9 (172.20.10.13:1270) 连接异常关闭","metadata":{"currentConnections":-1},"service":"ai-project","timestamp":"2026-09-16 21:50:47.107"}
{"level":"info","message":"客户端 #10 已连接 - 172.20.10.13:30099","metadata":{"currentConnections":1,"maxConnections":1000},"service":"ai-project","timestamp":"2026-09-16 21:50:51.451"}
{"level":"info","message":"数据库连接创建:","metadata":{"threadId":69},"service":"ai-project","timestamp":"2026-09-16 21:51:39.047"}
{"level":"info","message":"数据库连接成功","metadata":{},"service":"ai-project","timestamp":"2026-09-16 21:51:39.072"}
{"level":"info","message":"============================================================","metadata":{},"service":"ai-project","timestamp":"2026-09-16 21:51:39.787"}
{"level":"info","message":"热成像传感器数据服务器已成功启动","metadata":{},"service":"ai-project","timestamp":"2026-09-16 21:51:39.794"}
{"level":"info","message":"监听地址: 0.0.0.0:8888","metadata":{},"service":"ai-project","timestamp":"2026-09-16 21:51:39.795"}
{"level":"info","message":"等待客户端连接...","metadata":{},"service":"ai-project","timestamp":"2026-09-16 21:51:39.796"}
{"level":"info","message":"============================================================","metadata":{},"service":"ai-project","timestamp":"2026-09-16 21:51:39.797"}
{"level":"info","message":"心跳机制已启动，间隔: 30000ms, 超时: 90000ms","metadata":{},"service":"ai-project","timestamp":"2026-09-16 21:51:39.798"}
{"level":"info","message":"性能监控已启动，间隔: 60000ms","metadata":{},"service":"ai-project","timestamp":"2026-09-16 21:51:39.799"}
{"level":"info","message":"客户端 #1 已连接 - 172.20.10.13:8520","metadata":{"currentConnections":1,"maxConnections":1000},"service":"ai-project","timestamp":"2026-09-16 21:51:39.989"}
{"level":"error","message":"客户端 #1 (172.20.10.13:8520) 连接错误","metadata":{"errorCode":"ECONNRESET","errorMessage":"read ECONNRESET"},"service":"ai-project","timestamp":"2026-09-16 21:52:09.882"}
{"level":"info","message":"连接被客户端重置","metadata":{"clientId":1,"clientInfo":"172.20.10.13:8520"},"service":"ai-project","timestamp":"2026-09-16 21:52:09.883"}
{"level":"info","message":"当前连接数: 0","metadata":{"clientId":1,"clientInfo":"172.20.10.13:8520"},"service":"ai-project","timestamp":"2026-09-16 21:52:09.884"}
{"level":"warn","message":"客户端 #1 (172.20.10.13:8520) 连接异常关闭","metadata":{"currentConnections":-1},"service":"ai-project","timestamp":"2026-09-16 21:52:09.888"}
{"level":"info","message":"客户端 #2 已连接 - 172.20.10.13:13849","metadata":{"currentConnections":1,"maxConnections":1000},"service":"ai-project","timestamp":"2026-09-16 21:52:13.057"}
{"level":"info","message":"收到退出信号，正在关闭服务器...","metadata":{"activeConnections":1,"totalConnections":2},"service":"ai-project","timestamp":"2026-09-16 21:52:35.267"}
{"level":"info","message":"正在关闭连接...","metadata":{},"service":"ai-project","timestamp":"2026-09-16 21:52:35.266"}
{"level":"info","message":"数据库连接创建:","metadata":{"threadId":71},"service":"ai-project","timestamp":"2026-09-17 10:22:16.511"}
{"level":"info","message":"数据库连接成功","metadata":{},"service":"ai-project","timestamp":"2026-09-17 10:22:16.520"}
{"level":"info","message":"============================================================","metadata":{},"service":"ai-project","timestamp":"2026-09-17 10:22:16.842"}
{"level":"info","message":"热成像传感器数据服务器已成功启动","metadata":{},"service":"ai-project","timestamp":"2026-09-17 10:22:16.847"}
{"level":"info","message":"监听地址: 0.0.0.0:8888","metadata":{},"service":"ai-project","timestamp":"2026-09-17 10:22:16.848"}
{"level":"info","message":"等待客户端连接...","metadata":{},"service":"ai-project","timestamp":"2026-09-17 10:22:16.848"}
{"level":"info","message":"============================================================","metadata":{},"service":"ai-project","timestamp":"2026-09-17 10:22:16.849"}
{"level":"info","message":"心跳机制已启动，间隔: 30000ms, 超时: 90000ms","metadata":{},"service":"ai-project","timestamp":"2026-09-17 10:22:16.850"}
{"level":"info","message":"性能监控已启动，间隔: 60000ms","metadata":{},"service":"ai-project","timestamp":"2026-09-17 10:22:16.850"}
{"level":"info","message":"================================================================================","metadata":{},"service":"ai-project","timestamp":"2026-09-17 10:23:16.858"}
{"level":"info","message":"性能监控指标","metadata":{},"service":"ai-project","timestamp":"2026-09-17 10:23:16.859"}
{"level":"info","message":"================================================================================","metadata":{},"service":"ai-project","timestamp":"2026-09-17 10:23:16.859"}
{"level":"info","message":"服务器运行时间: 60 秒","metadata":{},"service":"ai-project","timestamp":"2026-09-17 10:23:16.859"}
{"level":"info","message":"总请求数: 0","metadata":{},"service":"ai-project","timestamp":"2026-09-17 10:23:16.860"}
{"level":"info","message":"成功请求数: 0","metadata":{},"service":"ai-project","timestamp":"2026-09-17 10:23:16.860"}
{"level":"info","message":"失败请求数: 0","metadata":{},"service":"ai-project","timestamp":"2026-09-17 10:23:16.860"}
{"level":"info","message":"请求成功率: 0.00%","metadata":{},"service":"ai-project","timestamp":"2026-09-17 10:23:16.861"}
{"level":"info","message":"平均响应时间: 0.00 ms","metadata":{},"service":"ai-project","timestamp":"2026-09-17 10:23:16.861"}
{"level":"info","message":"总接收数据: 0.00 KB","metadata":{},"service":"ai-project","timestamp":"2026-09-17 10:23:16.861"}
{"level":"info","message":"总发送数据: 0.00 KB","metadata":{},"service":"ai-project","timestamp":"2026-09-17 10:23:16.861"}
{"level":"info","message":"当前连接数: 0","metadata":{},"service":"ai-project","timestamp":"2026-09-17 10:23:16.861"}
{"level":"info","message":"连接池使用率: 0.00%","metadata":{},"service":"ai-project","timestamp":"2026-09-17 10:23:16.861"}
{"level":"info","message":"连接池峰值: 0","metadata":{},"service":"ai-project","timestamp":"2026-09-17 10:23:16.862"}
{"level":"info","message":"总连接数: 0","metadata":{},"service":"ai-project","timestamp":"2026-09-17 10:23:16.862"}
{"level":"info","message":"失败连接数: 0","metadata":{},"service":"ai-project","timestamp":"2026-09-17 10:23:16.862"}
{"level":"info","message":"已关闭连接数: 0","metadata":{},"service":"ai-project","timestamp":"2026-09-17 10:23:16.862"}
{"level":"info","message":"================================================================================","metadata":{},"service":"ai-project","timestamp":"2026-09-17 10:23:16.862"}
{"level":"info","message":"客户端 #1 已连接 - 172.20.10.14:42241","metadata":{"currentConnections":1,"maxConnections":1000},"service":"ai-project","timestamp":"2026-09-17 10:23:38.342"}
{"level":"info","message":"================================================================================","metadata":{},"service":"ai-project","timestamp":"2026-09-17 10:24:16.869"}
{"level":"info","message":"性能监控指标","metadata":{},"service":"ai-project","timestamp":"2026-09-17 10:24:16.869"}
{"level":"info","message":"================================================================================","metadata":{},"service":"ai-project","timestamp":"2026-09-17 10:24:16.869"}
{"level":"info","message":"服务器运行时间: 120 秒","metadata":{},"service":"ai-project","timestamp":"2026-09-17 10:24:16.870"}
{"level":"info","message":"总请求数: 23","metadata":{},"service":"ai-project","timestamp":"2026-09-17 10:24:16.870"}
{"level":"info","message":"成功请求数: 23","metadata":{},"service":"ai-project","timestamp":"2026-09-17 10:24:16.870"}
{"level":"info","message":"失败请求数: 0","metadata":{},"service":"ai-project","timestamp":"2026-09-17 10:24:16.870"}
{"level":"info","message":"请求成功率: 100.00%","metadata":{},"service":"ai-project","timestamp":"2026-09-17 10:24:16.870"}
{"level":"info","message":"平均响应时间: 10.04 ms","metadata":{},"service":"ai-project","timestamp":"2026-09-17 10:24:16.871"}
{"level":"info","message":"总接收数据: 12.67 KB","metadata":{},"service":"ai-project","timestamp":"2026-09-17 10:24:16.871"}
{"level":"info","message":"总发送数据: 0.85 KB","metadata":{},"service":"ai-project","timestamp":"2026-09-17 10:24:16.871"}
{"level":"info","message":"当前连接数: 1","metadata":{},"service":"ai-project","timestamp":"2026-09-17 10:24:16.872"}
{"level":"info","message":"连接池使用率: 0.10%","metadata":{},"service":"ai-project","timestamp":"2026-09-17 10:24:16.872"}
{"level":"info","message":"连接池峰值: 1","metadata":{},"service":"ai-project","timestamp":"2026-09-17 10:24:16.872"}
{"level":"info","message":"总连接数: 1","metadata":{},"service":"ai-project","timestamp":"2026-09-17 10:24:16.872"}
{"level":"info","message":"失败连接数: 0","metadata":{},"service":"ai-project","timestamp":"2026-09-17 10:24:16.872"}
{"level":"info","message":"已关闭连接数: 0","metadata":{},"service":"ai-project","timestamp":"2026-09-17 10:24:16.872"}
{"level":"info","message":"================================================================================","metadata":{},"service":"ai-project","timestamp":"2026-09-17 10:24:16.873"}
{"level":"warn","message":"客户端 #1 心跳超时，断开连接","metadata":{"clientInfo":"172.20.10.14:42241","timeSinceLastReceived":90004},"service":"ai-project","timestamp":"2026-09-17 10:25:16.870"}
{"level":"info","message":"================================================================================","metadata":{},"service":"ai-project","timestamp":"2026-09-17 10:25:16.871"}
{"level":"info","message":"性能监控指标","metadata":{},"service":"ai-project","timestamp":"2026-09-17 10:25:16.872"}
{"level":"info","message":"================================================================================","metadata":{},"service":"ai-project","timestamp":"2026-09-17 10:25:16.872"}
{"level":"info","message":"服务器运行时间: 180 秒","metadata":{},"service":"ai-project","timestamp":"2026-09-17 10:25:16.872"}
{"level":"info","message":"总请求数: 63","metadata":{},"service":"ai-project","timestamp":"2026-09-17 10:25:16.872"}
{"level":"info","message":"成功请求数: 63","metadata":{},"service":"ai-project","timestamp":"2026-09-17 10:25:16.872"}
{"level":"info","message":"失败请求数: 0","metadata":{},"service":"ai-project","timestamp":"2026-09-17 10:25:16.873"}
{"level":"info","message":"请求成功率: 100.00%","metadata":{},"service":"ai-project","timestamp":"2026-09-17 10:25:16.873"}
{"level":"info","message":"平均响应时间: 9.70 ms","metadata":{},"service":"ai-project","timestamp":"2026-09-17 10:25:16.873"}
{"level":"info","message":"总接收数据: 34.70 KB","metadata":{},"service":"ai-project","timestamp":"2026-09-17 10:25:16.873"}
{"level":"info","message":"总发送数据: 2.34 KB","metadata":{},"service":"ai-project","timestamp":"2026-09-17 10:25:16.873"}
{"level":"info","message":"当前连接数: 1","metadata":{},"service":"ai-project","timestamp":"2026-09-17 10:25:16.874"}
{"level":"info","message":"连接池使用率: 0.10%","metadata":{},"service":"ai-project","timestamp":"2026-09-17 10:25:16.874"}
{"level":"info","message":"连接池峰值: 1","metadata":{},"service":"ai-project","timestamp":"2026-09-17 10:25:16.874"}
{"level":"info","message":"总连接数: 1","metadata":{},"service":"ai-project","timestamp":"2026-09-17 10:25:16.874"}
{"level":"info","message":"失败连接数: 0","metadata":{},"service":"ai-project","timestamp":"2026-09-17 10:25:16.875"}
{"level":"info","message":"已关闭连接数: 0","metadata":{},"service":"ai-project","timestamp":"2026-09-17 10:25:16.875"}
{"level":"info","message":"================================================================================","metadata":{},"service":"ai-project","timestamp":"2026-09-17 10:25:16.875"}
{"level":"info","message":"客户端 #1 (172.20.10.14:42241) 主动断开连接","metadata":{"currentConnections":0},"service":"ai-project","timestamp":"2026-09-17 10:25:16.882"}
{"level":"info","message":"客户端 #1 (172.20.10.14:42241) 连接正常关闭","metadata":{"currentConnections":-1},"service":"ai-project","timestamp":"2026-09-17 10:25:16.884"}
{"level":"info","message":"客户端 #2 已连接 - 172.20.10.14:37872","metadata":{"currentConnections":1,"maxConnections":1000},"service":"ai-project","timestamp":"2026-09-17 10:25:16.900"}
{"level":"info","message":"================================================================================","metadata":{},"service":"ai-project","timestamp":"2026-09-17 10:26:16.871"}
{"level":"info","message":"性能监控指标","metadata":{},"service":"ai-project","timestamp":"2026-09-17 10:26:16.872"}
{"level":"info","message":"================================================================================","metadata":{},"service":"ai-project","timestamp":"2026-09-17 10:26:16.873"}
{"level":"info","message":"服务器运行时间: 240 秒","metadata":{},"service":"ai-project","timestamp":"2026-09-17 10:26:16.873"}
{"level":"info","message":"总请求数: 102","metadata":{},"service":"ai-project","timestamp":"2026-09-17 10:26:16.873"}
{"level":"info","message":"成功请求数: 102","metadata":{},"service":"ai-project","timestamp":"2026-09-17 10:26:16.873"}
{"level":"info","message":"失败请求数: 0","metadata":{},"service":"ai-project","timestamp":"2026-09-17 10:26:16.874"}
{"level":"info","message":"请求成功率: 100.00%","metadata":{},"service":"ai-project","timestamp":"2026-09-17 10:26:16.875"}
{"level":"info","message":"平均响应时间: 16.23 ms","metadata":{},"service":"ai-project","timestamp":"2026-09-17 10:26:16.875"}
{"level":"info","message":"总接收数据: 56.18 KB","metadata":{},"service":"ai-project","timestamp":"2026-09-17 10:26:16.876"}
{"level":"info","message":"总发送数据: 3.79 KB","metadata":{},"service":"ai-project","timestamp":"2026-09-17 10:26:16.876"}
{"level":"info","message":"当前连接数: 1","metadata":{},"service":"ai-project","timestamp":"2026-09-17 10:26:16.877"}
{"level":"info","message":"连接池使用率: 0.10%","metadata":{},"service":"ai-project","timestamp":"2026-09-17 10:26:16.877"}
{"level":"info","message":"连接池峰值: 1","metadata":{},"service":"ai-project","timestamp":"2026-09-17 10:26:16.878"}
{"level":"info","message":"总连接数: 2","metadata":{},"service":"ai-project","timestamp":"2026-09-17 10:26:16.878"}
{"level":"info","message":"失败连接数: 0","metadata":{},"service":"ai-project","timestamp":"2026-09-17 10:26:16.878"}
{"level":"info","message":"已关闭连接数: 1","metadata":{},"service":"ai-project","timestamp":"2026-09-17 10:26:16.879"}
{"level":"info","message":"================================================================================","metadata":{},"service":"ai-project","timestamp":"2026-09-17 10:26:16.879"}
{"level":"info","message":"================================================================================","metadata":{},"service":"ai-project","timestamp":"2026-09-17 10:27:16.873"}
{"level":"info","message":"性能监控指标","metadata":{},"service":"ai-project","timestamp":"2026-09-17 10:27:16.874"}
{"level":"info","message":"================================================================================","metadata":{},"service":"ai-project","timestamp":"2026-09-17 10:27:16.874"}
{"level":"info","message":"服务器运行时间: 300 秒","metadata":{},"service":"ai-project","timestamp":"2026-09-17 10:27:16.874"}
{"level":"info","message":"总请求数: 142","metadata":{},"service":"ai-project","timestamp":"2026-09-17 10:27:16.874"}
{"level":"info","message":"成功请求数: 142","metadata":{},"service":"ai-project","timestamp":"2026-09-17 10:27:16.874"}
{"level":"info","message":"失败请求数: 0","metadata":{},"service":"ai-project","timestamp":"2026-09-17 10:27:16.874"}
{"level":"info","message":"请求成功率: 100.00%","metadata":{},"service":"ai-project","timestamp":"2026-09-17 10:27:16.874"}
{"level":"info","message":"平均响应时间: 18.09 ms","metadata":{},"service":"ai-project","timestamp":"2026-09-17 10:27:16.875"}
{"level":"info","message":"总接收数据: 78.21 KB","metadata":{},"service":"ai-project","timestamp":"2026-09-17 10:27:16.875"}
{"level":"info","message":"总发送数据: 5.27 KB","metadata":{},"service":"ai-project","timestamp":"2026-09-17 10:27:16.875"}
{"level":"info","message":"当前连接数: 1","metadata":{},"service":"ai-project","timestamp":"2026-09-17 10:27:16.875"}
{"level":"info","message":"连接池使用率: 0.10%","metadata":{},"service":"ai-project","timestamp":"2026-09-17 10:27:16.875"}
{"level":"info","message":"连接池峰值: 1","metadata":{},"service":"ai-project","timestamp":"2026-09-17 10:27:16.875"}
{"level":"info","message":"总连接数: 2","metadata":{},"service":"ai-project","timestamp":"2026-09-17 10:27:16.876"}
{"level":"info","message":"失败连接数: 0","metadata":{},"service":"ai-project","timestamp":"2026-09-17 10:27:16.876"}
{"level":"info","message":"已关闭连接数: 1","metadata":{},"service":"ai-project","timestamp":"2026-09-17 10:27:16.876"}
{"level":"info","message":"================================================================================","metadata":{},"service":"ai-project","timestamp":"2026-09-17 10:27:16.876"}
{"level":"warn","message":"客户端 #2 心跳超时，断开连接","metadata":{"clientInfo":"172.20.10.14:37872","timeSinceLastReceived":149984},"service":"ai-project","timestamp":"2026-09-17 10:28:16.879"}
{"level":"info","message":"================================================================================","metadata":{},"service":"ai-project","timestamp":"2026-09-17 10:28:16.880"}
{"level":"info","message":"性能监控指标","metadata":{},"service":"ai-project","timestamp":"2026-09-17 10:28:16.880"}
{"level":"info","message":"================================================================================","metadata":{},"service":"ai-project","timestamp":"2026-09-17 10:28:16.880"}
{"level":"info","message":"服务器运行时间: 360 秒","metadata":{},"service":"ai-project","timestamp":"2026-09-17 10:28:16.880"}
{"level":"info","message":"总请求数: 182","metadata":{},"service":"ai-project","timestamp":"2026-09-17 10:28:16.880"}
{"level":"info","message":"成功请求数: 182","metadata":{},"service":"ai-project","timestamp":"2026-09-17 10:28:16.881"}
{"level":"info","message":"失败请求数: 0","metadata":{},"service":"ai-project","timestamp":"2026-09-17 10:28:16.881"}
{"level":"info","message":"请求成功率: 100.00%","metadata":{},"service":"ai-project","timestamp":"2026-09-17 10:28:16.881"}
{"level":"info","message":"平均响应时间: 16.54 ms","metadata":{},"service":"ai-project","timestamp":"2026-09-17 10:28:16.881"}
{"level":"info","message":"总接收数据: 100.24 KB","metadata":{},"service":"ai-project","timestamp":"2026-09-17 10:28:16.881"}
{"level":"info","message":"总发送数据: 6.75 KB","metadata":{},"service":"ai-project","timestamp":"2026-09-17 10:28:16.882"}
{"level":"info","message":"当前连接数: 1","metadata":{},"service":"ai-project","timestamp":"2026-09-17 10:28:16.882"}
{"level":"info","message":"连接池使用率: 0.10%","metadata":{},"service":"ai-project","timestamp":"2026-09-17 10:28:16.882"}
{"level":"info","message":"连接池峰值: 1","metadata":{},"service":"ai-project","timestamp":"2026-09-17 10:28:16.882"}
{"level":"info","message":"总连接数: 2","metadata":{},"service":"ai-project","timestamp":"2026-09-17 10:28:16.882"}
{"level":"info","message":"失败连接数: 0","metadata":{},"service":"ai-project","timestamp":"2026-09-17 10:28:16.883"}
{"level":"info","message":"已关闭连接数: 1","metadata":{},"service":"ai-project","timestamp":"2026-09-17 10:28:16.883"}
{"level":"info","message":"================================================================================","metadata":{},"service":"ai-project","timestamp":"2026-09-17 10:28:16.883"}
{"level":"info","message":"客户端 #2 (172.20.10.14:37872) 主动断开连接","metadata":{"currentConnections":0},"service":"ai-project","timestamp":"2026-09-17 10:28:16.896"}
{"level":"info","message":"客户端 #2 (172.20.10.14:37872) 连接正常关闭","metadata":{"currentConnections":-1},"service":"ai-project","timestamp":"2026-09-17 10:28:16.897"}
{"level":"info","message":"客户端 #3 已连接 - 172.20.10.14:31524","metadata":{"currentConnections":1,"maxConnections":1000},"service":"ai-project","timestamp":"2026-09-17 10:28:17.013"}
{"level":"info","message":"================================================================================","metadata":{},"service":"ai-project","timestamp":"2026-09-17 10:29:16.889"}
{"level":"info","message":"性能监控指标","metadata":{},"service":"ai-project","timestamp":"2026-09-17 10:29:16.890"}
{"level":"info","message":"================================================================================","metadata":{},"service":"ai-project","timestamp":"2026-09-17 10:29:16.890"}
{"level":"info","message":"服务器运行时间: 420 秒","metadata":{},"service":"ai-project","timestamp":"2026-09-17 10:29:16.890"}
{"level":"info","message":"总请求数: 222","metadata":{},"service":"ai-project","timestamp":"2026-09-17 10:29:16.890"}
{"level":"info","message":"成功请求数: 222","metadata":{},"service":"ai-project","timestamp":"2026-09-17 10:29:16.890"}
{"level":"info","message":"失败请求数: 0","metadata":{},"service":"ai-project","timestamp":"2026-09-17 10:29:16.890"}
{"level":"info","message":"请求成功率: 100.00%","metadata":{},"service":"ai-project","timestamp":"2026-09-17 10:29:16.890"}
{"level":"info","message":"平均响应时间: 10.38 ms","metadata":{},"service":"ai-project","timestamp":"2026-09-17 10:29:16.891"}
{"level":"info","message":"总接收数据: 122.27 KB","metadata":{},"service":"ai-project","timestamp":"2026-09-17 10:29:16.891"}
{"level":"info","message":"总发送数据: 8.24 KB","metadata":{},"service":"ai-project","timestamp":"2026-09-17 10:29:16.891"}
{"level":"info","message":"当前连接数: 1","metadata":{},"service":"ai-project","timestamp":"2026-09-17 10:29:16.891"}
{"level":"info","message":"连接池使用率: 0.10%","metadata":{},"service":"ai-project","timestamp":"2026-09-17 10:29:16.891"}
{"level":"info","message":"连接池峰值: 1","metadata":{},"service":"ai-project","timestamp":"2026-09-17 10:29:16.891"}
{"level":"info","message":"总连接数: 3","metadata":{},"service":"ai-project","timestamp":"2026-09-17 10:29:16.891"}
{"level":"info","message":"失败连接数: 0","metadata":{},"service":"ai-project","timestamp":"2026-09-17 10:29:16.891"}
{"level":"info","message":"已关闭连接数: 2","metadata":{},"service":"ai-project","timestamp":"2026-09-17 10:29:16.891"}
{"level":"info","message":"================================================================================","metadata":{},"service":"ai-project","timestamp":"2026-09-17 10:29:16.892"}
{"level":"info","message":"================================================================================","metadata":{},"service":"ai-project","timestamp":"2026-09-17 10:30:16.890"}
{"level":"info","message":"性能监控指标","metadata":{},"service":"ai-project","timestamp":"2026-09-17 10:30:16.891"}
{"level":"info","message":"================================================================================","metadata":{},"service":"ai-project","timestamp":"2026-09-17 10:30:16.891"}
{"level":"info","message":"服务器运行时间: 480 秒","metadata":{},"service":"ai-project","timestamp":"2026-09-17 10:30:16.891"}
{"level":"info","message":"总请求数: 262","metadata":{},"service":"ai-project","timestamp":"2026-09-17 10:30:16.891"}
{"level":"info","message":"成功请求数: 262","metadata":{},"service":"ai-project","timestamp":"2026-09-17 10:30:16.891"}
{"level":"info","message":"失败请求数: 0","metadata":{},"service":"ai-project","timestamp":"2026-09-17 10:30:16.891"}
{"level":"info","message":"请求成功率: 100.00%","metadata":{},"service":"ai-project","timestamp":"2026-09-17 10:30:16.891"}
{"level":"info","message":"平均响应时间: 11.15 ms","metadata":{},"service":"ai-project","timestamp":"2026-09-17 10:30:16.891"}
{"level":"info","message":"总接收数据: 144.30 KB","metadata":{},"service":"ai-project","timestamp":"2026-09-17 10:30:16.892"}
{"level":"info","message":"总发送数据: 9.72 KB","metadata":{},"service":"ai-project","timestamp":"2026-09-17 10:30:16.892"}
{"level":"info","message":"当前连接数: 1","metadata":{},"service":"ai-project","timestamp":"2026-09-17 10:30:16.892"}
{"level":"info","message":"连接池使用率: 0.10%","metadata":{},"service":"ai-project","timestamp":"2026-09-17 10:30:16.892"}
{"level":"info","message":"连接池峰值: 1","metadata":{},"service":"ai-project","timestamp":"2026-09-17 10:30:16.892"}
{"level":"info","message":"总连接数: 3","metadata":{},"service":"ai-project","timestamp":"2026-09-17 10:30:16.892"}
{"level":"info","message":"失败连接数: 0","metadata":{},"service":"ai-project","timestamp":"2026-09-17 10:30:16.892"}
{"level":"info","message":"已关闭连接数: 2","metadata":{},"service":"ai-project","timestamp":"2026-09-17 10:30:16.893"}
{"level":"info","message":"================================================================================","metadata":{},"service":"ai-project","timestamp":"2026-09-17 10:30:16.893"}
{"level":"warn","message":"客户端 #3 心跳超时，断开连接","metadata":{"clientInfo":"172.20.10.14:31524","timeSinceLastReceived":149962},"service":"ai-project","timestamp":"2026-09-17 10:31:16.901"}
{"level":"info","message":"================================================================================","metadata":{},"service":"ai-project","timestamp":"2026-09-17 10:31:16.901"}
{"level":"info","message":"性能监控指标","metadata":{},"service":"ai-project","timestamp":"2026-09-17 10:31:16.902"}
{"level":"info","message":"================================================================================","metadata":{},"service":"ai-project","timestamp":"2026-09-17 10:31:16.902"}
{"level":"info","message":"服务器运行时间: 540 秒","metadata":{},"service":"ai-project","timestamp":"2026-09-17 10:31:16.902"}
{"level":"info","message":"总请求数: 302","metadata":{},"service":"ai-project","timestamp":"2026-09-17 10:31:16.902"}
{"level":"info","message":"成功请求数: 302","metadata":{},"service":"ai-project","timestamp":"2026-09-17 10:31:16.902"}
{"level":"info","message":"失败请求数: 0","metadata":{},"service":"ai-project","timestamp":"2026-09-17 10:31:16.902"}
{"level":"info","message":"请求成功率: 100.00%","metadata":{},"service":"ai-project","timestamp":"2026-09-17 10:31:16.902"}
{"level":"info","message":"平均响应时间: 9.84 ms","metadata":{},"service":"ai-project","timestamp":"2026-09-17 10:31:16.902"}
{"level":"info","message":"总接收数据: 166.34 KB","metadata":{},"service":"ai-project","timestamp":"2026-09-17 10:31:16.902"}
{"level":"info","message":"总发送数据: 11.21 KB","metadata":{},"service":"ai-project","timestamp":"2026-09-17 10:31:16.902"}
{"level":"info","message":"当前连接数: 1","metadata":{},"service":"ai-project","timestamp":"2026-09-17 10:31:16.903"}
{"level":"info","message":"连接池使用率: 0.10%","metadata":{},"service":"ai-project","timestamp":"2026-09-17 10:31:16.903"}
{"level":"info","message":"连接池峰值: 1","metadata":{},"service":"ai-project","timestamp":"2026-09-17 10:31:16.903"}
{"level":"info","message":"总连接数: 3","metadata":{},"service":"ai-project","timestamp":"2026-09-17 10:31:16.903"}
{"level":"info","message":"失败连接数: 0","metadata":{},"service":"ai-project","timestamp":"2026-09-17 10:31:16.903"}
{"level":"info","message":"已关闭连接数: 2","metadata":{},"service":"ai-project","timestamp":"2026-09-17 10:31:16.903"}
{"level":"info","message":"================================================================================","metadata":{},"service":"ai-project","timestamp":"2026-09-17 10:31:16.903"}
{"level":"error","message":"客户端 #3 (172.20.10.14:31524) 连接错误","metadata":{"errorCode":"ERR_STREAM_WRITE_AFTER_END","errorMessage":"write after end"},"service":"ai-project","timestamp":"2026-09-17 10:31:16.982"}
{"level":"info","message":"当前连接数: 0","metadata":{"clientId":3,"clientInfo":"172.20.10.14:31524"},"service":"ai-project","timestamp":"2026-09-17 10:31:16.982"}
{"level":"warn","message":"客户端 #3 (172.20.10.14:31524) 连接异常关闭","metadata":{"currentConnections":-1},"service":"ai-project","timestamp":"2026-09-17 10:31:16.983"}
{"level":"info","message":"客户端 #4 已连接 - 172.20.10.14:12134","metadata":{"currentConnections":1,"maxConnections":1000},"service":"ai-project","timestamp":"2026-09-17 10:31:17.076"}
{"level":"info","message":"================================================================================","metadata":{},"service":"ai-project","timestamp":"2026-09-17 10:32:16.906"}
{"level":"info","message":"性能监控指标","metadata":{},"service":"ai-project","timestamp":"2026-09-17 10:32:16.906"}
{"level":"info","message":"================================================================================","metadata":{},"service":"ai-project","timestamp":"2026-09-17 10:32:16.907"}
{"level":"info","message":"服务器运行时间: 600 秒","metadata":{},"service":"ai-project","timestamp":"2026-09-17 10:32:16.907"}
{"level":"info","message":"总请求数: 341","metadata":{},"service":"ai-project","timestamp":"2026-09-17 10:32:16.907"}
{"level":"info","message":"成功请求数: 341","metadata":{},"service":"ai-project","timestamp":"2026-09-17 10:32:16.907"}
{"level":"info","message":"失败请求数: 0","metadata":{},"service":"ai-project","timestamp":"2026-09-17 10:32:16.907"}
{"level":"info","message":"请求成功率: 100.00%","metadata":{},"service":"ai-project","timestamp":"2026-09-17 10:32:16.907"}
{"level":"info","message":"平均响应时间: 8.32 ms","metadata":{},"service":"ai-project","timestamp":"2026-09-17 10:32:16.907"}
{"level":"info","message":"总接收数据: 187.82 KB","metadata":{},"service":"ai-project","timestamp":"2026-09-17 10:32:16.908"}
{"level":"info","message":"总发送数据: 12.65 KB","metadata":{},"service":"ai-project","timestamp":"2026-09-17 10:32:16.908"}
{"level":"info","message":"当前连接数: 1","metadata":{},"service":"ai-project","timestamp":"2026-09-17 10:32:16.908"}
{"level":"info","message":"连接池使用率: 0.10%","metadata":{},"service":"ai-project","timestamp":"2026-09-17 10:32:16.908"}
{"level":"info","message":"连接池峰值: 1","metadata":{},"service":"ai-project","timestamp":"2026-09-17 10:32:16.908"}
{"level":"info","message":"总连接数: 4","metadata":{},"service":"ai-project","timestamp":"2026-09-17 10:32:16.908"}
{"level":"info","message":"失败连接数: 0","metadata":{},"service":"ai-project","timestamp":"2026-09-17 10:32:16.908"}
{"level":"info","message":"已关闭连接数: 3","metadata":{},"service":"ai-project","timestamp":"2026-09-17 10:32:16.909"}
{"level":"info","message":"================================================================================","metadata":{},"service":"ai-project","timestamp":"2026-09-17 10:32:16.909"}
{"level":"info","message":"================================================================================","metadata":{},"service":"ai-project","timestamp":"2026-09-17 10:33:16.917"}
{"level":"info","message":"性能监控指标","metadata":{},"service":"ai-project","timestamp":"2026-09-17 10:33:16.918"}
{"level":"info","message":"================================================================================","metadata":{},"service":"ai-project","timestamp":"2026-09-17 10:33:16.918"}
{"level":"info","message":"服务器运行时间: 660 秒","metadata":{},"service":"ai-project","timestamp":"2026-09-17 10:33:16.918"}
{"level":"info","message":"总请求数: 381","metadata":{},"service":"ai-project","timestamp":"2026-09-17 10:33:16.919"}
{"level":"info","message":"成功请求数: 381","metadata":{},"service":"ai-project","timestamp":"2026-09-17 10:33:16.919"}
{"level":"info","message":"失败请求数: 0","metadata":{},"service":"ai-project","timestamp":"2026-09-17 10:33:16.919"}
{"level":"info","message":"请求成功率: 100.00%","metadata":{},"service":"ai-project","timestamp":"2026-09-17 10:33:16.919"}
{"level":"info","message":"平均响应时间: 7.54 ms","metadata":{},"service":"ai-project","timestamp":"2026-09-17 10:33:16.919"}
{"level":"info","message":"总接收数据: 209.85 KB","metadata":{},"service":"ai-project","timestamp":"2026-09-17 10:33:16.919"}
{"level":"info","message":"总发送数据: 14.14 KB","metadata":{},"service":"ai-project","timestamp":"2026-09-17 10:33:16.919"}
{"level":"info","message":"当前连接数: 1","metadata":{},"service":"ai-project","timestamp":"2026-09-17 10:33:16.920"}
{"level":"info","message":"连接池使用率: 0.10%","metadata":{},"service":"ai-project","timestamp":"2026-09-17 10:33:16.920"}
{"level":"info","message":"连接池峰值: 1","metadata":{},"service":"ai-project","timestamp":"2026-09-17 10:33:16.920"}
{"level":"info","message":"总连接数: 4","metadata":{},"service":"ai-project","timestamp":"2026-09-17 10:33:16.920"}
{"level":"info","message":"失败连接数: 0","metadata":{},"service":"ai-project","timestamp":"2026-09-17 10:33:16.920"}
{"level":"info","message":"已关闭连接数: 3","metadata":{},"service":"ai-project","timestamp":"2026-09-17 10:33:16.920"}
{"level":"info","message":"================================================================================","metadata":{},"service":"ai-project","timestamp":"2026-09-17 10:33:16.920"}
{"level":"warn","message":"客户端 #4 心跳超时，断开连接","metadata":{"clientInfo":"172.20.10.14:12134","timeSinceLastReceived":149923},"service":"ai-project","timestamp":"2026-09-17 10:34:16.918"}
{"level":"info","message":"================================================================================","metadata":{},"service":"ai-project","timestamp":"2026-09-17 10:34:16.918"}
{"level":"info","message":"性能监控指标","metadata":{},"service":"ai-project","timestamp":"2026-09-17 10:34:16.919"}
{"level":"info","message":"================================================================================","metadata":{},"service":"ai-project","timestamp":"2026-09-17 10:34:16.919"}
{"level":"info","message":"服务器运行时间: 720 秒","metadata":{},"service":"ai-project","timestamp":"2026-09-17 10:34:16.919"}
{"level":"info","message":"总请求数: 421","metadata":{},"service":"ai-project","timestamp":"2026-09-17 10:34:16.920"}
{"level":"info","message":"成功请求数: 421","metadata":{},"service":"ai-project","timestamp":"2026-09-17 10:34:16.920"}
{"level":"info","message":"失败请求数: 0","metadata":{},"service":"ai-project","timestamp":"2026-09-17 10:34:16.920"}
{"level":"info","message":"请求成功率: 100.00%","metadata":{},"service":"ai-project","timestamp":"2026-09-17 10:34:16.920"}
{"level":"info","message":"平均响应时间: 8.46 ms","metadata":{},"service":"ai-project","timestamp":"2026-09-17 10:34:16.920"}
{"level":"info","message":"总接收数据: 231.88 KB","metadata":{},"service":"ai-project","timestamp":"2026-09-17 10:34:16.920"}
{"level":"info","message":"总发送数据: 15.62 KB","metadata":{},"service":"ai-project","timestamp":"2026-09-17 10:34:16.921"}
{"level":"info","message":"当前连接数: 1","metadata":{},"service":"ai-project","timestamp":"2026-09-17 10:34:16.921"}
{"level":"info","message":"连接池使用率: 0.10%","metadata":{},"service":"ai-project","timestamp":"2026-09-17 10:34:16.921"}
{"level":"info","message":"连接池峰值: 1","metadata":{},"service":"ai-project","timestamp":"2026-09-17 10:34:16.921"}
{"level":"info","message":"总连接数: 4","metadata":{},"service":"ai-project","timestamp":"2026-09-17 10:34:16.921"}
{"level":"info","message":"失败连接数: 0","metadata":{},"service":"ai-project","timestamp":"2026-09-17 10:34:16.921"}
{"level":"info","message":"已关闭连接数: 3","metadata":{},"service":"ai-project","timestamp":"2026-09-17 10:34:16.921"}
{"level":"info","message":"================================================================================","metadata":{},"service":"ai-project","timestamp":"2026-09-17 10:34:16.921"}
{"level":"error","message":"客户端 #4 (172.20.10.14:12134) 连接错误","metadata":{"errorCode":"ERR_STREAM_WRITE_AFTER_END","errorMessage":"write after end"},"service":"ai-project","timestamp":"2026-09-17 10:34:17.030"}
{"level":"info","message":"当前连接数: 0","metadata":{"clientId":4,"clientInfo":"172.20.10.14:12134"},"service":"ai-project","timestamp":"2026-09-17 10:34:17.030"}
{"level":"warn","message":"客户端 #4 (172.20.10.14:12134) 连接异常关闭","metadata":{"currentConnections":-1},"service":"ai-project","timestamp":"2026-09-17 10:34:17.031"}
{"level":"info","message":"客户端 #5 已连接 - 172.20.10.14:1405","metadata":{"currentConnections":1,"maxConnections":1000},"service":"ai-project","timestamp":"2026-09-17 10:34:17.101"}
{"level":"info","message":"================================================================================","metadata":{},"service":"ai-project","timestamp":"2026-09-17 10:35:16.928"}
{"level":"info","message":"性能监控指标","metadata":{},"service":"ai-project","timestamp":"2026-09-17 10:35:16.928"}
{"level":"info","message":"================================================================================","metadata":{},"service":"ai-project","timestamp":"2026-09-17 10:35:16.929"}
{"level":"info","message":"服务器运行时间: 780 秒","metadata":{},"service":"ai-project","timestamp":"2026-09-17 10:35:16.929"}
{"level":"info","message":"总请求数: 461","metadata":{},"service":"ai-project","timestamp":"2026-09-17 10:35:16.929"}
{"level":"info","message":"成功请求数: 461","metadata":{},"service":"ai-project","timestamp":"2026-09-17 10:35:16.930"}
{"level":"info","message":"失败请求数: 0","metadata":{},"service":"ai-project","timestamp":"2026-09-17 10:35:16.930"}
{"level":"info","message":"请求成功率: 100.00%","metadata":{},"service":"ai-project","timestamp":"2026-09-17 10:35:16.930"}
{"level":"info","message":"平均响应时间: 9.11 ms","metadata":{},"service":"ai-project","timestamp":"2026-09-17 10:35:16.930"}
{"level":"info","message":"总接收数据: 253.91 KB","metadata":{},"service":"ai-project","timestamp":"2026-09-17 10:35:16.931"}
{"level":"info","message":"总发送数据: 17.11 KB","metadata":{},"service":"ai-project","timestamp":"2026-09-17 10:35:16.931"}
{"level":"info","message":"当前连接数: 1","metadata":{},"service":"ai-project","timestamp":"2026-09-17 10:35:16.931"}
{"level":"info","message":"连接池使用率: 0.10%","metadata":{},"service":"ai-project","timestamp":"2026-09-17 10:35:16.931"}
{"level":"info","message":"连接池峰值: 1","metadata":{},"service":"ai-project","timestamp":"2026-09-17 10:35:16.932"}
{"level":"info","message":"总连接数: 5","metadata":{},"service":"ai-project","timestamp":"2026-09-17 10:35:16.932"}
{"level":"info","message":"失败连接数: 0","metadata":{},"service":"ai-project","timestamp":"2026-09-17 10:35:16.932"}
{"level":"info","message":"已关闭连接数: 4","metadata":{},"service":"ai-project","timestamp":"2026-09-17 10:35:16.932"}
{"level":"info","message":"================================================================================","metadata":{},"service":"ai-project","timestamp":"2026-09-17 10:35:16.932"}
{"level":"info","message":"SSE 客户端连接","metadata":{"clientCount":1},"service":"ai-project","timestamp":"2026-09-17 10:35:36.657"}
{"level":"info","message":"数据库连接创建:","metadata":{"threadId":73},"service":"ai-project","timestamp":"2026-09-17 10:35:36.955"}
{"level":"info","message":"================================================================================","metadata":{},"service":"ai-project","timestamp":"2026-09-17 10:36:16.937"}
{"level":"info","message":"性能监控指标","metadata":{},"service":"ai-project","timestamp":"2026-09-17 10:36:16.938"}
{"level":"info","message":"================================================================================","metadata":{},"service":"ai-project","timestamp":"2026-09-17 10:36:16.938"}
{"level":"info","message":"服务器运行时间: 840 秒","metadata":{},"service":"ai-project","timestamp":"2026-09-17 10:36:16.938"}
{"level":"info","message":"总请求数: 501","metadata":{},"service":"ai-project","timestamp":"2026-09-17 10:36:16.938"}
{"level":"info","message":"成功请求数: 501","metadata":{},"service":"ai-project","timestamp":"2026-09-17 10:36:16.939"}
{"level":"info","message":"失败请求数: 0","metadata":{},"service":"ai-project","timestamp":"2026-09-17 10:36:16.939"}
{"level":"info","message":"请求成功率: 100.00%","metadata":{},"service":"ai-project","timestamp":"2026-09-17 10:36:16.939"}
{"level":"info","message":"平均响应时间: 10.04 ms","metadata":{},"service":"ai-project","timestamp":"2026-09-17 10:36:16.939"}
{"level":"info","message":"总接收数据: 275.94 KB","metadata":{},"service":"ai-project","timestamp":"2026-09-17 10:36:16.939"}
{"level":"info","message":"总发送数据: 18.59 KB","metadata":{},"service":"ai-project","timestamp":"2026-09-17 10:36:16.939"}
{"level":"info","message":"当前连接数: 1","metadata":{},"service":"ai-project","timestamp":"2026-09-17 10:36:16.940"}
{"level":"info","message":"连接池使用率: 0.10%","metadata":{},"service":"ai-project","timestamp":"2026-09-17 10:36:16.940"}
{"level":"info","message":"连接池峰值: 1","metadata":{},"service":"ai-project","timestamp":"2026-09-17 10:36:16.940"}
{"level":"info","message":"总连接数: 5","metadata":{},"service":"ai-project","timestamp":"2026-09-17 10:36:16.940"}
{"level":"info","message":"失败连接数: 0","metadata":{},"service":"ai-project","timestamp":"2026-09-17 10:36:16.940"}
{"level":"info","message":"已关闭连接数: 4","metadata":{},"service":"ai-project","timestamp":"2026-09-17 10:36:16.941"}
{"level":"info","message":"================================================================================","metadata":{},"service":"ai-project","timestamp":"2026-09-17 10:36:16.941"}
{"level":"info","message":"数据库连接创建:","metadata":{"threadId":74},"service":"ai-project","timestamp":"2026-09-17 10:36:36.978"}
{"level":"warn","message":"客户端 #5 心跳超时，断开连接","metadata":{"clientInfo":"172.20.10.14:1405","timeSinceLastReceived":149905},"service":"ai-project","timestamp":"2026-09-17 10:37:16.949"}
{"level":"info","message":"================================================================================","metadata":{},"service":"ai-project","timestamp":"2026-09-17 10:37:16.950"}
{"level":"info","message":"性能监控指标","metadata":{},"service":"ai-project","timestamp":"2026-09-17 10:37:16.950"}
{"level":"info","message":"================================================================================","metadata":{},"service":"ai-project","timestamp":"2026-09-17 10:37:16.950"}
{"level":"info","message":"服务器运行时间: 900 秒","metadata":{},"service":"ai-project","timestamp":"2026-09-17 10:37:16.951"}
{"level":"info","message":"总请求数: 541","metadata":{},"service":"ai-project","timestamp":"2026-09-17 10:37:16.951"}
{"level":"info","message":"成功请求数: 541","metadata":{},"service":"ai-project","timestamp":"2026-09-17 10:37:16.951"}
{"level":"info","message":"失败请求数: 0","metadata":{},"service":"ai-project","timestamp":"2026-09-17 10:37:16.951"}
{"level":"info","message":"请求成功率: 100.00%","metadata":{},"service":"ai-project","timestamp":"2026-09-17 10:37:16.951"}
{"level":"info","message":"平均响应时间: 9.85 ms","metadata":{},"service":"ai-project","timestamp":"2026-09-17 10:37:16.951"}
{"level":"info","message":"总接收数据: 297.97 KB","metadata":{},"service":"ai-project","timestamp":"2026-09-17 10:37:16.951"}
{"level":"info","message":"总发送数据: 20.08 KB","metadata":{},"service":"ai-project","timestamp":"2026-09-17 10:37:16.952"}
{"level":"info","message":"当前连接数: 1","metadata":{},"service":"ai-project","timestamp":"2026-09-17 10:37:16.952"}
{"level":"info","message":"连接池使用率: 0.10%","metadata":{},"service":"ai-project","timestamp":"2026-09-17 10:37:16.952"}
{"level":"info","message":"连接池峰值: 1","metadata":{},"service":"ai-project","timestamp":"2026-09-17 10:37:16.952"}
{"level":"info","message":"总连接数: 5","metadata":{},"service":"ai-project","timestamp":"2026-09-17 10:37:16.952"}
{"level":"info","message":"失败连接数: 0","metadata":{},"service":"ai-project","timestamp":"2026-09-17 10:37:16.953"}
{"level":"info","message":"已关闭连接数: 4","metadata":{},"service":"ai-project","timestamp":"2026-09-17 10:37:16.953"}
{"level":"info","message":"================================================================================","metadata":{},"service":"ai-project","timestamp":"2026-09-17 10:37:16.953"}
{"level":"info","message":"客户端 #5 (172.20.10.14:1405) 主动断开连接","metadata":{"currentConnections":0},"service":"ai-project","timestamp":"2026-09-17 10:37:17.061"}
{"level":"info","message":"客户端 #5 (172.20.10.14:1405) 连接正常关闭","metadata":{"currentConnections":-1},"service":"ai-project","timestamp":"2026-09-17 10:37:17.062"}
{"level":"info","message":"客户端 #6 已连接 - 172.20.10.14:25815","metadata":{"currentConnections":1,"maxConnections":1000},"service":"ai-project","timestamp":"2026-09-17 10:37:17.142"}
{"level":"info","message":"================================================================================","metadata":{},"service":"ai-project","timestamp":"2026-09-17 10:38:16.954"}
{"level":"info","message":"性能监控指标","metadata":{},"service":"ai-project","timestamp":"2026-09-17 10:38:16.955"}
{"level":"info","message":"================================================================================","metadata":{},"service":"ai-project","timestamp":"2026-09-17 10:38:16.955"}
{"level":"info","message":"服务器运行时间: 960 秒","metadata":{},"service":"ai-project","timestamp":"2026-09-17 10:38:16.955"}
{"level":"info","message":"总请求数: 580","metadata":{},"service":"ai-project","timestamp":"2026-09-17 10:38:16.955"}
{"level":"info","message":"成功请求数: 580","metadata":{},"service":"ai-project","timestamp":"2026-09-17 10:38:16.955"}
{"level":"info","message":"失败请求数: 0","metadata":{},"service":"ai-project","timestamp":"2026-09-17 10:38:16.956"}
{"level":"info","message":"请求成功率: 100.00%","metadata":{},"service":"ai-project","timestamp":"2026-09-17 10:38:16.956"}
{"level":"info","message":"平均响应时间: 10.50 ms","metadata":{},"service":"ai-project","timestamp":"2026-09-17 10:38:16.956"}
{"level":"info","message":"总接收数据: 319.45 KB","metadata":{},"service":"ai-project","timestamp":"2026-09-17 10:38:16.956"}
{"level":"info","message":"总发送数据: 21.52 KB","metadata":{},"service":"ai-project","timestamp":"2026-09-17 10:38:16.956"}
{"level":"info","message":"当前连接数: 1","metadata":{},"service":"ai-project","timestamp":"2026-09-17 10:38:16.956"}
{"level":"info","message":"连接池使用率: 0.10%","metadata":{},"service":"ai-project","timestamp":"2026-09-17 10:38:16.957"}
{"level":"info","message":"连接池峰值: 1","metadata":{},"service":"ai-project","timestamp":"2026-09-17 10:38:16.957"}
{"level":"info","message":"总连接数: 6","metadata":{},"service":"ai-project","timestamp":"2026-09-17 10:38:16.957"}
{"level":"info","message":"失败连接数: 0","metadata":{},"service":"ai-project","timestamp":"2026-09-17 10:38:16.957"}
{"level":"info","message":"已关闭连接数: 5","metadata":{},"service":"ai-project","timestamp":"2026-09-17 10:38:16.957"}
{"level":"info","message":"================================================================================","metadata":{},"service":"ai-project","timestamp":"2026-09-17 10:38:16.957"}
{"level":"info","message":"================================================================================","metadata":{},"service":"ai-project","timestamp":"2026-09-17 10:39:16.965"}
{"level":"info","message":"性能监控指标","metadata":{},"service":"ai-project","timestamp":"2026-09-17 10:39:16.966"}
{"level":"info","message":"================================================================================","metadata":{},"service":"ai-project","timestamp":"2026-09-17 10:39:16.966"}
{"level":"info","message":"服务器运行时间: 1020 秒","metadata":{},"service":"ai-project","timestamp":"2026-09-17 10:39:16.966"}
{"level":"info","message":"总请求数: 620","metadata":{},"service":"ai-project","timestamp":"2026-09-17 10:39:16.966"}
{"level":"info","message":"成功请求数: 620","metadata":{},"service":"ai-project","timestamp":"2026-09-17 10:39:16.967"}
{"level":"info","message":"失败请求数: 0","metadata":{},"service":"ai-project","timestamp":"2026-09-17 10:39:16.967"}
{"level":"info","message":"请求成功率: 100.00%","metadata":{},"service":"ai-project","timestamp":"2026-09-17 10:39:16.967"}
{"level":"info","message":"平均响应时间: 10.68 ms","metadata":{},"service":"ai-project","timestamp":"2026-09-17 10:39:16.967"}
{"level":"info","message":"总接收数据: 341.48 KB","metadata":{},"service":"ai-project","timestamp":"2026-09-17 10:39:16.967"}
{"level":"info","message":"总发送数据: 23.01 KB","metadata":{},"service":"ai-project","timestamp":"2026-09-17 10:39:16.967"}
{"level":"info","message":"当前连接数: 1","metadata":{},"service":"ai-project","timestamp":"2026-09-17 10:39:16.967"}
{"level":"info","message":"连接池使用率: 0.10%","metadata":{},"service":"ai-project","timestamp":"2026-09-17 10:39:16.967"}
{"level":"info","message":"连接池峰值: 1","metadata":{},"service":"ai-project","timestamp":"2026-09-17 10:39:16.968"}
{"level":"info","message":"总连接数: 6","metadata":{},"service":"ai-project","timestamp":"2026-09-17 10:39:16.968"}
{"level":"info","message":"失败连接数: 0","metadata":{},"service":"ai-project","timestamp":"2026-09-17 10:39:16.968"}
{"level":"info","message":"已关闭连接数: 5","metadata":{},"service":"ai-project","timestamp":"2026-09-17 10:39:16.968"}
{"level":"info","message":"================================================================================","metadata":{},"service":"ai-project","timestamp":"2026-09-17 10:39:16.968"}
{"level":"warn","message":"客户端 #6 心跳超时，断开连接","metadata":{"clientInfo":"172.20.10.14:25815","timeSinceLastReceived":149906},"service":"ai-project","timestamp":"2026-09-17 10:40:16.979"}
{"level":"info","message":"================================================================================","metadata":{},"service":"ai-project","timestamp":"2026-09-17 10:40:16.980"}
{"level":"info","message":"性能监控指标","metadata":{},"service":"ai-project","timestamp":"2026-09-17 10:40:16.980"}
{"level":"info","message":"================================================================================","metadata":{},"service":"ai-project","timestamp":"2026-09-17 10:40:16.980"}
{"level":"info","message":"服务器运行时间: 1080 秒","metadata":{},"service":"ai-project","timestamp":"2026-09-17 10:40:16.981"}
{"level":"info","message":"总请求数: 660","metadata":{},"service":"ai-project","timestamp":"2026-09-17 10:40:16.981"}
{"level":"info","message":"成功请求数: 660","metadata":{},"service":"ai-project","timestamp":"2026-09-17 10:40:16.981"}
{"level":"info","message":"失败请求数: 0","metadata":{},"service":"ai-project","timestamp":"2026-09-17 10:40:16.981"}
{"level":"info","message":"请求成功率: 100.00%","metadata":{},"service":"ai-project","timestamp":"2026-09-17 10:40:16.981"}
{"level":"info","message":"平均响应时间: 11.41 ms","metadata":{},"service":"ai-project","timestamp":"2026-09-17 10:40:16.981"}
{"level":"info","message":"总接收数据: 363.52 KB","metadata":{},"service":"ai-project","timestamp":"2026-09-17 10:40:16.981"}
{"level":"info","message":"总发送数据: 24.49 KB","metadata":{},"service":"ai-project","timestamp":"2026-09-17 10:40:16.981"}
{"level":"info","message":"当前连接数: 1","metadata":{},"service":"ai-project","timestamp":"2026-09-17 10:40:16.981"}
{"level":"info","message":"连接池使用率: 0.10%","metadata":{},"service":"ai-project","timestamp":"2026-09-17 10:40:16.982"}
{"level":"info","message":"连接池峰值: 1","metadata":{},"service":"ai-project","timestamp":"2026-09-17 10:40:16.982"}
{"level":"info","message":"总连接数: 6","metadata":{},"service":"ai-project","timestamp":"2026-09-17 10:40:16.982"}
{"level":"info","message":"失败连接数: 0","metadata":{},"service":"ai-project","timestamp":"2026-09-17 10:40:16.982"}
{"level":"info","message":"已关闭连接数: 5","metadata":{},"service":"ai-project","timestamp":"2026-09-17 10:40:16.982"}
{"level":"info","message":"================================================================================","metadata":{},"service":"ai-project","timestamp":"2026-09-17 10:40:16.982"}
{"level":"info","message":"客户端 #6 (172.20.10.14:25815) 主动断开连接","metadata":{"currentConnections":0},"service":"ai-project","timestamp":"2026-09-17 10:40:17.100"}
{"level":"info","message":"客户端 #6 (172.20.10.14:25815) 连接正常关闭","metadata":{"currentConnections":-1},"service":"ai-project","timestamp":"2026-09-17 10:40:17.101"}
{"level":"info","message":"客户端 #7 已连接 - 172.20.10.14:12537","metadata":{"currentConnections":1,"maxConnections":1000},"service":"ai-project","timestamp":"2026-09-17 10:40:17.705"}
{"level":"info","message":"SSE 客户端连接","metadata":{"clientCount":2},"service":"ai-project","timestamp":"2026-09-17 10:40:18.882"}
{"level":"info","message":"SSE 客户端连接","metadata":{"clientCount":3},"service":"ai-project","timestamp":"2026-09-17 10:40:32.183"}
{"level":"info","message":"================================================================================","metadata":{},"service":"ai-project","timestamp":"2026-09-17 10:41:16.993"}
{"level":"info","message":"性能监控指标","metadata":{},"service":"ai-project","timestamp":"2026-09-17 10:41:16.994"}
{"level":"info","message":"================================================================================","metadata":{},"service":"ai-project","timestamp":"2026-09-17 10:41:16.994"}
{"level":"info","message":"服务器运行时间: 1140 秒","metadata":{},"service":"ai-project","timestamp":"2026-09-17 10:41:16.994"}
{"level":"info","message":"总请求数: 699","metadata":{},"service":"ai-project","timestamp":"2026-09-17 10:41:16.994"}
{"level":"info","message":"成功请求数: 699","metadata":{},"service":"ai-project","timestamp":"2026-09-17 10:41:16.995"}
{"level":"info","message":"失败请求数: 0","metadata":{},"service":"ai-project","timestamp":"2026-09-17 10:41:16.995"}
{"level":"info","message":"请求成功率: 100.00%","metadata":{},"service":"ai-project","timestamp":"2026-09-17 10:41:16.995"}
{"level":"info","message":"平均响应时间: 10.96 ms","metadata":{},"service":"ai-project","timestamp":"2026-09-17 10:41:16.995"}
{"level":"info","message":"总接收数据: 385.00 KB","metadata":{},"service":"ai-project","timestamp":"2026-09-17 10:41:16.996"}
{"level":"info","message":"总发送数据: 25.94 KB","metadata":{},"service":"ai-project","timestamp":"2026-09-17 10:41:16.996"}
{"level":"info","message":"当前连接数: 1","metadata":{},"service":"ai-project","timestamp":"2026-09-17 10:41:16.996"}
{"level":"info","message":"连接池使用率: 0.10%","metadata":{},"service":"ai-project","timestamp":"2026-09-17 10:41:16.996"}
{"level":"info","message":"连接池峰值: 1","metadata":{},"service":"ai-project","timestamp":"2026-09-17 10:41:16.996"}
{"level":"info","message":"总连接数: 7","metadata":{},"service":"ai-project","timestamp":"2026-09-17 10:41:16.996"}
{"level":"info","message":"失败连接数: 0","metadata":{},"service":"ai-project","timestamp":"2026-09-17 10:41:16.996"}
{"level":"info","message":"已关闭连接数: 6","metadata":{},"service":"ai-project","timestamp":"2026-09-17 10:41:16.997"}
{"level":"info","message":"================================================================================","metadata":{},"service":"ai-project","timestamp":"2026-09-17 10:41:16.997"}
{"level":"info","message":"SSE 客户端连接","metadata":{"clientCount":4},"service":"ai-project","timestamp":"2026-09-17 10:41:44.969"}
{"level":"info","message":"SSE 客户端连接","metadata":{"clientCount":5},"service":"ai-project","timestamp":"2026-09-17 10:42:05.205"}
{"level":"info","message":"================================================================================","metadata":{},"service":"ai-project","timestamp":"2026-09-17 10:42:16.998"}
{"level":"info","message":"性能监控指标","metadata":{},"service":"ai-project","timestamp":"2026-09-17 10:42:16.998"}
{"level":"info","message":"================================================================================","metadata":{},"service":"ai-project","timestamp":"2026-09-17 10:42:16.998"}
{"level":"info","message":"服务器运行时间: 1200 秒","metadata":{},"service":"ai-project","timestamp":"2026-09-17 10:42:16.999"}
{"level":"info","message":"总请求数: 739","metadata":{},"service":"ai-project","timestamp":"2026-09-17 10:42:16.999"}
{"level":"info","message":"成功请求数: 739","metadata":{},"service":"ai-project","timestamp":"2026-09-17 10:42:16.999"}
{"level":"info","message":"失败请求数: 0","metadata":{},"service":"ai-project","timestamp":"2026-09-17 10:42:16.999"}
{"level":"info","message":"请求成功率: 100.00%","metadata":{},"service":"ai-project","timestamp":"2026-09-17 10:42:17.000"}
{"level":"info","message":"平均响应时间: 10.52 ms","metadata":{},"service":"ai-project","timestamp":"2026-09-17 10:42:17.000"}
{"level":"info","message":"总接收数据: 407.03 KB","metadata":{},"service":"ai-project","timestamp":"2026-09-17 10:42:17.000"}
{"level":"info","message":"总发送数据: 27.42 KB","metadata":{},"service":"ai-project","timestamp":"2026-09-17 10:42:17.000"}
{"level":"info","message":"当前连接数: 1","metadata":{},"service":"ai-project","timestamp":"2026-09-17 10:42:17.000"}
{"level":"info","message":"连接池使用率: 0.10%","metadata":{},"service":"ai-project","timestamp":"2026-09-17 10:42:17.000"}
{"level":"info","message":"连接池峰值: 1","metadata":{},"service":"ai-project","timestamp":"2026-09-17 10:42:17.000"}
{"level":"info","message":"总连接数: 7","metadata":{},"service":"ai-project","timestamp":"2026-09-17 10:42:17.000"}
{"level":"info","message":"失败连接数: 0","metadata":{},"service":"ai-project","timestamp":"2026-09-17 10:42:17.001"}
{"level":"info","message":"已关闭连接数: 6","metadata":{},"service":"ai-project","timestamp":"2026-09-17 10:42:17.001"}
{"level":"info","message":"================================================================================","metadata":{},"service":"ai-project","timestamp":"2026-09-17 10:42:17.001"}
{"level":"warn","message":"客户端 #7 心跳超时，断开连接","metadata":{"clientInfo":"172.20.10.14:12537","timeSinceLastReceived":149898},"service":"ai-project","timestamp":"2026-09-17 10:43:17.005"}
{"level":"info","message":"================================================================================","metadata":{},"service":"ai-project","timestamp":"2026-09-17 10:43:17.006"}
{"level":"info","message":"性能监控指标","metadata":{},"service":"ai-project","timestamp":"2026-09-17 10:43:17.006"}
{"level":"info","message":"================================================================================","metadata":{},"service":"ai-project","timestamp":"2026-09-17 10:43:17.006"}
{"level":"info","message":"服务器运行时间: 1260 秒","metadata":{},"service":"ai-project","timestamp":"2026-09-17 10:43:17.006"}
{"level":"info","message":"总请求数: 779","metadata":{},"service":"ai-project","timestamp":"2026-09-17 10:43:17.007"}
{"level":"info","message":"成功请求数: 779","metadata":{},"service":"ai-project","timestamp":"2026-09-17 10:43:17.007"}
{"level":"info","message":"失败请求数: 0","metadata":{},"service":"ai-project","timestamp":"2026-09-17 10:43:17.007"}
{"level":"info","message":"请求成功率: 100.00%","metadata":{},"service":"ai-project","timestamp":"2026-09-17 10:43:17.007"}
{"level":"info","message":"平均响应时间: 9.11 ms","metadata":{},"service":"ai-project","timestamp":"2026-09-17 10:43:17.008"}
{"level":"info","message":"总接收数据: 429.06 KB","metadata":{},"service":"ai-project","timestamp":"2026-09-17 10:43:17.008"}
{"level":"info","message":"总发送数据: 28.91 KB","metadata":{},"service":"ai-project","timestamp":"2026-09-17 10:43:17.008"}
{"level":"info","message":"当前连接数: 1","metadata":{},"service":"ai-project","timestamp":"2026-09-17 10:43:17.008"}
{"level":"info","message":"连接池使用率: 0.10%","metadata":{},"service":"ai-project","timestamp":"2026-09-17 10:43:17.008"}
{"level":"info","message":"连接池峰值: 1","metadata":{},"service":"ai-project","timestamp":"2026-09-17 10:43:17.009"}
{"level":"info","message":"总连接数: 7","metadata":{},"service":"ai-project","timestamp":"2026-09-17 10:43:17.009"}
{"level":"info","message":"失败连接数: 0","metadata":{},"service":"ai-project","timestamp":"2026-09-17 10:43:17.009"}
{"level":"info","message":"已关闭连接数: 6","metadata":{},"service":"ai-project","timestamp":"2026-09-17 10:43:17.009"}
{"level":"info","message":"================================================================================","metadata":{},"service":"ai-project","timestamp":"2026-09-17 10:43:17.009"}
{"level":"info","message":"客户端 #7 (172.20.10.14:12537) 主动断开连接","metadata":{"currentConnections":0},"service":"ai-project","timestamp":"2026-09-17 10:43:17.106"}
{"level":"info","message":"客户端 #7 (172.20.10.14:12537) 连接正常关闭","metadata":{"currentConnections":-1},"service":"ai-project","timestamp":"2026-09-17 10:43:17.107"}
{"level":"info","message":"客户端 #8 已连接 - 172.20.10.14:23168","metadata":{"currentConnections":1,"maxConnections":1000},"service":"ai-project","timestamp":"2026-09-17 10:43:17.211"}
{"level":"info","message":"================================================================================","metadata":{},"service":"ai-project","timestamp":"2026-09-17 10:44:17.007"}
{"level":"info","message":"性能监控指标","metadata":{},"service":"ai-project","timestamp":"2026-09-17 10:44:17.008"}
{"level":"info","message":"================================================================================","metadata":{},"service":"ai-project","timestamp":"2026-09-17 10:44:17.008"}
{"level":"info","message":"服务器运行时间: 1320 秒","metadata":{},"service":"ai-project","timestamp":"2026-09-17 10:44:17.008"}
{"level":"info","message":"总请求数: 819","metadata":{},"service":"ai-project","timestamp":"2026-09-17 10:44:17.008"}
{"level":"info","message":"成功请求数: 819","metadata":{},"service":"ai-project","timestamp":"2026-09-17 10:44:17.008"}
{"level":"info","message":"失败请求数: 0","metadata":{},"service":"ai-project","timestamp":"2026-09-17 10:44:17.009"}
{"level":"info","message":"请求成功率: 100.00%","metadata":{},"service":"ai-project","timestamp":"2026-09-17 10:44:17.009"}
{"level":"info","message":"平均响应时间: 9.24 ms","metadata":{},"service":"ai-project","timestamp":"2026-09-17 10:44:17.009"}
{"level":"info","message":"总接收数据: 451.09 KB","metadata":{},"service":"ai-project","timestamp":"2026-09-17 10:44:17.009"}
{"level":"info","message":"总发送数据: 30.39 KB","metadata":{},"service":"ai-project","timestamp":"2026-09-17 10:44:17.009"}
{"level":"info","message":"当前连接数: 1","metadata":{},"service":"ai-project","timestamp":"2026-09-17 10:44:17.009"}
{"level":"info","message":"连接池使用率: 0.10%","metadata":{},"service":"ai-project","timestamp":"2026-09-17 10:44:17.009"}
{"level":"info","message":"连接池峰值: 1","metadata":{},"service":"ai-project","timestamp":"2026-09-17 10:44:17.009"}
{"level":"info","message":"总连接数: 8","metadata":{},"service":"ai-project","timestamp":"2026-09-17 10:44:17.009"}
{"level":"info","message":"失败连接数: 0","metadata":{},"service":"ai-project","timestamp":"2026-09-17 10:44:17.010"}
{"level":"info","message":"已关闭连接数: 7","metadata":{},"service":"ai-project","timestamp":"2026-09-17 10:44:17.010"}
{"level":"info","message":"================================================================================","metadata":{},"service":"ai-project","timestamp":"2026-09-17 10:44:17.010"}
{"level":"info","message":"================================================================================","metadata":{},"service":"ai-project","timestamp":"2026-09-17 10:45:17.012"}
{"level":"info","message":"性能监控指标","metadata":{},"service":"ai-project","timestamp":"2026-09-17 10:45:17.012"}
{"level":"info","message":"================================================================================","metadata":{},"service":"ai-project","timestamp":"2026-09-17 10:45:17.012"}
{"level":"info","message":"服务器运行时间: 1380 秒","metadata":{},"service":"ai-project","timestamp":"2026-09-17 10:45:17.012"}
{"level":"info","message":"总请求数: 858","metadata":{},"service":"ai-project","timestamp":"2026-09-17 10:45:17.012"}
{"level":"info","message":"成功请求数: 858","metadata":{},"service":"ai-project","timestamp":"2026-09-17 10:45:17.013"}
{"level":"info","message":"失败请求数: 0","metadata":{},"service":"ai-project","timestamp":"2026-09-17 10:45:17.013"}
{"level":"info","message":"请求成功率: 100.00%","metadata":{},"service":"ai-project","timestamp":"2026-09-17 10:45:17.013"}
{"level":"info","message":"平均响应时间: 10.18 ms","metadata":{},"service":"ai-project","timestamp":"2026-09-17 10:45:17.013"}
{"level":"info","message":"总接收数据: 472.57 KB","metadata":{},"service":"ai-project","timestamp":"2026-09-17 10:45:17.013"}
{"level":"info","message":"总发送数据: 31.84 KB","metadata":{},"service":"ai-project","timestamp":"2026-09-17 10:45:17.013"}
{"level":"info","message":"当前连接数: 1","metadata":{},"service":"ai-project","timestamp":"2026-09-17 10:45:17.013"}
{"level":"info","message":"连接池使用率: 0.10%","metadata":{},"service":"ai-project","timestamp":"2026-09-17 10:45:17.013"}
{"level":"info","message":"连接池峰值: 1","metadata":{},"service":"ai-project","timestamp":"2026-09-17 10:45:17.013"}
{"level":"info","message":"总连接数: 8","metadata":{},"service":"ai-project","timestamp":"2026-09-17 10:45:17.014"}
{"level":"info","message":"失败连接数: 0","metadata":{},"service":"ai-project","timestamp":"2026-09-17 10:45:17.014"}
{"level":"info","message":"已关闭连接数: 7","metadata":{},"service":"ai-project","timestamp":"2026-09-17 10:45:17.014"}
{"level":"info","message":"================================================================================","metadata":{},"service":"ai-project","timestamp":"2026-09-17 10:45:17.014"}
{"level":"warn","message":"客户端 #8 心跳超时，断开连接","metadata":{"clientInfo":"172.20.10.14:23168","timeSinceLastReceived":149864},"service":"ai-project","timestamp":"2026-09-17 10:46:17.017"}
{"level":"info","message":"================================================================================","metadata":{},"service":"ai-project","timestamp":"2026-09-17 10:46:17.017"}
{"level":"info","message":"性能监控指标","metadata":{},"service":"ai-project","timestamp":"2026-09-17 10:46:17.018"}
{"level":"info","message":"================================================================================","metadata":{},"service":"ai-project","timestamp":"2026-09-17 10:46:17.018"}
{"level":"info","message":"服务器运行时间: 1440 秒","metadata":{},"service":"ai-project","timestamp":"2026-09-17 10:46:17.018"}
{"level":"info","message":"总请求数: 882","metadata":{},"service":"ai-project","timestamp":"2026-09-17 10:46:17.018"}
{"level":"info","message":"成功请求数: 882","metadata":{},"service":"ai-project","timestamp":"2026-09-17 10:46:17.018"}
{"level":"info","message":"失败请求数: 0","metadata":{},"service":"ai-project","timestamp":"2026-09-17 10:46:17.018"}
{"level":"info","message":"请求成功率: 100.00%","metadata":{},"service":"ai-project","timestamp":"2026-09-17 10:46:17.019"}
{"level":"info","message":"平均响应时间: 10.56 ms","metadata":{},"service":"ai-project","timestamp":"2026-09-17 10:46:17.019"}
{"level":"info","message":"总接收数据: 485.79 KB","metadata":{},"service":"ai-project","timestamp":"2026-09-17 10:46:17.019"}
{"level":"info","message":"总发送数据: 32.73 KB","metadata":{},"service":"ai-project","timestamp":"2026-09-17 10:46:17.019"}
{"level":"info","message":"当前连接数: 1","metadata":{},"service":"ai-project","timestamp":"2026-09-17 10:46:17.019"}
{"level":"info","message":"连接池使用率: 0.10%","metadata":{},"service":"ai-project","timestamp":"2026-09-17 10:46:17.019"}
{"level":"info","message":"连接池峰值: 1","metadata":{},"service":"ai-project","timestamp":"2026-09-17 10:46:17.019"}
{"level":"info","message":"总连接数: 8","metadata":{},"service":"ai-project","timestamp":"2026-09-17 10:46:17.019"}
{"level":"info","message":"失败连接数: 0","metadata":{},"service":"ai-project","timestamp":"2026-09-17 10:46:17.020"}
{"level":"info","message":"已关闭连接数: 7","metadata":{},"service":"ai-project","timestamp":"2026-09-17 10:46:17.020"}
{"level":"info","message":"================================================================================","metadata":{},"service":"ai-project","timestamp":"2026-09-17 10:46:17.020"}
{"level":"error","message":"客户端 #8 (172.20.10.14:23168) 连接错误","metadata":{"errorCode":"ERR_STREAM_WRITE_AFTER_END","errorMessage":"write after end"},"service":"ai-project","timestamp":"2026-09-17 10:46:17.206"}
{"level":"info","message":"当前连接数: 0","metadata":{"clientId":8,"clientInfo":"172.20.10.14:23168"},"service":"ai-project","timestamp":"2026-09-17 10:46:17.207"}
{"level":"warn","message":"客户端 #8 (172.20.10.14:23168) 连接异常关闭","metadata":{"currentConnections":-1},"service":"ai-project","timestamp":"2026-09-17 10:46:17.207"}
{"level":"info","message":"================================================================================","metadata":{},"service":"ai-project","timestamp":"2026-09-17 10:47:17.023"}
{"level":"info","message":"性能监控指标","metadata":{},"service":"ai-project","timestamp":"2026-09-17 10:47:17.023"}
{"level":"info","message":"================================================================================","metadata":{},"service":"ai-project","timestamp":"2026-09-17 10:47:17.024"}
{"level":"info","message":"服务器运行时间: 1500 秒","metadata":{},"service":"ai-project","timestamp":"2026-09-17 10:47:17.024"}
{"level":"info","message":"总请求数: 882","metadata":{},"service":"ai-project","timestamp":"2026-09-17 10:47:17.024"}
{"level":"info","message":"成功请求数: 882","metadata":{},"service":"ai-project","timestamp":"2026-09-17 10:47:17.024"}
{"level":"info","message":"失败请求数: 0","metadata":{},"service":"ai-project","timestamp":"2026-09-17 10:47:17.024"}
{"level":"info","message":"请求成功率: 100.00%","metadata":{},"service":"ai-project","timestamp":"2026-09-17 10:47:17.024"}
{"level":"info","message":"平均响应时间: 10.56 ms","metadata":{},"service":"ai-project","timestamp":"2026-09-17 10:47:17.024"}
{"level":"info","message":"总接收数据: 485.79 KB","metadata":{},"service":"ai-project","timestamp":"2026-09-17 10:47:17.025"}
{"level":"info","message":"总发送数据: 32.73 KB","metadata":{},"service":"ai-project","timestamp":"2026-09-17 10:47:17.025"}
{"level":"info","message":"当前连接数: 0","metadata":{},"service":"ai-project","timestamp":"2026-09-17 10:47:17.025"}
{"level":"info","message":"连接池使用率: 0.00%","metadata":{},"service":"ai-project","timestamp":"2026-09-17 10:47:17.025"}
{"level":"info","message":"连接池峰值: 1","metadata":{},"service":"ai-project","timestamp":"2026-09-17 10:47:17.025"}
{"level":"info","message":"总连接数: 8","metadata":{},"service":"ai-project","timestamp":"2026-09-17 10:47:17.025"}
{"level":"info","message":"失败连接数: 0","metadata":{},"service":"ai-project","timestamp":"2026-09-17 10:47:17.025"}
{"level":"info","message":"已关闭连接数: 8","metadata":{},"service":"ai-project","timestamp":"2026-09-17 10:47:17.025"}
{"level":"info","message":"================================================================================","metadata":{},"service":"ai-project","timestamp":"2026-09-17 10:47:17.026"}
{"level":"info","message":"================================================================================","metadata":{},"service":"ai-project","timestamp":"2026-09-17 10:48:17.030"}
{"level":"info","message":"性能监控指标","metadata":{},"service":"ai-project","timestamp":"2026-09-17 10:48:17.031"}
{"level":"info","message":"================================================================================","metadata":{},"service":"ai-project","timestamp":"2026-09-17 10:48:17.031"}
{"level":"info","message":"服务器运行时间: 1560 秒","metadata":{},"service":"ai-project","timestamp":"2026-09-17 10:48:17.031"}
{"level":"info","message":"总请求数: 882","metadata":{},"service":"ai-project","timestamp":"2026-09-17 10:48:17.031"}
{"level":"info","message":"成功请求数: 882","metadata":{},"service":"ai-project","timestamp":"2026-09-17 10:48:17.031"}
{"level":"info","message":"失败请求数: 0","metadata":{},"service":"ai-project","timestamp":"2026-09-17 10:48:17.032"}
{"level":"info","message":"请求成功率: 100.00%","metadata":{},"service":"ai-project","timestamp":"2026-09-17 10:48:17.032"}
{"level":"info","message":"平均响应时间: 10.56 ms","metadata":{},"service":"ai-project","timestamp":"2026-09-17 10:48:17.032"}
{"level":"info","message":"总接收数据: 485.79 KB","metadata":{},"service":"ai-project","timestamp":"2026-09-17 10:48:17.032"}
{"level":"info","message":"总发送数据: 32.73 KB","metadata":{},"service":"ai-project","timestamp":"2026-09-17 10:48:17.032"}
{"level":"info","message":"当前连接数: 0","metadata":{},"service":"ai-project","timestamp":"2026-09-17 10:48:17.033"}
{"level":"info","message":"连接池使用率: 0.00%","metadata":{},"service":"ai-project","timestamp":"2026-09-17 10:48:17.033"}
{"level":"info","message":"连接池峰值: 1","metadata":{},"service":"ai-project","timestamp":"2026-09-17 10:48:17.033"}
{"level":"info","message":"总连接数: 8","metadata":{},"service":"ai-project","timestamp":"2026-09-17 10:48:17.033"}
{"level":"info","message":"失败连接数: 0","metadata":{},"service":"ai-project","timestamp":"2026-09-17 10:48:17.033"}
{"level":"info","message":"已关闭连接数: 8","metadata":{},"service":"ai-project","timestamp":"2026-09-17 10:48:17.033"}
{"level":"info","message":"================================================================================","metadata":{},"service":"ai-project","timestamp":"2026-09-17 10:48:17.033"}
{"level":"info","message":"================================================================================","metadata":{},"service":"ai-project","timestamp":"2026-09-17 10:49:17.044"}
{"level":"info","message":"性能监控指标","metadata":{},"service":"ai-project","timestamp":"2026-09-17 10:49:17.045"}
{"level":"info","message":"================================================================================","metadata":{},"service":"ai-project","timestamp":"2026-09-17 10:49:17.045"}
{"level":"info","message":"服务器运行时间: 1620 秒","metadata":{},"service":"ai-project","timestamp":"2026-09-17 10:49:17.045"}
{"level":"info","message":"总请求数: 882","metadata":{},"service":"ai-project","timestamp":"2026-09-17 10:49:17.045"}
{"level":"info","message":"成功请求数: 882","metadata":{},"service":"ai-project","timestamp":"2026-09-17 10:49:17.045"}
{"level":"info","message":"失败请求数: 0","metadata":{},"service":"ai-project","timestamp":"2026-09-17 10:49:17.046"}
{"level":"info","message":"请求成功率: 100.00%","metadata":{},"service":"ai-project","timestamp":"2026-09-17 10:49:17.046"}
{"level":"info","message":"平均响应时间: 10.56 ms","metadata":{},"service":"ai-project","timestamp":"2026-09-17 10:49:17.046"}
{"level":"info","message":"总接收数据: 485.79 KB","metadata":{},"service":"ai-project","timestamp":"2026-09-17 10:49:17.046"}
{"level":"info","message":"总发送数据: 32.73 KB","metadata":{},"service":"ai-project","timestamp":"2026-09-17 10:49:17.046"}
{"level":"info","message":"当前连接数: 0","metadata":{},"service":"ai-project","timestamp":"2026-09-17 10:49:17.046"}
{"level":"info","message":"连接池使用率: 0.00%","metadata":{},"service":"ai-project","timestamp":"2026-09-17 10:49:17.047"}
{"level":"info","message":"连接池峰值: 1","metadata":{},"service":"ai-project","timestamp":"2026-09-17 10:49:17.047"}
{"level":"info","message":"总连接数: 8","metadata":{},"service":"ai-project","timestamp":"2026-09-17 10:49:17.047"}
{"level":"info","message":"失败连接数: 0","metadata":{},"service":"ai-project","timestamp":"2026-09-17 10:49:17.047"}
{"level":"info","message":"已关闭连接数: 8","metadata":{},"service":"ai-project","timestamp":"2026-09-17 10:49:17.047"}
{"level":"info","message":"================================================================================","metadata":{},"service":"ai-project","timestamp":"2026-09-17 10:49:17.048"}
{"level":"info","message":"================================================================================","metadata":{},"service":"ai-project","timestamp":"2026-09-17 10:50:17.047"}
{"level":"info","message":"性能监控指标","metadata":{},"service":"ai-project","timestamp":"2026-09-17 10:50:17.048"}
{"level":"info","message":"================================================================================","metadata":{},"service":"ai-project","timestamp":"2026-09-17 10:50:17.048"}
{"level":"info","message":"服务器运行时间: 1680 秒","metadata":{},"service":"ai-project","timestamp":"2026-09-17 10:50:17.049"}
{"level":"info","message":"总请求数: 882","metadata":{},"service":"ai-project","timestamp":"2026-09-17 10:50:17.049"}
{"level":"info","message":"成功请求数: 882","metadata":{},"service":"ai-project","timestamp":"2026-09-17 10:50:17.049"}
{"level":"info","message":"失败请求数: 0","metadata":{},"service":"ai-project","timestamp":"2026-09-17 10:50:17.049"}
{"level":"info","message":"请求成功率: 100.00%","metadata":{},"service":"ai-project","timestamp":"2026-09-17 10:50:17.049"}
{"level":"info","message":"平均响应时间: 10.56 ms","metadata":{},"service":"ai-project","timestamp":"2026-09-17 10:50:17.049"}
{"level":"info","message":"总接收数据: 485.79 KB","metadata":{},"service":"ai-project","timestamp":"2026-09-17 10:50:17.050"}
{"level":"info","message":"总发送数据: 32.73 KB","metadata":{},"service":"ai-project","timestamp":"2026-09-17 10:50:17.050"}
{"level":"info","message":"当前连接数: 0","metadata":{},"service":"ai-project","timestamp":"2026-09-17 10:50:17.050"}
{"level":"info","message":"连接池使用率: 0.00%","metadata":{},"service":"ai-project","timestamp":"2026-09-17 10:50:17.050"}
{"level":"info","message":"连接池峰值: 1","metadata":{},"service":"ai-project","timestamp":"2026-09-17 10:50:17.050"}
{"level":"info","message":"总连接数: 8","metadata":{},"service":"ai-project","timestamp":"2026-09-17 10:50:17.051"}
{"level":"info","message":"失败连接数: 0","metadata":{},"service":"ai-project","timestamp":"2026-09-17 10:50:17.051"}
{"level":"info","message":"已关闭连接数: 8","metadata":{},"service":"ai-project","timestamp":"2026-09-17 10:50:17.051"}
{"level":"info","message":"================================================================================","metadata":{},"service":"ai-project","timestamp":"2026-09-17 10:50:17.051"}
{"level":"info","message":"客户端 #9 已连接 - 172.20.10.14:18651","metadata":{"currentConnections":1,"maxConnections":1000},"service":"ai-project","timestamp":"2026-09-17 10:51:05.159"}
{"level":"info","message":"================================================================================","metadata":{},"service":"ai-project","timestamp":"2026-09-17 10:51:17.058"}
{"level":"info","message":"性能监控指标","metadata":{},"service":"ai-project","timestamp":"2026-09-17 10:51:17.059"}
{"level":"info","message":"================================================================================","metadata":{},"service":"ai-project","timestamp":"2026-09-17 10:51:17.059"}
{"level":"info","message":"服务器运行时间: 1740 秒","metadata":{},"service":"ai-project","timestamp":"2026-09-17 10:51:17.059"}
{"level":"info","message":"总请求数: 887","metadata":{},"service":"ai-project","timestamp":"2026-09-17 10:51:17.059"}
{"level":"info","message":"成功请求数: 887","metadata":{},"service":"ai-project","timestamp":"2026-09-17 10:51:17.059"}
{"level":"info","message":"失败请求数: 0","metadata":{},"service":"ai-project","timestamp":"2026-09-17 10:51:17.059"}
{"level":"info","message":"请求成功率: 100.00%","metadata":{},"service":"ai-project","timestamp":"2026-09-17 10:51:17.060"}
{"level":"info","message":"平均响应时间: 10.68 ms","metadata":{},"service":"ai-project","timestamp":"2026-09-17 10:51:17.060"}
{"level":"info","message":"总接收数据: 488.54 KB","metadata":{},"service":"ai-project","timestamp":"2026-09-17 10:51:17.060"}
{"level":"info","message":"总发送数据: 32.92 KB","metadata":{},"service":"ai-project","timestamp":"2026-09-17 10:51:17.060"}
{"level":"info","message":"当前连接数: 1","metadata":{},"service":"ai-project","timestamp":"2026-09-17 10:51:17.060"}
{"level":"info","message":"连接池使用率: 0.10%","metadata":{},"service":"ai-project","timestamp":"2026-09-17 10:51:17.061"}
{"level":"info","message":"连接池峰值: 1","metadata":{},"service":"ai-project","timestamp":"2026-09-17 10:51:17.061"}
{"level":"info","message":"总连接数: 9","metadata":{},"service":"ai-project","timestamp":"2026-09-17 10:51:17.061"}
{"level":"info","message":"失败连接数: 0","metadata":{},"service":"ai-project","timestamp":"2026-09-17 10:51:17.061"}
{"level":"info","message":"已关闭连接数: 8","metadata":{},"service":"ai-project","timestamp":"2026-09-17 10:51:17.061"}
{"level":"info","message":"================================================================================","metadata":{},"service":"ai-project","timestamp":"2026-09-17 10:51:17.061"}
{"level":"info","message":"================================================================================","metadata":{},"service":"ai-project","timestamp":"2026-09-17 10:52:17.062"}
{"level":"info","message":"性能监控指标","metadata":{},"service":"ai-project","timestamp":"2026-09-17 10:52:17.063"}
{"level":"info","message":"================================================================================","metadata":{},"service":"ai-project","timestamp":"2026-09-17 10:52:17.063"}
{"level":"info","message":"服务器运行时间: 1800 秒","metadata":{},"service":"ai-project","timestamp":"2026-09-17 10:52:17.063"}
{"level":"info","message":"总请求数: 927","metadata":{},"service":"ai-project","timestamp":"2026-09-17 10:52:17.064"}
{"level":"info","message":"成功请求数: 927","metadata":{},"service":"ai-project","timestamp":"2026-09-17 10:52:17.064"}
{"level":"info","message":"失败请求数: 0","metadata":{},"service":"ai-project","timestamp":"2026-09-17 10:52:17.064"}
{"level":"info","message":"请求成功率: 100.00%","metadata":{},"service":"ai-project","timestamp":"2026-09-17 10:52:17.064"}
{"level":"info","message":"平均响应时间: 10.84 ms","metadata":{},"service":"ai-project","timestamp":"2026-09-17 10:52:17.064"}
{"level":"info","message":"总接收数据: 510.57 KB","metadata":{},"service":"ai-project","timestamp":"2026-09-17 10:52:17.064"}
{"level":"info","message":"总发送数据: 34.40 KB","metadata":{},"service":"ai-project","timestamp":"2026-09-17 10:52:17.064"}
{"level":"info","message":"当前连接数: 1","metadata":{},"service":"ai-project","timestamp":"2026-09-17 10:52:17.064"}
{"level":"info","message":"连接池使用率: 0.10%","metadata":{},"service":"ai-project","timestamp":"2026-09-17 10:52:17.065"}
{"level":"info","message":"连接池峰值: 1","metadata":{},"service":"ai-project","timestamp":"2026-09-17 10:52:17.065"}
{"level":"info","message":"总连接数: 9","metadata":{},"service":"ai-project","timestamp":"2026-09-17 10:52:17.065"}
{"level":"info","message":"失败连接数: 0","metadata":{},"service":"ai-project","timestamp":"2026-09-17 10:52:17.065"}
{"level":"info","message":"已关闭连接数: 8","metadata":{},"service":"ai-project","timestamp":"2026-09-17 10:52:17.065"}
{"level":"info","message":"================================================================================","metadata":{},"service":"ai-project","timestamp":"2026-09-17 10:52:17.065"}
{"level":"warn","message":"客户端 #9 心跳超时，断开连接","metadata":{"clientInfo":"172.20.10.14:18651","timeSinceLastReceived":119784},"service":"ai-project","timestamp":"2026-09-17 10:53:17.075"}
{"level":"info","message":"================================================================================","metadata":{},"service":"ai-project","timestamp":"2026-09-17 10:53:17.075"}
{"level":"info","message":"性能监控指标","metadata":{},"service":"ai-project","timestamp":"2026-09-17 10:53:17.075"}
{"level":"info","message":"================================================================================","metadata":{},"service":"ai-project","timestamp":"2026-09-17 10:53:17.076"}
{"level":"info","message":"服务器运行时间: 1860 秒","metadata":{},"service":"ai-project","timestamp":"2026-09-17 10:53:17.076"}
{"level":"info","message":"总请求数: 967","metadata":{},"service":"ai-project","timestamp":"2026-09-17 10:53:17.076"}
{"level":"info","message":"成功请求数: 967","metadata":{},"service":"ai-project","timestamp":"2026-09-17 10:53:17.076"}
{"level":"info","message":"失败请求数: 0","metadata":{},"service":"ai-project","timestamp":"2026-09-17 10:53:17.076"}
{"level":"info","message":"请求成功率: 100.00%","metadata":{},"service":"ai-project","timestamp":"2026-09-17 10:53:17.076"}
{"level":"info","message":"平均响应时间: 11.15 ms","metadata":{},"service":"ai-project","timestamp":"2026-09-17 10:53:17.077"}
{"level":"info","message":"总接收数据: 532.61 KB","metadata":{},"service":"ai-project","timestamp":"2026-09-17 10:53:17.077"}
{"level":"info","message":"总发送数据: 35.88 KB","metadata":{},"service":"ai-project","timestamp":"2026-09-17 10:53:17.077"}
{"level":"info","message":"当前连接数: 1","metadata":{},"service":"ai-project","timestamp":"2026-09-17 10:53:17.077"}
{"level":"info","message":"连接池使用率: 0.10%","metadata":{},"service":"ai-project","timestamp":"2026-09-17 10:53:17.077"}
{"level":"info","message":"连接池峰值: 1","metadata":{},"service":"ai-project","timestamp":"2026-09-17 10:53:17.078"}
{"level":"info","message":"总连接数: 9","metadata":{},"service":"ai-project","timestamp":"2026-09-17 10:53:17.078"}
{"level":"info","message":"失败连接数: 0","metadata":{},"service":"ai-project","timestamp":"2026-09-17 10:53:17.078"}
{"level":"info","message":"已关闭连接数: 8","metadata":{},"service":"ai-project","timestamp":"2026-09-17 10:53:17.078"}
{"level":"info","message":"================================================================================","metadata":{},"service":"ai-project","timestamp":"2026-09-17 10:53:17.078"}
{"level":"info","message":"客户端 #9 (172.20.10.14:18651) 主动断开连接","metadata":{"currentConnections":0},"service":"ai-project","timestamp":"2026-09-17 10:53:17.211"}
{"level":"info","message":"客户端 #9 (172.20.10.14:18651) 连接正常关闭","metadata":{"currentConnections":-1},"service":"ai-project","timestamp":"2026-09-17 10:53:17.212"}
{"level":"info","message":"客户端 #10 已连接 - 172.20.10.14:16035","metadata":{"currentConnections":1,"maxConnections":1000},"service":"ai-project","timestamp":"2026-09-17 10:53:17.273"}
{"level":"info","message":"================================================================================","metadata":{},"service":"ai-project","timestamp":"2026-09-17 10:54:17.086"}
{"level":"info","message":"性能监控指标","metadata":{},"service":"ai-project","timestamp":"2026-09-17 10:54:17.086"}
{"level":"info","message":"================================================================================","metadata":{},"service":"ai-project","timestamp":"2026-09-17 10:54:17.086"}
{"level":"info","message":"服务器运行时间: 1920 秒","metadata":{},"service":"ai-project","timestamp":"2026-09-17 10:54:17.087"}
{"level":"info","message":"总请求数: 1007","metadata":{},"service":"ai-project","timestamp":"2026-09-17 10:54:17.087"}
{"level":"info","message":"成功请求数: 1007","metadata":{},"service":"ai-project","timestamp":"2026-09-17 10:54:17.087"}
{"level":"info","message":"失败请求数: 0","metadata":{},"service":"ai-project","timestamp":"2026-09-17 10:54:17.087"}
{"level":"info","message":"请求成功率: 100.00%","metadata":{},"service":"ai-project","timestamp":"2026-09-17 10:54:17.087"}
{"level":"info","message":"平均响应时间: 11.47 ms","metadata":{},"service":"ai-project","timestamp":"2026-09-17 10:54:17.087"}
{"level":"info","message":"总接收数据: 554.64 KB","metadata":{},"service":"ai-project","timestamp":"2026-09-17 10:54:17.087"}
{"level":"info","message":"总发送数据: 37.37 KB","metadata":{},"service":"ai-project","timestamp":"2026-09-17 10:54:17.088"}
{"level":"info","message":"当前连接数: 1","metadata":{},"service":"ai-project","timestamp":"2026-09-17 10:54:17.088"}
{"level":"info","message":"连接池使用率: 0.10%","metadata":{},"service":"ai-project","timestamp":"2026-09-17 10:54:17.088"}
{"level":"info","message":"连接池峰值: 1","metadata":{},"service":"ai-project","timestamp":"2026-09-17 10:54:17.088"}
{"level":"info","message":"总连接数: 10","metadata":{},"service":"ai-project","timestamp":"2026-09-17 10:54:17.088"}
{"level":"info","message":"失败连接数: 0","metadata":{},"service":"ai-project","timestamp":"2026-09-17 10:54:17.088"}
{"level":"info","message":"已关闭连接数: 9","metadata":{},"service":"ai-project","timestamp":"2026-09-17 10:54:17.088"}
{"level":"info","message":"================================================================================","metadata":{},"service":"ai-project","timestamp":"2026-09-17 10:54:17.088"}
{"level":"warn","message":"客户端 #10 心跳超时，断开连接","metadata":{"clientInfo":"172.20.10.14:16035","timeSinceLastReceived":119764},"service":"ai-project","timestamp":"2026-09-17 10:55:17.086"}
{"level":"info","message":"================================================================================","metadata":{},"service":"ai-project","timestamp":"2026-09-17 10:55:17.087"}
{"level":"info","message":"性能监控指标","metadata":{},"service":"ai-project","timestamp":"2026-09-17 10:55:17.087"}
{"level":"info","message":"================================================================================","metadata":{},"service":"ai-project","timestamp":"2026-09-17 10:55:17.087"}
{"level":"info","message":"服务器运行时间: 1980 秒","metadata":{},"service":"ai-project","timestamp":"2026-09-17 10:55:17.087"}
{"level":"info","message":"总请求数: 1046","metadata":{},"service":"ai-project","timestamp":"2026-09-17 10:55:17.087"}
{"level":"info","message":"成功请求数: 1046","metadata":{},"service":"ai-project","timestamp":"2026-09-17 10:55:17.088"}
{"level":"info","message":"失败请求数: 0","metadata":{},"service":"ai-project","timestamp":"2026-09-17 10:55:17.088"}
{"level":"info","message":"请求成功率: 100.00%","metadata":{},"service":"ai-project","timestamp":"2026-09-17 10:55:17.088"}
{"level":"info","message":"平均响应时间: 10.88 ms","metadata":{},"service":"ai-project","timestamp":"2026-09-17 10:55:17.088"}
{"level":"info","message":"总接收数据: 576.12 KB","metadata":{},"service":"ai-project","timestamp":"2026-09-17 10:55:17.088"}
{"level":"info","message":"总发送数据: 38.82 KB","metadata":{},"service":"ai-project","timestamp":"2026-09-17 10:55:17.088"}
{"level":"info","message":"当前连接数: 1","metadata":{},"service":"ai-project","timestamp":"2026-09-17 10:55:17.088"}
{"level":"info","message":"连接池使用率: 0.10%","metadata":{},"service":"ai-project","timestamp":"2026-09-17 10:55:17.088"}
{"level":"info","message":"连接池峰值: 1","metadata":{},"service":"ai-project","timestamp":"2026-09-17 10:55:17.088"}
{"level":"info","message":"总连接数: 10","metadata":{},"service":"ai-project","timestamp":"2026-09-17 10:55:17.088"}
{"level":"info","message":"失败连接数: 0","metadata":{},"service":"ai-project","timestamp":"2026-09-17 10:55:17.088"}
{"level":"info","message":"已关闭连接数: 9","metadata":{},"service":"ai-project","timestamp":"2026-09-17 10:55:17.089"}
{"level":"info","message":"================================================================================","metadata":{},"service":"ai-project","timestamp":"2026-09-17 10:55:17.089"}
{"level":"info","message":"客户端 #10 (172.20.10.14:16035) 主动断开连接","metadata":{"currentConnections":0},"service":"ai-project","timestamp":"2026-09-17 10:55:17.118"}
{"level":"info","message":"客户端 #10 (172.20.10.14:16035) 连接正常关闭","metadata":{"currentConnections":-1},"service":"ai-project","timestamp":"2026-09-17 10:55:17.118"}
{"level":"info","message":"客户端 #11 已连接 - 172.20.10.14:19460","metadata":{"currentConnections":1,"maxConnections":1000},"service":"ai-project","timestamp":"2026-09-17 10:55:17.216"}
{"level":"info","message":"================================================================================","metadata":{},"service":"ai-project","timestamp":"2026-09-17 10:56:17.096"}
{"level":"info","message":"性能监控指标","metadata":{},"service":"ai-project","timestamp":"2026-09-17 10:56:17.096"}
{"level":"info","message":"================================================================================","metadata":{},"service":"ai-project","timestamp":"2026-09-17 10:56:17.096"}
{"level":"info","message":"服务器运行时间: 2040 秒","metadata":{},"service":"ai-project","timestamp":"2026-09-17 10:56:17.096"}
{"level":"info","message":"总请求数: 1086","metadata":{},"service":"ai-project","timestamp":"2026-09-17 10:56:17.096"}
{"level":"info","message":"成功请求数: 1086","metadata":{},"service":"ai-project","timestamp":"2026-09-17 10:56:17.097"}
{"level":"info","message":"失败请求数: 0","metadata":{},"service":"ai-project","timestamp":"2026-09-17 10:56:17.097"}
{"level":"info","message":"请求成功率: 100.00%","metadata":{},"service":"ai-project","timestamp":"2026-09-17 10:56:17.097"}
{"level":"info","message":"平均响应时间: 10.01 ms","metadata":{},"service":"ai-project","timestamp":"2026-09-17 10:56:17.097"}
{"level":"info","message":"总接收数据: 598.15 KB","metadata":{},"service":"ai-project","timestamp":"2026-09-17 10:56:17.097"}
{"level":"info","message":"总发送数据: 40.30 KB","metadata":{},"service":"ai-project","timestamp":"2026-09-17 10:56:17.097"}
{"level":"info","message":"当前连接数: 1","metadata":{},"service":"ai-project","timestamp":"2026-09-17 10:56:17.097"}
{"level":"info","message":"连接池使用率: 0.10%","metadata":{},"service":"ai-project","timestamp":"2026-09-17 10:56:17.097"}
{"level":"info","message":"连接池峰值: 1","metadata":{},"service":"ai-project","timestamp":"2026-09-17 10:56:17.097"}
{"level":"info","message":"总连接数: 11","metadata":{},"service":"ai-project","timestamp":"2026-09-17 10:56:17.097"}
{"level":"info","message":"失败连接数: 0","metadata":{},"service":"ai-project","timestamp":"2026-09-17 10:56:17.098"}
{"level":"info","message":"已关闭连接数: 10","metadata":{},"service":"ai-project","timestamp":"2026-09-17 10:56:17.098"}
{"level":"info","message":"================================================================================","metadata":{},"service":"ai-project","timestamp":"2026-09-17 10:56:17.098"}
{"level":"warn","message":"客户端 #11 心跳超时，断开连接","metadata":{"clientInfo":"172.20.10.14:19460","timeSinceLastReceived":119757},"service":"ai-project","timestamp":"2026-09-17 10:57:17.107"}
{"level":"info","message":"================================================================================","metadata":{},"service":"ai-project","timestamp":"2026-09-17 10:57:17.108"}
{"level":"info","message":"性能监控指标","metadata":{},"service":"ai-project","timestamp":"2026-09-17 10:57:17.108"}
{"level":"info","message":"================================================================================","metadata":{},"service":"ai-project","timestamp":"2026-09-17 10:57:17.108"}
{"level":"info","message":"服务器运行时间: 2100 秒","metadata":{},"service":"ai-project","timestamp":"2026-09-17 10:57:17.108"}
{"level":"info","message":"总请求数: 1126","metadata":{},"service":"ai-project","timestamp":"2026-09-17 10:57:17.108"}
{"level":"info","message":"成功请求数: 1126","metadata":{},"service":"ai-project","timestamp":"2026-09-17 10:57:17.109"}
{"level":"info","message":"失败请求数: 0","metadata":{},"service":"ai-project","timestamp":"2026-09-17 10:57:17.109"}
{"level":"info","message":"请求成功率: 100.00%","metadata":{},"service":"ai-project","timestamp":"2026-09-17 10:57:17.109"}
{"level":"info","message":"平均响应时间: 10.25 ms","metadata":{},"service":"ai-project","timestamp":"2026-09-17 10:57:17.109"}
{"level":"info","message":"总接收数据: 620.18 KB","metadata":{},"service":"ai-project","timestamp":"2026-09-17 10:57:17.109"}
{"level":"info","message":"总发送数据: 41.79 KB","metadata":{},"service":"ai-project","timestamp":"2026-09-17 10:57:17.109"}
{"level":"info","message":"当前连接数: 1","metadata":{},"service":"ai-project","timestamp":"2026-09-17 10:57:17.109"}
{"level":"info","message":"连接池使用率: 0.10%","metadata":{},"service":"ai-project","timestamp":"2026-09-17 10:57:17.109"}
{"level":"info","message":"连接池峰值: 1","metadata":{},"service":"ai-project","timestamp":"2026-09-17 10:57:17.109"}
{"level":"info","message":"总连接数: 11","metadata":{},"service":"ai-project","timestamp":"2026-09-17 10:57:17.109"}
{"level":"info","message":"失败连接数: 0","metadata":{},"service":"ai-project","timestamp":"2026-09-17 10:57:17.109"}
{"level":"info","message":"已关闭连接数: 10","metadata":{},"service":"ai-project","timestamp":"2026-09-17 10:57:17.110"}
{"level":"info","message":"================================================================================","metadata":{},"service":"ai-project","timestamp":"2026-09-17 10:57:17.110"}
{"level":"info","message":"客户端 #11 (172.20.10.14:19460) 主动断开连接","metadata":{"currentConnections":0},"service":"ai-project","timestamp":"2026-09-17 10:57:17.123"}
{"level":"info","message":"客户端 #11 (172.20.10.14:19460) 连接正常关闭","metadata":{"currentConnections":-1},"service":"ai-project","timestamp":"2026-09-17 10:57:17.123"}
{"level":"info","message":"客户端 #12 已连接 - 172.20.10.14:38009","metadata":{"currentConnections":1,"maxConnections":1000},"service":"ai-project","timestamp":"2026-09-17 10:57:17.184"}
{"level":"info","message":"================================================================================","metadata":{},"service":"ai-project","timestamp":"2026-09-17 10:58:17.112"}
{"level":"info","message":"性能监控指标","metadata":{},"service":"ai-project","timestamp":"2026-09-17 10:58:17.112"}
{"level":"info","message":"================================================================================","metadata":{},"service":"ai-project","timestamp":"2026-09-17 10:58:17.112"}
{"level":"info","message":"服务器运行时间: 2160 秒","metadata":{},"service":"ai-project","timestamp":"2026-09-17 10:58:17.113"}
{"level":"info","message":"总请求数: 1166","metadata":{},"service":"ai-project","timestamp":"2026-09-17 10:58:17.113"}
{"level":"info","message":"成功请求数: 1166","metadata":{},"service":"ai-project","timestamp":"2026-09-17 10:58:17.113"}
{"level":"info","message":"失败请求数: 0","metadata":{},"service":"ai-project","timestamp":"2026-09-17 10:58:17.113"}
{"level":"info","message":"请求成功率: 100.00%","metadata":{},"service":"ai-project","timestamp":"2026-09-17 10:58:17.113"}
{"level":"info","message":"平均响应时间: 10.53 ms","metadata":{},"service":"ai-project","timestamp":"2026-09-17 10:58:17.113"}
{"level":"info","message":"总接收数据: 642.21 KB","metadata":{},"service":"ai-project","timestamp":"2026-09-17 10:58:17.113"}
{"level":"info","message":"总发送数据: 43.27 KB","metadata":{},"service":"ai-project","timestamp":"2026-09-17 10:58:17.113"}
{"level":"info","message":"当前连接数: 1","metadata":{},"service":"ai-project","timestamp":"2026-09-17 10:58:17.114"}
{"level":"info","message":"连接池使用率: 0.10%","metadata":{},"service":"ai-project","timestamp":"2026-09-17 10:58:17.114"}
{"level":"info","message":"连接池峰值: 1","metadata":{},"service":"ai-project","timestamp":"2026-09-17 10:58:17.114"}
{"level":"info","message":"总连接数: 12","metadata":{},"service":"ai-project","timestamp":"2026-09-17 10:58:17.114"}
{"level":"info","message":"失败连接数: 0","metadata":{},"service":"ai-project","timestamp":"2026-09-17 10:58:17.114"}
{"level":"info","message":"已关闭连接数: 11","metadata":{},"service":"ai-project","timestamp":"2026-09-17 10:58:17.114"}
{"level":"info","message":"================================================================================","metadata":{},"service":"ai-project","timestamp":"2026-09-17 10:58:17.114"}
{"level":"warn","message":"客户端 #12 心跳超时，断开连接","metadata":{"clientInfo":"172.20.10.14:38009","timeSinceLastReceived":119748},"service":"ai-project","timestamp":"2026-09-17 10:59:17.119"}
{"level":"info","message":"================================================================================","metadata":{},"service":"ai-project","timestamp":"2026-09-17 10:59:17.119"}
{"level":"info","message":"性能监控指标","metadata":{},"service":"ai-project","timestamp":"2026-09-17 10:59:17.119"}
{"level":"info","message":"================================================================================","metadata":{},"service":"ai-project","timestamp":"2026-09-17 10:59:17.119"}
{"level":"info","message":"服务器运行时间: 2220 秒","metadata":{},"service":"ai-project","timestamp":"2026-09-17 10:59:17.119"}
{"level":"info","message":"总请求数: 1206","metadata":{},"service":"ai-project","timestamp":"2026-09-17 10:59:17.120"}
{"level":"info","message":"成功请求数: 1206","metadata":{},"service":"ai-project","timestamp":"2026-09-17 10:59:17.120"}
{"level":"info","message":"失败请求数: 0","metadata":{},"service":"ai-project","timestamp":"2026-09-17 10:59:17.120"}
{"level":"info","message":"请求成功率: 100.00%","metadata":{},"service":"ai-project","timestamp":"2026-09-17 10:59:17.120"}
{"level":"info","message":"平均响应时间: 10.15 ms","metadata":{},"service":"ai-project","timestamp":"2026-09-17 10:59:17.120"}
{"level":"info","message":"总接收数据: 664.24 KB","metadata":{},"service":"ai-project","timestamp":"2026-09-17 10:59:17.120"}
{"level":"info","message":"总发送数据: 44.75 KB","metadata":{},"service":"ai-project","timestamp":"2026-09-17 10:59:17.120"}
{"level":"info","message":"当前连接数: 1","metadata":{},"service":"ai-project","timestamp":"2026-09-17 10:59:17.120"}
{"level":"info","message":"连接池使用率: 0.10%","metadata":{},"service":"ai-project","timestamp":"2026-09-17 10:59:17.120"}
{"level":"info","message":"连接池峰值: 1","metadata":{},"service":"ai-project","timestamp":"2026-09-17 10:59:17.120"}
{"level":"info","message":"总连接数: 12","metadata":{},"service":"ai-project","timestamp":"2026-09-17 10:59:17.121"}
{"level":"info","message":"失败连接数: 0","metadata":{},"service":"ai-project","timestamp":"2026-09-17 10:59:17.121"}
{"level":"info","message":"已关闭连接数: 11","metadata":{},"service":"ai-project","timestamp":"2026-09-17 10:59:17.121"}
{"level":"info","message":"================================================================================","metadata":{},"service":"ai-project","timestamp":"2026-09-17 10:59:17.121"}
{"level":"info","message":"客户端 #12 (172.20.10.14:38009) 主动断开连接","metadata":{"currentConnections":0},"service":"ai-project","timestamp":"2026-09-17 10:59:17.140"}
{"level":"info","message":"客户端 #12 (172.20.10.14:38009) 连接正常关闭","metadata":{"currentConnections":-1},"service":"ai-project","timestamp":"2026-09-17 10:59:17.141"}
{"level":"info","message":"客户端 #13 已连接 - 172.20.10.14:1360","metadata":{"currentConnections":1,"maxConnections":1000},"service":"ai-project","timestamp":"2026-09-17 10:59:17.179"}
{"level":"info","message":"================================================================================","metadata":{},"service":"ai-project","timestamp":"2026-09-17 11:00:17.122"}
{"level":"info","message":"性能监控指标","metadata":{},"service":"ai-project","timestamp":"2026-09-17 11:00:17.123"}
{"level":"info","message":"================================================================================","metadata":{},"service":"ai-project","timestamp":"2026-09-17 11:00:17.123"}
{"level":"info","message":"服务器运行时间: 2280 秒","metadata":{},"service":"ai-project","timestamp":"2026-09-17 11:00:17.123"}
{"level":"info","message":"总请求数: 1246","metadata":{},"service":"ai-project","timestamp":"2026-09-17 11:00:17.123"}
{"level":"info","message":"成功请求数: 1246","metadata":{},"service":"ai-project","timestamp":"2026-09-17 11:00:17.123"}
{"level":"info","message":"失败请求数: 0","metadata":{},"service":"ai-project","timestamp":"2026-09-17 11:00:17.123"}
{"level":"info","message":"请求成功率: 100.00%","metadata":{},"service":"ai-project","timestamp":"2026-09-17 11:00:17.123"}
{"level":"info","message":"平均响应时间: 11.19 ms","metadata":{},"service":"ai-project","timestamp":"2026-09-17 11:00:17.124"}
{"level":"info","message":"总接收数据: 686.28 KB","metadata":{},"service":"ai-project","timestamp":"2026-09-17 11:00:17.124"}
{"level":"info","message":"总发送数据: 46.24 KB","metadata":{},"service":"ai-project","timestamp":"2026-09-17 11:00:17.124"}
{"level":"info","message":"当前连接数: 1","metadata":{},"service":"ai-project","timestamp":"2026-09-17 11:00:17.124"}
{"level":"info","message":"连接池使用率: 0.10%","metadata":{},"service":"ai-project","timestamp":"2026-09-17 11:00:17.124"}
{"level":"info","message":"连接池峰值: 1","metadata":{},"service":"ai-project","timestamp":"2026-09-17 11:00:17.124"}
{"level":"info","message":"总连接数: 13","metadata":{},"service":"ai-project","timestamp":"2026-09-17 11:00:17.124"}
{"level":"info","message":"失败连接数: 0","metadata":{},"service":"ai-project","timestamp":"2026-09-17 11:00:17.124"}
{"level":"info","message":"已关闭连接数: 12","metadata":{},"service":"ai-project","timestamp":"2026-09-17 11:00:17.124"}
{"level":"info","message":"================================================================================","metadata":{},"service":"ai-project","timestamp":"2026-09-17 11:00:17.125"}
{"level":"warn","message":"客户端 #13 心跳超时，断开连接","metadata":{"clientInfo":"172.20.10.14:1360","timeSinceLastReceived":119731},"service":"ai-project","timestamp":"2026-09-17 11:01:17.132"}
{"level":"info","message":"================================================================================","metadata":{},"service":"ai-project","timestamp":"2026-09-17 11:01:17.132"}
{"level":"info","message":"性能监控指标","metadata":{},"service":"ai-project","timestamp":"2026-09-17 11:01:17.133"}
{"level":"info","message":"================================================================================","metadata":{},"service":"ai-project","timestamp":"2026-09-17 11:01:17.133"}
{"level":"info","message":"服务器运行时间: 2340 秒","metadata":{},"service":"ai-project","timestamp":"2026-09-17 11:01:17.133"}
{"level":"info","message":"总请求数: 1286","metadata":{},"service":"ai-project","timestamp":"2026-09-17 11:01:17.133"}
{"level":"info","message":"成功请求数: 1286","metadata":{},"service":"ai-project","timestamp":"2026-09-17 11:01:17.133"}
{"level":"info","message":"失败请求数: 0","metadata":{},"service":"ai-project","timestamp":"2026-09-17 11:01:17.133"}
{"level":"info","message":"请求成功率: 100.00%","metadata":{},"service":"ai-project","timestamp":"2026-09-17 11:01:17.133"}
{"level":"info","message":"平均响应时间: 10.95 ms","metadata":{},"service":"ai-project","timestamp":"2026-09-17 11:01:17.133"}
{"level":"info","message":"总接收数据: 708.31 KB","metadata":{},"service":"ai-project","timestamp":"2026-09-17 11:01:17.133"}
{"level":"info","message":"总发送数据: 47.72 KB","metadata":{},"service":"ai-project","timestamp":"2026-09-17 11:01:17.134"}
{"level":"info","message":"当前连接数: 1","metadata":{},"service":"ai-project","timestamp":"2026-09-17 11:01:17.134"}
{"level":"info","message":"连接池使用率: 0.10%","metadata":{},"service":"ai-project","timestamp":"2026-09-17 11:01:17.134"}
{"level":"info","message":"连接池峰值: 1","metadata":{},"service":"ai-project","timestamp":"2026-09-17 11:01:17.134"}
{"level":"info","message":"总连接数: 13","metadata":{},"service":"ai-project","timestamp":"2026-09-17 11:01:17.134"}
{"level":"info","message":"失败连接数: 0","metadata":{},"service":"ai-project","timestamp":"2026-09-17 11:01:17.134"}
{"level":"info","message":"已关闭连接数: 12","metadata":{},"service":"ai-project","timestamp":"2026-09-17 11:01:17.134"}
{"level":"info","message":"================================================================================","metadata":{},"service":"ai-project","timestamp":"2026-09-17 11:01:17.134"}
{"level":"info","message":"客户端 #13 (172.20.10.14:1360) 主动断开连接","metadata":{"currentConnections":0},"service":"ai-project","timestamp":"2026-09-17 11:01:17.157"}
{"level":"info","message":"客户端 #13 (172.20.10.14:1360) 连接正常关闭","metadata":{"currentConnections":-1},"service":"ai-project","timestamp":"2026-09-17 11:01:17.157"}
{"level":"info","message":"客户端 #14 已连接 - 172.20.10.14:47680","metadata":{"currentConnections":1,"maxConnections":1000},"service":"ai-project","timestamp":"2026-09-17 11:01:17.170"}
{"level":"info","message":"================================================================================","metadata":{},"service":"ai-project","timestamp":"2026-09-17 11:02:17.143"}
{"level":"info","message":"性能监控指标","metadata":{},"service":"ai-project","timestamp":"2026-09-17 11:02:17.143"}
{"level":"info","message":"================================================================================","metadata":{},"service":"ai-project","timestamp":"2026-09-17 11:02:17.144"}
{"level":"info","message":"服务器运行时间: 2400 秒","metadata":{},"service":"ai-project","timestamp":"2026-09-17 11:02:17.144"}
{"level":"info","message":"总请求数: 1325","metadata":{},"service":"ai-project","timestamp":"2026-09-17 11:02:17.144"}
{"level":"info","message":"成功请求数: 1325","metadata":{},"service":"ai-project","timestamp":"2026-09-17 11:02:17.144"}
{"level":"info","message":"失败请求数: 0","metadata":{},"service":"ai-project","timestamp":"2026-09-17 11:02:17.144"}
{"level":"info","message":"请求成功率: 100.00%","metadata":{},"service":"ai-project","timestamp":"2026-09-17 11:02:17.144"}
{"level":"info","message":"平均响应时间: 10.41 ms","metadata":{},"service":"ai-project","timestamp":"2026-09-17 11:02:17.144"}
{"level":"info","message":"总接收数据: 729.79 KB","metadata":{},"service":"ai-project","timestamp":"2026-09-17 11:02:17.144"}
{"level":"info","message":"总发送数据: 49.17 KB","metadata":{},"service":"ai-project","timestamp":"2026-09-17 11:02:17.145"}
{"level":"info","message":"当前连接数: 1","metadata":{},"service":"ai-project","timestamp":"2026-09-17 11:02:17.145"}
{"level":"info","message":"连接池使用率: 0.10%","metadata":{},"service":"ai-project","timestamp":"2026-09-17 11:02:17.145"}
{"level":"info","message":"连接池峰值: 1","metadata":{},"service":"ai-project","timestamp":"2026-09-17 11:02:17.145"}
{"level":"info","message":"总连接数: 14","metadata":{},"service":"ai-project","timestamp":"2026-09-17 11:02:17.145"}
{"level":"info","message":"失败连接数: 0","metadata":{},"service":"ai-project","timestamp":"2026-09-17 11:02:17.145"}
{"level":"info","message":"已关闭连接数: 13","metadata":{},"service":"ai-project","timestamp":"2026-09-17 11:02:17.145"}
{"level":"info","message":"================================================================================","metadata":{},"service":"ai-project","timestamp":"2026-09-17 11:02:17.145"}
{"level":"warn","message":"客户端 #14 心跳超时，断开连接","metadata":{"clientInfo":"172.20.10.14:47680","timeSinceLastReceived":119726},"service":"ai-project","timestamp":"2026-09-17 11:03:17.155"}
{"level":"info","message":"================================================================================","metadata":{},"service":"ai-project","timestamp":"2026-09-17 11:03:17.156"}
{"level":"info","message":"性能监控指标","metadata":{},"service":"ai-project","timestamp":"2026-09-17 11:03:17.156"}
{"level":"info","message":"================================================================================","metadata":{},"service":"ai-project","timestamp":"2026-09-17 11:03:17.156"}
{"level":"info","message":"服务器运行时间: 2460 秒","metadata":{},"service":"ai-project","timestamp":"2026-09-17 11:03:17.157"}
{"level":"info","message":"总请求数: 1365","metadata":{},"service":"ai-project","timestamp":"2026-09-17 11:03:17.157"}
{"level":"info","message":"成功请求数: 1365","metadata":{},"service":"ai-project","timestamp":"2026-09-17 11:03:17.157"}
{"level":"info","message":"失败请求数: 0","metadata":{},"service":"ai-project","timestamp":"2026-09-17 11:03:17.157"}
{"level":"info","message":"请求成功率: 100.00%","metadata":{},"service":"ai-project","timestamp":"2026-09-17 11:03:17.157"}
{"level":"info","message":"平均响应时间: 8.20 ms","metadata":{},"service":"ai-project","timestamp":"2026-09-17 11:03:17.157"}
{"level":"info","message":"总接收数据: 751.83 KB","metadata":{},"service":"ai-project","timestamp":"2026-09-17 11:03:17.157"}
{"level":"info","message":"总发送数据: 50.65 KB","metadata":{},"service":"ai-project","timestamp":"2026-09-17 11:03:17.157"}
{"level":"info","message":"当前连接数: 1","metadata":{},"service":"ai-project","timestamp":"2026-09-17 11:03:17.157"}
{"level":"info","message":"连接池使用率: 0.10%","metadata":{},"service":"ai-project","timestamp":"2026-09-17 11:03:17.157"}
{"level":"info","message":"连接池峰值: 1","metadata":{},"service":"ai-project","timestamp":"2026-09-17 11:03:17.158"}
{"level":"info","message":"总连接数: 14","metadata":{},"service":"ai-project","timestamp":"2026-09-17 11:03:17.158"}
{"level":"info","message":"失败连接数: 0","metadata":{},"service":"ai-project","timestamp":"2026-09-17 11:03:17.158"}
{"level":"info","message":"已关闭连接数: 13","metadata":{},"service":"ai-project","timestamp":"2026-09-17 11:03:17.158"}
{"level":"info","message":"================================================================================","metadata":{},"service":"ai-project","timestamp":"2026-09-17 11:03:17.158"}
{"level":"info","message":"客户端 #14 (172.20.10.14:47680) 主动断开连接","metadata":{"currentConnections":0},"service":"ai-project","timestamp":"2026-09-17 11:03:17.310"}
{"level":"info","message":"客户端 #14 (172.20.10.14:47680) 连接正常关闭","metadata":{"currentConnections":-1},"service":"ai-project","timestamp":"2026-09-17 11:03:17.311"}
{"level":"info","message":"客户端 #15 已连接 - 172.20.10.14:10530","metadata":{"currentConnections":1,"maxConnections":1000},"service":"ai-project","timestamp":"2026-09-17 11:03:17.373"}
{"level":"info","message":"================================================================================","metadata":{},"service":"ai-project","timestamp":"2026-09-17 11:04:17.164"}
{"level":"info","message":"性能监控指标","metadata":{},"service":"ai-project","timestamp":"2026-09-17 11:04:17.165"}
{"level":"info","message":"================================================================================","metadata":{},"service":"ai-project","timestamp":"2026-09-17 11:04:17.165"}
{"level":"info","message":"服务器运行时间: 2520 秒","metadata":{},"service":"ai-project","timestamp":"2026-09-17 11:04:17.165"}
{"level":"info","message":"总请求数: 1405","metadata":{},"service":"ai-project","timestamp":"2026-09-17 11:04:17.165"}
{"level":"info","message":"成功请求数: 1405","metadata":{},"service":"ai-project","timestamp":"2026-09-17 11:04:17.165"}
{"level":"info","message":"失败请求数: 0","metadata":{},"service":"ai-project","timestamp":"2026-09-17 11:04:17.165"}
{"level":"info","message":"请求成功率: 100.00%","metadata":{},"service":"ai-project","timestamp":"2026-09-17 11:04:17.165"}
{"level":"info","message":"平均响应时间: 7.51 ms","metadata":{},"service":"ai-project","timestamp":"2026-09-17 11:04:17.165"}
{"level":"info","message":"总接收数据: 773.86 KB","metadata":{},"service":"ai-project","timestamp":"2026-09-17 11:04:17.165"}
{"level":"info","message":"总发送数据: 52.14 KB","metadata":{},"service":"ai-project","timestamp":"2026-09-17 11:04:17.165"}
{"level":"info","message":"当前连接数: 1","metadata":{},"service":"ai-project","timestamp":"2026-09-17 11:04:17.165"}
{"level":"info","message":"连接池使用率: 0.10%","metadata":{},"service":"ai-project","timestamp":"2026-09-17 11:04:17.166"}
{"level":"info","message":"连接池峰值: 1","metadata":{},"service":"ai-project","timestamp":"2026-09-17 11:04:17.166"}
{"level":"info","message":"总连接数: 15","metadata":{},"service":"ai-project","timestamp":"2026-09-17 11:04:17.166"}
{"level":"info","message":"失败连接数: 0","metadata":{},"service":"ai-project","timestamp":"2026-09-17 11:04:17.166"}
{"level":"info","message":"已关闭连接数: 14","metadata":{},"service":"ai-project","timestamp":"2026-09-17 11:04:17.166"}
{"level":"info","message":"================================================================================","metadata":{},"service":"ai-project","timestamp":"2026-09-17 11:04:17.166"}
{"level":"warn","message":"客户端 #15 心跳超时，断开连接","metadata":{"clientInfo":"172.20.10.14:10530","timeSinceLastReceived":119719},"service":"ai-project","timestamp":"2026-09-17 11:05:17.173"}
{"level":"info","message":"================================================================================","metadata":{},"service":"ai-project","timestamp":"2026-09-17 11:05:17.174"}
{"level":"info","message":"性能监控指标","metadata":{},"service":"ai-project","timestamp":"2026-09-17 11:05:17.174"}
{"level":"info","message":"================================================================================","metadata":{},"service":"ai-project","timestamp":"2026-09-17 11:05:17.174"}
{"level":"info","message":"服务器运行时间: 2580 秒","metadata":{},"service":"ai-project","timestamp":"2026-09-17 11:05:17.174"}
{"level":"info","message":"总请求数: 1445","metadata":{},"service":"ai-project","timestamp":"2026-09-17 11:05:17.174"}
{"level":"info","message":"成功请求数: 1445","metadata":{},"service":"ai-project","timestamp":"2026-09-17 11:05:17.174"}
{"level":"info","message":"失败请求数: 0","metadata":{},"service":"ai-project","timestamp":"2026-09-17 11:05:17.175"}
{"level":"info","message":"请求成功率: 100.00%","metadata":{},"service":"ai-project","timestamp":"2026-09-17 11:05:17.175"}
{"level":"info","message":"平均响应时间: 8.07 ms","metadata":{},"service":"ai-project","timestamp":"2026-09-17 11:05:17.175"}
{"level":"info","message":"总接收数据: 795.89 KB","metadata":{},"service":"ai-project","timestamp":"2026-09-17 11:05:17.175"}
{"level":"info","message":"总发送数据: 53.62 KB","metadata":{},"service":"ai-project","timestamp":"2026-09-17 11:05:17.175"}
{"level":"info","message":"当前连接数: 1","metadata":{},"service":"ai-project","timestamp":"2026-09-17 11:05:17.175"}
{"level":"info","message":"连接池使用率: 0.10%","metadata":{},"service":"ai-project","timestamp":"2026-09-17 11:05:17.175"}
{"level":"info","message":"连接池峰值: 1","metadata":{},"service":"ai-project","timestamp":"2026-09-17 11:05:17.176"}
{"level":"info","message":"总连接数: 15","metadata":{},"service":"ai-project","timestamp":"2026-09-17 11:05:17.176"}
{"level":"info","message":"失败连接数: 0","metadata":{},"service":"ai-project","timestamp":"2026-09-17 11:05:17.176"}
{"level":"info","message":"已关闭连接数: 14","metadata":{},"service":"ai-project","timestamp":"2026-09-17 11:05:17.176"}
{"level":"info","message":"================================================================================","metadata":{},"service":"ai-project","timestamp":"2026-09-17 11:05:17.176"}
{"level":"info","message":"客户端 #15 (172.20.10.14:10530) 主动断开连接","metadata":{"currentConnections":0},"service":"ai-project","timestamp":"2026-09-17 11:05:17.296"}
{"level":"info","message":"客户端 #15 (172.20.10.14:10530) 连接正常关闭","metadata":{"currentConnections":-1},"service":"ai-project","timestamp":"2026-09-17 11:05:17.296"}
{"level":"info","message":"客户端 #16 已连接 - 172.20.10.14:40152","metadata":{"currentConnections":1,"maxConnections":1000},"service":"ai-project","timestamp":"2026-09-17 11:05:17.359"}
{"level":"info","message":"================================================================================","metadata":{},"service":"ai-project","timestamp":"2026-09-17 11:06:17.188"}
{"level":"info","message":"性能监控指标","metadata":{},"service":"ai-project","timestamp":"2026-09-17 11:06:17.188"}
{"level":"info","message":"================================================================================","metadata":{},"service":"ai-project","timestamp":"2026-09-17 11:06:17.188"}
{"level":"info","message":"服务器运行时间: 2640 秒","metadata":{},"service":"ai-project","timestamp":"2026-09-17 11:06:17.189"}
{"level":"info","message":"总请求数: 1485","metadata":{},"service":"ai-project","timestamp":"2026-09-17 11:06:17.189"}
{"level":"info","message":"成功请求数: 1485","metadata":{},"service":"ai-project","timestamp":"2026-09-17 11:06:17.189"}
{"level":"info","message":"失败请求数: 0","metadata":{},"service":"ai-project","timestamp":"2026-09-17 11:06:17.189"}
{"level":"info","message":"请求成功率: 100.00%","metadata":{},"service":"ai-project","timestamp":"2026-09-17 11:06:17.189"}
{"level":"info","message":"平均响应时间: 8.37 ms","metadata":{},"service":"ai-project","timestamp":"2026-09-17 11:06:17.190"}
{"level":"info","message":"总接收数据: 817.93 KB","metadata":{},"service":"ai-project","timestamp":"2026-09-17 11:06:17.190"}
{"level":"info","message":"总发送数据: 55.11 KB","metadata":{},"service":"ai-project","timestamp":"2026-09-17 11:06:17.190"}
{"level":"info","message":"当前连接数: 1","metadata":{},"service":"ai-project","timestamp":"2026-09-17 11:06:17.190"}
{"level":"info","message":"连接池使用率: 0.10%","metadata":{},"service":"ai-project","timestamp":"2026-09-17 11:06:17.190"}
{"level":"info","message":"连接池峰值: 1","metadata":{},"service":"ai-project","timestamp":"2026-09-17 11:06:17.190"}
{"level":"info","message":"总连接数: 16","metadata":{},"service":"ai-project","timestamp":"2026-09-17 11:06:17.190"}
{"level":"info","message":"失败连接数: 0","metadata":{},"service":"ai-project","timestamp":"2026-09-17 11:06:17.190"}
{"level":"info","message":"已关闭连接数: 15","metadata":{},"service":"ai-project","timestamp":"2026-09-17 11:06:17.190"}
{"level":"info","message":"================================================================================","metadata":{},"service":"ai-project","timestamp":"2026-09-17 11:06:17.191"}
{"level":"warn","message":"客户端 #16 心跳超时，断开连接","metadata":{"clientInfo":"172.20.10.14:40152","timeSinceLastReceived":119713},"service":"ai-project","timestamp":"2026-09-17 11:07:17.197"}
{"level":"info","message":"================================================================================","metadata":{},"service":"ai-project","timestamp":"2026-09-17 11:07:17.197"}
{"level":"info","message":"性能监控指标","metadata":{},"service":"ai-project","timestamp":"2026-09-17 11:07:17.198"}
{"level":"info","message":"================================================================================","metadata":{},"service":"ai-project","timestamp":"2026-09-17 11:07:17.198"}
{"level":"info","message":"服务器运行时间: 2700 秒","metadata":{},"service":"ai-project","timestamp":"2026-09-17 11:07:17.198"}
{"level":"info","message":"总请求数: 1525","metadata":{},"service":"ai-project","timestamp":"2026-09-17 11:07:17.198"}
{"level":"info","message":"成功请求数: 1525","metadata":{},"service":"ai-project","timestamp":"2026-09-17 11:07:17.198"}
{"level":"info","message":"失败请求数: 0","metadata":{},"service":"ai-project","timestamp":"2026-09-17 11:07:17.198"}
{"level":"info","message":"请求成功率: 100.00%","metadata":{},"service":"ai-project","timestamp":"2026-09-17 11:07:17.198"}
{"level":"info","message":"平均响应时间: 8.56 ms","metadata":{},"service":"ai-project","timestamp":"2026-09-17 11:07:17.198"}
{"level":"info","message":"总接收数据: 839.96 KB","metadata":{},"service":"ai-project","timestamp":"2026-09-17 11:07:17.199"}
{"level":"info","message":"总发送数据: 56.59 KB","metadata":{},"service":"ai-project","timestamp":"2026-09-17 11:07:17.199"}
{"level":"info","message":"当前连接数: 1","metadata":{},"service":"ai-project","timestamp":"2026-09-17 11:07:17.199"}
{"level":"info","message":"连接池使用率: 0.10%","metadata":{},"service":"ai-project","timestamp":"2026-09-17 11:07:17.199"}
{"level":"info","message":"连接池峰值: 1","metadata":{},"service":"ai-project","timestamp":"2026-09-17 11:07:17.199"}
{"level":"info","message":"总连接数: 16","metadata":{},"service":"ai-project","timestamp":"2026-09-17 11:07:17.199"}
{"level":"info","message":"失败连接数: 0","metadata":{},"service":"ai-project","timestamp":"2026-09-17 11:07:17.199"}
{"level":"info","message":"已关闭连接数: 15","metadata":{},"service":"ai-project","timestamp":"2026-09-17 11:07:17.199"}
{"level":"info","message":"================================================================================","metadata":{},"service":"ai-project","timestamp":"2026-09-17 11:07:17.200"}
{"level":"info","message":"客户端 #16 (172.20.10.14:40152) 主动断开连接","metadata":{"currentConnections":0},"service":"ai-project","timestamp":"2026-09-17 11:07:17.206"}
{"level":"info","message":"客户端 #16 (172.20.10.14:40152) 连接正常关闭","metadata":{"currentConnections":-1},"service":"ai-project","timestamp":"2026-09-17 11:07:17.206"}
{"level":"info","message":"客户端 #17 已连接 - 172.20.10.14:45283","metadata":{"currentConnections":1,"maxConnections":1000},"service":"ai-project","timestamp":"2026-09-17 11:07:17.244"}
{"level":"info","message":"================================================================================","metadata":{},"service":"ai-project","timestamp":"2026-09-17 11:08:17.210"}
{"level":"info","message":"性能监控指标","metadata":{},"service":"ai-project","timestamp":"2026-09-17 11:08:17.211"}
{"level":"info","message":"================================================================================","metadata":{},"service":"ai-project","timestamp":"2026-09-17 11:08:17.211"}
{"level":"info","message":"服务器运行时间: 2760 秒","metadata":{},"service":"ai-project","timestamp":"2026-09-17 11:08:17.211"}
{"level":"info","message":"总请求数: 1564","metadata":{},"service":"ai-project","timestamp":"2026-09-17 11:08:17.211"}
{"level":"info","message":"成功请求数: 1564","metadata":{},"service":"ai-project","timestamp":"2026-09-17 11:08:17.211"}
{"level":"info","message":"失败请求数: 0","metadata":{},"service":"ai-project","timestamp":"2026-09-17 11:08:17.211"}
{"level":"info","message":"请求成功率: 100.00%","metadata":{},"service":"ai-project","timestamp":"2026-09-17 11:08:17.211"}
{"level":"info","message":"平均响应时间: 10.25 ms","metadata":{},"service":"ai-project","timestamp":"2026-09-17 11:08:17.212"}
{"level":"info","message":"总接收数据: 861.44 KB","metadata":{},"service":"ai-project","timestamp":"2026-09-17 11:08:17.212"}
{"level":"info","message":"总发送数据: 58.04 KB","metadata":{},"service":"ai-project","timestamp":"2026-09-17 11:08:17.212"}
{"level":"info","message":"当前连接数: 1","metadata":{},"service":"ai-project","timestamp":"2026-09-17 11:08:17.212"}
{"level":"info","message":"连接池使用率: 0.10%","metadata":{},"service":"ai-project","timestamp":"2026-09-17 11:08:17.212"}
{"level":"info","message":"连接池峰值: 1","metadata":{},"service":"ai-project","timestamp":"2026-09-17 11:08:17.212"}
{"level":"info","message":"总连接数: 17","metadata":{},"service":"ai-project","timestamp":"2026-09-17 11:08:17.212"}
{"level":"info","message":"失败连接数: 0","metadata":{},"service":"ai-project","timestamp":"2026-09-17 11:08:17.212"}
{"level":"info","message":"已关闭连接数: 16","metadata":{},"service":"ai-project","timestamp":"2026-09-17 11:08:17.213"}
{"level":"info","message":"================================================================================","metadata":{},"service":"ai-project","timestamp":"2026-09-17 11:08:17.213"}
{"level":"warn","message":"客户端 #17 心跳超时，断开连接","metadata":{"clientInfo":"172.20.10.14:45283","timeSinceLastReceived":119714},"service":"ai-project","timestamp":"2026-09-17 11:09:17.226"}
{"level":"info","message":"================================================================================","metadata":{},"service":"ai-project","timestamp":"2026-09-17 11:09:17.226"}
{"level":"info","message":"性能监控指标","metadata":{},"service":"ai-project","timestamp":"2026-09-17 11:09:17.226"}
{"level":"info","message":"================================================================================","metadata":{},"service":"ai-project","timestamp":"2026-09-17 11:09:17.227"}
{"level":"info","message":"服务器运行时间: 2820 秒","metadata":{},"service":"ai-project","timestamp":"2026-09-17 11:09:17.227"}
{"level":"info","message":"总请求数: 1604","metadata":{},"service":"ai-project","timestamp":"2026-09-17 11:09:17.227"}
{"level":"info","message":"成功请求数: 1604","metadata":{},"service":"ai-project","timestamp":"2026-09-17 11:09:17.227"}
{"level":"info","message":"失败请求数: 0","metadata":{},"service":"ai-project","timestamp":"2026-09-17 11:09:17.227"}
{"level":"info","message":"请求成功率: 100.00%","metadata":{},"service":"ai-project","timestamp":"2026-09-17 11:09:17.227"}
{"level":"info","message":"平均响应时间: 11.15 ms","metadata":{},"service":"ai-project","timestamp":"2026-09-17 11:09:17.227"}
{"level":"info","message":"总接收数据: 883.47 KB","metadata":{},"service":"ai-project","timestamp":"2026-09-17 11:09:17.228"}
{"level":"info","message":"总发送数据: 59.52 KB","metadata":{},"service":"ai-project","timestamp":"2026-09-17 11:09:17.228"}
{"level":"info","message":"当前连接数: 1","metadata":{},"service":"ai-project","timestamp":"2026-09-17 11:09:17.228"}
{"level":"info","message":"连接池使用率: 0.10%","metadata":{},"service":"ai-project","timestamp":"2026-09-17 11:09:17.228"}
{"level":"info","message":"连接池峰值: 1","metadata":{},"service":"ai-project","timestamp":"2026-09-17 11:09:17.228"}
{"level":"info","message":"总连接数: 17","metadata":{},"service":"ai-project","timestamp":"2026-09-17 11:09:17.228"}
{"level":"info","message":"失败连接数: 0","metadata":{},"service":"ai-project","timestamp":"2026-09-17 11:09:17.228"}
{"level":"info","message":"已关闭连接数: 16","metadata":{},"service":"ai-project","timestamp":"2026-09-17 11:09:17.228"}
{"level":"info","message":"================================================================================","metadata":{},"service":"ai-project","timestamp":"2026-09-17 11:09:17.228"}
{"level":"info","message":"客户端 #17 (172.20.10.14:45283) 主动断开连接","metadata":{"currentConnections":0},"service":"ai-project","timestamp":"2026-09-17 11:09:17.327"}
{"level":"info","message":"客户端 #17 (172.20.10.14:45283) 连接正常关闭","metadata":{"currentConnections":-1},"service":"ai-project","timestamp":"2026-09-17 11:09:17.328"}
{"level":"info","message":"客户端 #18 已连接 - 172.20.10.14:32890","metadata":{"currentConnections":1,"maxConnections":1000},"service":"ai-project","timestamp":"2026-09-17 11:09:17.437"}
{"level":"info","message":"================================================================================","metadata":{},"service":"ai-project","timestamp":"2026-09-17 11:10:17.230"}
{"level":"info","message":"性能监控指标","metadata":{},"service":"ai-project","timestamp":"2026-09-17 11:10:17.231"}
{"level":"info","message":"================================================================================","metadata":{},"service":"ai-project","timestamp":"2026-09-17 11:10:17.231"}
{"level":"info","message":"服务器运行时间: 2880 秒","metadata":{},"service":"ai-project","timestamp":"2026-09-17 11:10:17.232"}
{"level":"info","message":"总请求数: 1644","metadata":{},"service":"ai-project","timestamp":"2026-09-17 11:10:17.232"}
{"level":"info","message":"成功请求数: 1644","metadata":{},"service":"ai-project","timestamp":"2026-09-17 11:10:17.232"}
{"level":"info","message":"失败请求数: 0","metadata":{},"service":"ai-project","timestamp":"2026-09-17 11:10:17.232"}
{"level":"info","message":"请求成功率: 100.00%","metadata":{},"service":"ai-project","timestamp":"2026-09-17 11:10:17.232"}
{"level":"info","message":"平均响应时间: 10.60 ms","metadata":{},"service":"ai-project","timestamp":"2026-09-17 11:10:17.232"}
{"level":"info","message":"总接收数据: 905.50 KB","metadata":{},"service":"ai-project","timestamp":"2026-09-17 11:10:17.232"}
{"level":"info","message":"总发送数据: 61.01 KB","metadata":{},"service":"ai-project","timestamp":"2026-09-17 11:10:17.233"}
{"level":"info","message":"当前连接数: 1","metadata":{},"service":"ai-project","timestamp":"2026-09-17 11:10:17.233"}
{"level":"info","message":"连接池使用率: 0.10%","metadata":{},"service":"ai-project","timestamp":"2026-09-17 11:10:17.233"}
{"level":"info","message":"连接池峰值: 1","metadata":{},"service":"ai-project","timestamp":"2026-09-17 11:10:17.233"}
{"level":"info","message":"总连接数: 18","metadata":{},"service":"ai-project","timestamp":"2026-09-17 11:10:17.233"}
{"level":"info","message":"失败连接数: 0","metadata":{},"service":"ai-project","timestamp":"2026-09-17 11:10:17.233"}
{"level":"info","message":"已关闭连接数: 17","metadata":{},"service":"ai-project","timestamp":"2026-09-17 11:10:17.233"}
{"level":"info","message":"================================================================================","metadata":{},"service":"ai-project","timestamp":"2026-09-17 11:10:17.234"}
{"level":"warn","message":"客户端 #18 心跳超时，断开连接","metadata":{"clientInfo":"172.20.10.14:32890","timeSinceLastReceived":119697},"service":"ai-project","timestamp":"2026-09-17 11:11:17.233"}
{"level":"info","message":"================================================================================","metadata":{},"service":"ai-project","timestamp":"2026-09-17 11:11:17.233"}
{"level":"info","message":"性能监控指标","metadata":{},"service":"ai-project","timestamp":"2026-09-17 11:11:17.234"}
{"level":"info","message":"================================================================================","metadata":{},"service":"ai-project","timestamp":"2026-09-17 11:11:17.234"}
{"level":"info","message":"服务器运行时间: 2940 秒","metadata":{},"service":"ai-project","timestamp":"2026-09-17 11:11:17.234"}
{"level":"info","message":"总请求数: 1684","metadata":{},"service":"ai-project","timestamp":"2026-09-17 11:11:17.235"}
{"level":"info","message":"成功请求数: 1684","metadata":{},"service":"ai-project","timestamp":"2026-09-17 11:11:17.235"}
{"level":"info","message":"失败请求数: 0","metadata":{},"service":"ai-project","timestamp":"2026-09-17 11:11:17.235"}
{"level":"info","message":"请求成功率: 100.00%","metadata":{},"service":"ai-project","timestamp":"2026-09-17 11:11:17.235"}
{"level":"info","message":"平均响应时间: 10.28 ms","metadata":{},"service":"ai-project","timestamp":"2026-09-17 11:11:17.235"}
{"level":"info","message":"总接收数据: 927.53 KB","metadata":{},"service":"ai-project","timestamp":"2026-09-17 11:11:17.235"}
{"level":"info","message":"总发送数据: 62.49 KB","metadata":{},"service":"ai-project","timestamp":"2026-09-17 11:11:17.235"}
{"level":"info","message":"当前连接数: 1","metadata":{},"service":"ai-project","timestamp":"2026-09-17 11:11:17.235"}
{"level":"info","message":"连接池使用率: 0.10%","metadata":{},"service":"ai-project","timestamp":"2026-09-17 11:11:17.236"}
{"level":"info","message":"连接池峰值: 1","metadata":{},"service":"ai-project","timestamp":"2026-09-17 11:11:17.236"}
{"level":"info","message":"总连接数: 18","metadata":{},"service":"ai-project","timestamp":"2026-09-17 11:11:17.236"}
{"level":"info","message":"失败连接数: 0","metadata":{},"service":"ai-project","timestamp":"2026-09-17 11:11:17.236"}
{"level":"info","message":"已关闭连接数: 17","metadata":{},"service":"ai-project","timestamp":"2026-09-17 11:11:17.236"}
{"level":"info","message":"================================================================================","metadata":{},"service":"ai-project","timestamp":"2026-09-17 11:11:17.236"}
{"level":"info","message":"客户端 #18 (172.20.10.14:32890) 主动断开连接","metadata":{"currentConnections":0},"service":"ai-project","timestamp":"2026-09-17 11:11:17.344"}
{"level":"info","message":"客户端 #18 (172.20.10.14:32890) 连接正常关闭","metadata":{"currentConnections":-1},"service":"ai-project","timestamp":"2026-09-17 11:11:17.344"}
{"level":"info","message":"客户端 #19 已连接 - 172.20.10.14:12750","metadata":{"currentConnections":1,"maxConnections":1000},"service":"ai-project","timestamp":"2026-09-17 11:11:17.423"}
{"level":"info","message":"================================================================================","metadata":{},"service":"ai-project","timestamp":"2026-09-17 11:12:17.247"}
{"level":"info","message":"性能监控指标","metadata":{},"service":"ai-project","timestamp":"2026-09-17 11:12:17.248"}
{"level":"info","message":"================================================================================","metadata":{},"service":"ai-project","timestamp":"2026-09-17 11:12:17.248"}
{"level":"info","message":"服务器运行时间: 3000 秒","metadata":{},"service":"ai-project","timestamp":"2026-09-17 11:12:17.248"}
{"level":"info","message":"总请求数: 1724","metadata":{},"service":"ai-project","timestamp":"2026-09-17 11:12:17.248"}
{"level":"info","message":"成功请求数: 1724","metadata":{},"service":"ai-project","timestamp":"2026-09-17 11:12:17.248"}
{"level":"info","message":"失败请求数: 0","metadata":{},"service":"ai-project","timestamp":"2026-09-17 11:12:17.248"}
{"level":"info","message":"请求成功率: 100.00%","metadata":{},"service":"ai-project","timestamp":"2026-09-17 11:12:17.248"}
{"level":"info","message":"平均响应时间: 9.08 ms","metadata":{},"service":"ai-project","timestamp":"2026-09-17 11:12:17.249"}
{"level":"info","message":"总接收数据: 949.56 KB","metadata":{},"service":"ai-project","timestamp":"2026-09-17 11:12:17.249"}
{"level":"info","message":"总发送数据: 63.98 KB","metadata":{},"service":"ai-project","timestamp":"2026-09-17 11:12:17.249"}
{"level":"info","message":"当前连接数: 1","metadata":{},"service":"ai-project","timestamp":"2026-09-17 11:12:17.249"}
{"level":"info","message":"连接池使用率: 0.10%","metadata":{},"service":"ai-project","timestamp":"2026-09-17 11:12:17.249"}
{"level":"info","message":"连接池峰值: 1","metadata":{},"service":"ai-project","timestamp":"2026-09-17 11:12:17.249"}
{"level":"info","message":"总连接数: 19","metadata":{},"service":"ai-project","timestamp":"2026-09-17 11:12:17.249"}
{"level":"info","message":"失败连接数: 0","metadata":{},"service":"ai-project","timestamp":"2026-09-17 11:12:17.249"}
{"level":"info","message":"已关闭连接数: 18","metadata":{},"service":"ai-project","timestamp":"2026-09-17 11:12:17.250"}
{"level":"info","message":"================================================================================","metadata":{},"service":"ai-project","timestamp":"2026-09-17 11:12:17.250"}
{"level":"warn","message":"客户端 #19 心跳超时，断开连接","metadata":{"clientInfo":"172.20.10.14:12750","timeSinceLastReceived":119688},"service":"ai-project","timestamp":"2026-09-17 11:13:17.247"}
{"level":"info","message":"================================================================================","metadata":{},"service":"ai-project","timestamp":"2026-09-17 11:13:17.247"}
{"level":"info","message":"性能监控指标","metadata":{},"service":"ai-project","timestamp":"2026-09-17 11:13:17.247"}
{"level":"info","message":"================================================================================","metadata":{},"service":"ai-project","timestamp":"2026-09-17 11:13:17.248"}
{"level":"info","message":"服务器运行时间: 3060 秒","metadata":{},"service":"ai-project","timestamp":"2026-09-17 11:13:17.248"}
{"level":"info","message":"总请求数: 1764","metadata":{},"service":"ai-project","timestamp":"2026-09-17 11:13:17.248"}
{"level":"info","message":"成功请求数: 1764","metadata":{},"service":"ai-project","timestamp":"2026-09-17 11:13:17.248"}
{"level":"info","message":"失败请求数: 0","metadata":{},"service":"ai-project","timestamp":"2026-09-17 11:13:17.248"}
{"level":"info","message":"请求成功率: 100.00%","metadata":{},"service":"ai-project","timestamp":"2026-09-17 11:13:17.248"}
{"level":"info","message":"平均响应时间: 9.28 ms","metadata":{},"service":"ai-project","timestamp":"2026-09-17 11:13:17.249"}
{"level":"info","message":"总接收数据: 971.59 KB","metadata":{},"service":"ai-project","timestamp":"2026-09-17 11:13:17.249"}
{"level":"info","message":"总发送数据: 65.46 KB","metadata":{},"service":"ai-project","timestamp":"2026-09-17 11:13:17.249"}
{"level":"info","message":"当前连接数: 1","metadata":{},"service":"ai-project","timestamp":"2026-09-17 11:13:17.249"}
{"level":"info","message":"连接池使用率: 0.10%","metadata":{},"service":"ai-project","timestamp":"2026-09-17 11:13:17.249"}
{"level":"info","message":"连接池峰值: 1","metadata":{},"service":"ai-project","timestamp":"2026-09-17 11:13:17.249"}
{"level":"info","message":"总连接数: 19","metadata":{},"service":"ai-project","timestamp":"2026-09-17 11:13:17.249"}
{"level":"info","message":"失败连接数: 0","metadata":{},"service":"ai-project","timestamp":"2026-09-17 11:13:17.249"}
{"level":"info","message":"已关闭连接数: 18","metadata":{},"service":"ai-project","timestamp":"2026-09-17 11:13:17.250"}
{"level":"info","message":"================================================================================","metadata":{},"service":"ai-project","timestamp":"2026-09-17 11:13:17.250"}
{"level":"info","message":"客户端 #19 (172.20.10.14:12750) 主动断开连接","metadata":{"currentConnections":0},"service":"ai-project","timestamp":"2026-09-17 11:13:17.366"}
{"level":"info","message":"客户端 #19 (172.20.10.14:12750) 连接正常关闭","metadata":{"currentConnections":-1},"service":"ai-project","timestamp":"2026-09-17 11:13:17.366"}
{"level":"info","message":"客户端 #20 已连接 - 172.20.10.14:47395","metadata":{"currentConnections":1,"maxConnections":1000},"service":"ai-project","timestamp":"2026-09-17 11:13:17.409"}
{"level":"info","message":"================================================================================","metadata":{},"service":"ai-project","timestamp":"2026-09-17 11:14:17.253"}
{"level":"info","message":"性能监控指标","metadata":{},"service":"ai-project","timestamp":"2026-09-17 11:14:17.254"}
{"level":"info","message":"================================================================================","metadata":{},"service":"ai-project","timestamp":"2026-09-17 11:14:17.254"}
{"level":"info","message":"服务器运行时间: 3120 秒","metadata":{},"service":"ai-project","timestamp":"2026-09-17 11:14:17.254"}
{"level":"info","message":"总请求数: 1804","metadata":{},"service":"ai-project","timestamp":"2026-09-17 11:14:17.254"}
{"level":"info","message":"成功请求数: 1804","metadata":{},"service":"ai-project","timestamp":"2026-09-17 11:14:17.254"}
{"level":"info","message":"失败请求数: 0","metadata":{},"service":"ai-project","timestamp":"2026-09-17 11:14:17.254"}
{"level":"info","message":"请求成功率: 100.00%","metadata":{},"service":"ai-project","timestamp":"2026-09-17 11:14:17.254"}
{"level":"info","message":"平均响应时间: 10.33 ms","metadata":{},"service":"ai-project","timestamp":"2026-09-17 11:14:17.254"}
{"level":"info","message":"总接收数据: 993.63 KB","metadata":{},"service":"ai-project","timestamp":"2026-09-17 11:14:17.254"}
{"level":"info","message":"总发送数据: 66.95 KB","metadata":{},"service":"ai-project","timestamp":"2026-09-17 11:14:17.254"}
{"level":"info","message":"当前连接数: 1","metadata":{},"service":"ai-project","timestamp":"2026-09-17 11:14:17.254"}
{"level":"info","message":"连接池使用率: 0.10%","metadata":{},"service":"ai-project","timestamp":"2026-09-17 11:14:17.255"}
{"level":"info","message":"连接池峰值: 1","metadata":{},"service":"ai-project","timestamp":"2026-09-17 11:14:17.255"}
{"level":"info","message":"总连接数: 20","metadata":{},"service":"ai-project","timestamp":"2026-09-17 11:14:17.255"}
{"level":"info","message":"失败连接数: 0","metadata":{},"service":"ai-project","timestamp":"2026-09-17 11:14:17.255"}
{"level":"info","message":"已关闭连接数: 19","metadata":{},"service":"ai-project","timestamp":"2026-09-17 11:14:17.255"}
{"level":"info","message":"================================================================================","metadata":{},"service":"ai-project","timestamp":"2026-09-17 11:14:17.255"}
{"level":"warn","message":"客户端 #20 心跳超时，断开连接","metadata":{"clientInfo":"172.20.10.14:47395","timeSinceLastReceived":119669},"service":"ai-project","timestamp":"2026-09-17 11:15:17.259"}
{"level":"info","message":"================================================================================","metadata":{},"service":"ai-project","timestamp":"2026-09-17 11:15:17.259"}
{"level":"info","message":"性能监控指标","metadata":{},"service":"ai-project","timestamp":"2026-09-17 11:15:17.259"}
{"level":"info","message":"================================================================================","metadata":{},"service":"ai-project","timestamp":"2026-09-17 11:15:17.260"}
{"level":"info","message":"服务器运行时间: 3180 秒","metadata":{},"service":"ai-project","timestamp":"2026-09-17 11:15:17.260"}
{"level":"info","message":"总请求数: 1843","metadata":{},"service":"ai-project","timestamp":"2026-09-17 11:15:17.260"}
{"level":"info","message":"成功请求数: 1843","metadata":{},"service":"ai-project","timestamp":"2026-09-17 11:15:17.260"}
{"level":"info","message":"失败请求数: 0","metadata":{},"service":"ai-project","timestamp":"2026-09-17 11:15:17.260"}
{"level":"info","message":"请求成功率: 100.00%","metadata":{},"service":"ai-project","timestamp":"2026-09-17 11:15:17.260"}
{"level":"info","message":"平均响应时间: 11.51 ms","metadata":{},"service":"ai-project","timestamp":"2026-09-17 11:15:17.260"}
{"level":"info","message":"总接收数据: 1015.11 KB","metadata":{},"service":"ai-project","timestamp":"2026-09-17 11:15:17.260"}
{"level":"info","message":"总发送数据: 68.39 KB","metadata":{},"service":"ai-project","timestamp":"2026-09-17 11:15:17.260"}
{"level":"info","message":"当前连接数: 1","metadata":{},"service":"ai-project","timestamp":"2026-09-17 11:15:17.260"}
{"level":"info","message":"连接池使用率: 0.10%","metadata":{},"service":"ai-project","timestamp":"2026-09-17 11:15:17.260"}
{"level":"info","message":"连接池峰值: 1","metadata":{},"service":"ai-project","timestamp":"2026-09-17 11:15:17.261"}
{"level":"info","message":"总连接数: 20","metadata":{},"service":"ai-project","timestamp":"2026-09-17 11:15:17.261"}
{"level":"info","message":"失败连接数: 0","metadata":{},"service":"ai-project","timestamp":"2026-09-17 11:15:17.261"}
{"level":"info","message":"已关闭连接数: 19","metadata":{},"service":"ai-project","timestamp":"2026-09-17 11:15:17.261"}
{"level":"info","message":"================================================================================","metadata":{},"service":"ai-project","timestamp":"2026-09-17 11:15:17.261"}
{"level":"info","message":"客户端 #20 (172.20.10.14:47395) 主动断开连接","metadata":{"currentConnections":0},"service":"ai-project","timestamp":"2026-09-17 11:15:17.275"}
{"level":"info","message":"客户端 #20 (172.20.10.14:47395) 连接正常关闭","metadata":{"currentConnections":-1},"service":"ai-project","timestamp":"2026-09-17 11:15:17.276"}
{"level":"info","message":"客户端 #21 已连接 - 172.20.10.14:40913","metadata":{"currentConnections":1,"maxConnections":1000},"service":"ai-project","timestamp":"2026-09-17 11:15:17.302"}
{"level":"info","message":"================================================================================","metadata":{},"service":"ai-project","timestamp":"2026-09-17 11:16:17.267"}
{"level":"info","message":"性能监控指标","metadata":{},"service":"ai-project","timestamp":"2026-09-17 11:16:17.268"}
{"level":"info","message":"================================================================================","metadata":{},"service":"ai-project","timestamp":"2026-09-17 11:16:17.268"}
{"level":"info","message":"服务器运行时间: 3240 秒","metadata":{},"service":"ai-project","timestamp":"2026-09-17 11:16:17.268"}
{"level":"info","message":"总请求数: 1883","metadata":{},"service":"ai-project","timestamp":"2026-09-17 11:16:17.268"}
{"level":"info","message":"成功请求数: 1883","metadata":{},"service":"ai-project","timestamp":"2026-09-17 11:16:17.269"}
{"level":"info","message":"失败请求数: 0","metadata":{},"service":"ai-project","timestamp":"2026-09-17 11:16:17.269"}
{"level":"info","message":"请求成功率: 100.00%","metadata":{},"service":"ai-project","timestamp":"2026-09-17 11:16:17.269"}
{"level":"info","message":"平均响应时间: 11.48 ms","metadata":{},"service":"ai-project","timestamp":"2026-09-17 11:16:17.269"}
{"level":"info","message":"总接收数据: 1037.14 KB","metadata":{},"service":"ai-project","timestamp":"2026-09-17 11:16:17.269"}
{"level":"info","message":"总发送数据: 69.88 KB","metadata":{},"service":"ai-project","timestamp":"2026-09-17 11:16:17.269"}
{"level":"info","message":"当前连接数: 1","metadata":{},"service":"ai-project","timestamp":"2026-09-17 11:16:17.269"}
{"level":"info","message":"连接池使用率: 0.10%","metadata":{},"service":"ai-project","timestamp":"2026-09-17 11:16:17.270"}
{"level":"info","message":"连接池峰值: 1","metadata":{},"service":"ai-project","timestamp":"2026-09-17 11:16:17.270"}
{"level":"info","message":"总连接数: 21","metadata":{},"service":"ai-project","timestamp":"2026-09-17 11:16:17.270"}
{"level":"info","message":"失败连接数: 0","metadata":{},"service":"ai-project","timestamp":"2026-09-17 11:16:17.270"}
{"level":"info","message":"已关闭连接数: 20","metadata":{},"service":"ai-project","timestamp":"2026-09-17 11:16:17.270"}
{"level":"info","message":"================================================================================","metadata":{},"service":"ai-project","timestamp":"2026-09-17 11:16:17.270"}
{"level":"error","message":"客户端 #21 (172.20.10.14:40913) 连接错误","metadata":{"errorCode":"ECONNRESET","errorMessage":"read ECONNRESET"},"service":"ai-project","timestamp":"2026-09-17 11:17:06.896"}
{"level":"info","message":"连接被客户端重置","metadata":{"clientId":21,"clientInfo":"172.20.10.14:40913"},"service":"ai-project","timestamp":"2026-09-17 11:17:06.896"}
{"level":"info","message":"当前连接数: 0","metadata":{"clientId":21,"clientInfo":"172.20.10.14:40913"},"service":"ai-project","timestamp":"2026-09-17 11:17:06.896"}
{"level":"warn","message":"客户端 #21 (172.20.10.14:40913) 连接异常关闭","metadata":{"currentConnections":-1},"service":"ai-project","timestamp":"2026-09-17 11:17:06.897"}
{"level":"info","message":"================================================================================","metadata":{},"service":"ai-project","timestamp":"2026-09-17 11:17:17.272"}
{"level":"info","message":"性能监控指标","metadata":{},"service":"ai-project","timestamp":"2026-09-17 11:17:17.273"}
{"level":"info","message":"================================================================================","metadata":{},"service":"ai-project","timestamp":"2026-09-17 11:17:17.273"}
{"level":"info","message":"服务器运行时间: 3300 秒","metadata":{},"service":"ai-project","timestamp":"2026-09-17 11:17:17.273"}
{"level":"info","message":"总请求数: 1897","metadata":{},"service":"ai-project","timestamp":"2026-09-17 11:17:17.273"}
{"level":"info","message":"成功请求数: 1897","metadata":{},"service":"ai-project","timestamp":"2026-09-17 11:17:17.273"}
{"level":"info","message":"失败请求数: 0","metadata":{},"service":"ai-project","timestamp":"2026-09-17 11:17:17.273"}
{"level":"info","message":"请求成功率: 100.00%","metadata":{},"service":"ai-project","timestamp":"2026-09-17 11:17:17.273"}
{"level":"info","message":"平均响应时间: 10.84 ms","metadata":{},"service":"ai-project","timestamp":"2026-09-17 11:17:17.273"}
{"level":"info","message":"总接收数据: 1044.85 KB","metadata":{},"service":"ai-project","timestamp":"2026-09-17 11:17:17.274"}
{"level":"info","message":"总发送数据: 70.40 KB","metadata":{},"service":"ai-project","timestamp":"2026-09-17 11:17:17.274"}
{"level":"info","message":"当前连接数: 0","metadata":{},"service":"ai-project","timestamp":"2026-09-17 11:17:17.274"}
{"level":"info","message":"连接池使用率: 0.00%","metadata":{},"service":"ai-project","timestamp":"2026-09-17 11:17:17.274"}
{"level":"info","message":"连接池峰值: 1","metadata":{},"service":"ai-project","timestamp":"2026-09-17 11:17:17.274"}
{"level":"info","message":"总连接数: 21","metadata":{},"service":"ai-project","timestamp":"2026-09-17 11:17:17.274"}
{"level":"info","message":"失败连接数: 0","metadata":{},"service":"ai-project","timestamp":"2026-09-17 11:17:17.274"}
{"level":"info","message":"已关闭连接数: 21","metadata":{},"service":"ai-project","timestamp":"2026-09-17 11:17:17.274"}
{"level":"info","message":"================================================================================","metadata":{},"service":"ai-project","timestamp":"2026-09-17 11:17:17.274"}
{"level":"info","message":"================================================================================","metadata":{},"service":"ai-project","timestamp":"2026-09-17 11:18:17.282"}
{"level":"info","message":"性能监控指标","metadata":{},"service":"ai-project","timestamp":"2026-09-17 11:18:17.282"}
{"level":"info","message":"================================================================================","metadata":{},"service":"ai-project","timestamp":"2026-09-17 11:18:17.282"}
{"level":"info","message":"服务器运行时间: 3360 秒","metadata":{},"service":"ai-project","timestamp":"2026-09-17 11:18:17.283"}
{"level":"info","message":"总请求数: 1897","metadata":{},"service":"ai-project","timestamp":"2026-09-17 11:18:17.283"}
{"level":"info","message":"成功请求数: 1897","metadata":{},"service":"ai-project","timestamp":"2026-09-17 11:18:17.283"}
{"level":"info","message":"失败请求数: 0","metadata":{},"service":"ai-project","timestamp":"2026-09-17 11:18:17.283"}
{"level":"info","message":"请求成功率: 100.00%","metadata":{},"service":"ai-project","timestamp":"2026-09-17 11:18:17.283"}
{"level":"info","message":"平均响应时间: 10.84 ms","metadata":{},"service":"ai-project","timestamp":"2026-09-17 11:18:17.283"}
{"level":"info","message":"总接收数据: 1044.85 KB","metadata":{},"service":"ai-project","timestamp":"2026-09-17 11:18:17.283"}
{"level":"info","message":"总发送数据: 70.40 KB","metadata":{},"service":"ai-project","timestamp":"2026-09-17 11:18:17.283"}
{"level":"info","message":"当前连接数: 0","metadata":{},"service":"ai-project","timestamp":"2026-09-17 11:18:17.284"}
{"level":"info","message":"连接池使用率: 0.00%","metadata":{},"service":"ai-project","timestamp":"2026-09-17 11:18:17.284"}
{"level":"info","message":"连接池峰值: 1","metadata":{},"service":"ai-project","timestamp":"2026-09-17 11:18:17.284"}
{"level":"info","message":"总连接数: 21","metadata":{},"service":"ai-project","timestamp":"2026-09-17 11:18:17.284"}
{"level":"info","message":"失败连接数: 0","metadata":{},"service":"ai-project","timestamp":"2026-09-17 11:18:17.284"}
{"level":"info","message":"已关闭连接数: 21","metadata":{},"service":"ai-project","timestamp":"2026-09-17 11:18:17.284"}
{"level":"info","message":"================================================================================","metadata":{},"service":"ai-project","timestamp":"2026-09-17 11:18:17.284"}
{"level":"info","message":"================================================================================","metadata":{},"service":"ai-project","timestamp":"2026-09-17 11:19:17.287"}
{"level":"info","message":"性能监控指标","metadata":{},"service":"ai-project","timestamp":"2026-09-17 11:19:17.288"}
{"level":"info","message":"================================================================================","metadata":{},"service":"ai-project","timestamp":"2026-09-17 11:19:17.289"}
{"level":"info","message":"服务器运行时间: 3420 秒","metadata":{},"service":"ai-project","timestamp":"2026-09-17 11:19:17.289"}
{"level":"info","message":"总请求数: 1897","metadata":{},"service":"ai-project","timestamp":"2026-09-17 11:19:17.289"}
{"level":"info","message":"成功请求数: 1897","metadata":{},"service":"ai-project","timestamp":"2026-09-17 11:19:17.289"}
{"level":"info","message":"失败请求数: 0","metadata":{},"service":"ai-project","timestamp":"2026-09-17 11:19:17.289"}
{"level":"info","message":"请求成功率: 100.00%","metadata":{},"service":"ai-project","timestamp":"2026-09-17 11:19:17.289"}
{"level":"info","message":"平均响应时间: 10.84 ms","metadata":{},"service":"ai-project","timestamp":"2026-09-17 11:19:17.289"}
{"level":"info","message":"总接收数据: 1044.85 KB","metadata":{},"service":"ai-project","timestamp":"2026-09-17 11:19:17.290"}
{"level":"info","message":"总发送数据: 70.40 KB","metadata":{},"service":"ai-project","timestamp":"2026-09-17 11:19:17.290"}
{"level":"info","message":"当前连接数: 0","metadata":{},"service":"ai-project","timestamp":"2026-09-17 11:19:17.290"}
{"level":"info","message":"连接池使用率: 0.00%","metadata":{},"service":"ai-project","timestamp":"2026-09-17 11:19:17.290"}
{"level":"info","message":"连接池峰值: 1","metadata":{},"service":"ai-project","timestamp":"2026-09-17 11:19:17.290"}
{"level":"info","message":"总连接数: 21","metadata":{},"service":"ai-project","timestamp":"2026-09-17 11:19:17.290"}
{"level":"info","message":"失败连接数: 0","metadata":{},"service":"ai-project","timestamp":"2026-09-17 11:19:17.290"}
{"level":"info","message":"已关闭连接数: 21","metadata":{},"service":"ai-project","timestamp":"2026-09-17 11:19:17.290"}
{"level":"info","message":"================================================================================","metadata":{},"service":"ai-project","timestamp":"2026-09-17 11:19:17.290"}
{"level":"info","message":"================================================================================","metadata":{},"service":"ai-project","timestamp":"2026-09-17 11:20:17.297"}
{"level":"info","message":"性能监控指标","metadata":{},"service":"ai-project","timestamp":"2026-09-17 11:20:17.297"}
{"level":"info","message":"================================================================================","metadata":{},"service":"ai-project","timestamp":"2026-09-17 11:20:17.297"}
{"level":"info","message":"服务器运行时间: 3480 秒","metadata":{},"service":"ai-project","timestamp":"2026-09-17 11:20:17.297"}
{"level":"info","message":"总请求数: 1897","metadata":{},"service":"ai-project","timestamp":"2026-09-17 11:20:17.298"}
{"level":"info","message":"成功请求数: 1897","metadata":{},"service":"ai-project","timestamp":"2026-09-17 11:20:17.298"}
{"level":"info","message":"失败请求数: 0","metadata":{},"service":"ai-project","timestamp":"2026-09-17 11:20:17.298"}
{"level":"info","message":"请求成功率: 100.00%","metadata":{},"service":"ai-project","timestamp":"2026-09-17 11:20:17.298"}
{"level":"info","message":"平均响应时间: 10.84 ms","metadata":{},"service":"ai-project","timestamp":"2026-09-17 11:20:17.298"}
{"level":"info","message":"总接收数据: 1044.85 KB","metadata":{},"service":"ai-project","timestamp":"2026-09-17 11:20:17.298"}
{"level":"info","message":"总发送数据: 70.40 KB","metadata":{},"service":"ai-project","timestamp":"2026-09-17 11:20:17.298"}
{"level":"info","message":"当前连接数: 0","metadata":{},"service":"ai-project","timestamp":"2026-09-17 11:20:17.299"}
{"level":"info","message":"连接池使用率: 0.00%","metadata":{},"service":"ai-project","timestamp":"2026-09-17 11:20:17.299"}
{"level":"info","message":"连接池峰值: 1","metadata":{},"service":"ai-project","timestamp":"2026-09-17 11:20:17.299"}
{"level":"info","message":"总连接数: 21","metadata":{},"service":"ai-project","timestamp":"2026-09-17 11:20:17.299"}
{"level":"info","message":"失败连接数: 0","metadata":{},"service":"ai-project","timestamp":"2026-09-17 11:20:17.299"}
{"level":"info","message":"已关闭连接数: 21","metadata":{},"service":"ai-project","timestamp":"2026-09-17 11:20:17.299"}
{"level":"info","message":"================================================================================","metadata":{},"service":"ai-project","timestamp":"2026-09-17 11:20:17.299"}
{"level":"info","message":"================================================================================","metadata":{},"service":"ai-project","timestamp":"2026-09-17 11:21:17.304"}
{"level":"info","message":"性能监控指标","metadata":{},"service":"ai-project","timestamp":"2026-09-17 11:21:17.304"}
{"level":"info","message":"================================================================================","metadata":{},"service":"ai-project","timestamp":"2026-09-17 11:21:17.305"}
{"level":"info","message":"服务器运行时间: 3540 秒","metadata":{},"service":"ai-project","timestamp":"2026-09-17 11:21:17.305"}
{"level":"info","message":"总请求数: 1897","metadata":{},"service":"ai-project","timestamp":"2026-09-17 11:21:17.305"}
{"level":"info","message":"成功请求数: 1897","metadata":{},"service":"ai-project","timestamp":"2026-09-17 11:21:17.305"}
{"level":"info","message":"失败请求数: 0","metadata":{},"service":"ai-project","timestamp":"2026-09-17 11:21:17.305"}
{"level":"info","message":"请求成功率: 100.00%","metadata":{},"service":"ai-project","timestamp":"2026-09-17 11:21:17.305"}
{"level":"info","message":"平均响应时间: 10.84 ms","metadata":{},"service":"ai-project","timestamp":"2026-09-17 11:21:17.305"}
{"level":"info","message":"总接收数据: 1044.85 KB","metadata":{},"service":"ai-project","timestamp":"2026-09-17 11:21:17.305"}
{"level":"info","message":"总发送数据: 70.40 KB","metadata":{},"service":"ai-project","timestamp":"2026-09-17 11:21:17.305"}
{"level":"info","message":"当前连接数: 0","metadata":{},"service":"ai-project","timestamp":"2026-09-17 11:21:17.306"}
{"level":"info","message":"连接池使用率: 0.00%","metadata":{},"service":"ai-project","timestamp":"2026-09-17 11:21:17.306"}
{"level":"info","message":"连接池峰值: 1","metadata":{},"service":"ai-project","timestamp":"2026-09-17 11:21:17.306"}
{"level":"info","message":"总连接数: 21","metadata":{},"service":"ai-project","timestamp":"2026-09-17 11:21:17.306"}
{"level":"info","message":"失败连接数: 0","metadata":{},"service":"ai-project","timestamp":"2026-09-17 11:21:17.306"}
{"level":"info","message":"已关闭连接数: 21","metadata":{},"service":"ai-project","timestamp":"2026-09-17 11:21:17.306"}
{"level":"info","message":"================================================================================","metadata":{},"service":"ai-project","timestamp":"2026-09-17 11:21:17.306"}
{"level":"info","message":"================================================================================","metadata":{},"service":"ai-project","timestamp":"2026-09-17 11:22:17.314"}
{"level":"info","message":"性能监控指标","metadata":{},"service":"ai-project","timestamp":"2026-09-17 11:22:17.315"}
{"level":"info","message":"================================================================================","metadata":{},"service":"ai-project","timestamp":"2026-09-17 11:22:17.315"}
{"level":"info","message":"服务器运行时间: 3600 秒","metadata":{},"service":"ai-project","timestamp":"2026-09-17 11:22:17.315"}
{"level":"info","message":"总请求数: 1897","metadata":{},"service":"ai-project","timestamp":"2026-09-17 11:22:17.315"}
{"level":"info","message":"成功请求数: 1897","metadata":{},"service":"ai-project","timestamp":"2026-09-17 11:22:17.316"}
{"level":"info","message":"失败请求数: 0","metadata":{},"service":"ai-project","timestamp":"2026-09-17 11:22:17.316"}
{"level":"info","message":"请求成功率: 100.00%","metadata":{},"service":"ai-project","timestamp":"2026-09-17 11:22:17.316"}
{"level":"info","message":"平均响应时间: 10.84 ms","metadata":{},"service":"ai-project","timestamp":"2026-09-17 11:22:17.316"}
{"level":"info","message":"总接收数据: 1044.85 KB","metadata":{},"service":"ai-project","timestamp":"2026-09-17 11:22:17.316"}
{"level":"info","message":"总发送数据: 70.40 KB","metadata":{},"service":"ai-project","timestamp":"2026-09-17 11:22:17.316"}
{"level":"info","message":"当前连接数: 0","metadata":{},"service":"ai-project","timestamp":"2026-09-17 11:22:17.316"}
{"level":"info","message":"连接池使用率: 0.00%","metadata":{},"service":"ai-project","timestamp":"2026-09-17 11:22:17.316"}
{"level":"info","message":"连接池峰值: 1","metadata":{},"service":"ai-project","timestamp":"2026-09-17 11:22:17.316"}
{"level":"info","message":"总连接数: 21","metadata":{},"service":"ai-project","timestamp":"2026-09-17 11:22:17.316"}
{"level":"info","message":"失败连接数: 0","metadata":{},"service":"ai-project","timestamp":"2026-09-17 11:22:17.316"}
{"level":"info","message":"已关闭连接数: 21","metadata":{},"service":"ai-project","timestamp":"2026-09-17 11:22:17.317"}
{"level":"info","message":"================================================================================","metadata":{},"service":"ai-project","timestamp":"2026-09-17 11:22:17.317"}
{"level":"info","message":"================================================================================","metadata":{},"service":"ai-project","timestamp":"2026-09-17 11:23:17.317"}
{"level":"info","message":"性能监控指标","metadata":{},"service":"ai-project","timestamp":"2026-09-17 11:23:17.317"}
{"level":"info","message":"================================================================================","metadata":{},"service":"ai-project","timestamp":"2026-09-17 11:23:17.318"}
{"level":"info","message":"服务器运行时间: 3660 秒","metadata":{},"service":"ai-project","timestamp":"2026-09-17 11:23:17.318"}
{"level":"info","message":"总请求数: 1897","metadata":{},"service":"ai-project","timestamp":"2026-09-17 11:23:17.318"}
{"level":"info","message":"成功请求数: 1897","metadata":{},"service":"ai-project","timestamp":"2026-09-17 11:23:17.318"}
{"level":"info","message":"失败请求数: 0","metadata":{},"service":"ai-project","timestamp":"2026-09-17 11:23:17.318"}
{"level":"info","message":"请求成功率: 100.00%","metadata":{},"service":"ai-project","timestamp":"2026-09-17 11:23:17.318"}
{"level":"info","message":"平均响应时间: 10.84 ms","metadata":{},"service":"ai-project","timestamp":"2026-09-17 11:23:17.318"}
{"level":"info","message":"总接收数据: 1044.85 KB","metadata":{},"service":"ai-project","timestamp":"2026-09-17 11:23:17.319"}
{"level":"info","message":"总发送数据: 70.40 KB","metadata":{},"service":"ai-project","timestamp":"2026-09-17 11:23:17.319"}
{"level":"info","message":"当前连接数: 0","metadata":{},"service":"ai-project","timestamp":"2026-09-17 11:23:17.319"}
{"level":"info","message":"连接池使用率: 0.00%","metadata":{},"service":"ai-project","timestamp":"2026-09-17 11:23:17.319"}
{"level":"info","message":"连接池峰值: 1","metadata":{},"service":"ai-project","timestamp":"2026-09-17 11:23:17.319"}
{"level":"info","message":"总连接数: 21","metadata":{},"service":"ai-project","timestamp":"2026-09-17 11:23:17.319"}
{"level":"info","message":"失败连接数: 0","metadata":{},"service":"ai-project","timestamp":"2026-09-17 11:23:17.319"}
{"level":"info","message":"已关闭连接数: 21","metadata":{},"service":"ai-project","timestamp":"2026-09-17 11:23:17.319"}
{"level":"info","message":"================================================================================","metadata":{},"service":"ai-project","timestamp":"2026-09-17 11:23:17.320"}
{"level":"info","message":"================================================================================","metadata":{},"service":"ai-project","timestamp":"2026-09-17 11:24:17.331"}
{"level":"info","message":"性能监控指标","metadata":{},"service":"ai-project","timestamp":"2026-09-17 11:24:17.332"}
{"level":"info","message":"================================================================================","metadata":{},"service":"ai-project","timestamp":"2026-09-17 11:24:17.332"}
{"level":"info","message":"服务器运行时间: 3720 秒","metadata":{},"service":"ai-project","timestamp":"2026-09-17 11:24:17.332"}
{"level":"info","message":"总请求数: 1897","metadata":{},"service":"ai-project","timestamp":"2026-09-17 11:24:17.332"}
{"level":"info","message":"成功请求数: 1897","metadata":{},"service":"ai-project","timestamp":"2026-09-17 11:24:17.332"}
{"level":"info","message":"失败请求数: 0","metadata":{},"service":"ai-project","timestamp":"2026-09-17 11:24:17.333"}
{"level":"info","message":"请求成功率: 100.00%","metadata":{},"service":"ai-project","timestamp":"2026-09-17 11:24:17.333"}
{"level":"info","message":"平均响应时间: 10.84 ms","metadata":{},"service":"ai-project","timestamp":"2026-09-17 11:24:17.333"}
{"level":"info","message":"总接收数据: 1044.85 KB","metadata":{},"service":"ai-project","timestamp":"2026-09-17 11:24:17.333"}
{"level":"info","message":"总发送数据: 70.40 KB","metadata":{},"service":"ai-project","timestamp":"2026-09-17 11:24:17.333"}
{"level":"info","message":"当前连接数: 0","metadata":{},"service":"ai-project","timestamp":"2026-09-17 11:24:17.333"}
{"level":"info","message":"连接池使用率: 0.00%","metadata":{},"service":"ai-project","timestamp":"2026-09-17 11:24:17.333"}
{"level":"info","message":"连接池峰值: 1","metadata":{},"service":"ai-project","timestamp":"2026-09-17 11:24:17.333"}
{"level":"info","message":"总连接数: 21","metadata":{},"service":"ai-project","timestamp":"2026-09-17 11:24:17.333"}
{"level":"info","message":"失败连接数: 0","metadata":{},"service":"ai-project","timestamp":"2026-09-17 11:24:17.334"}
{"level":"info","message":"已关闭连接数: 21","metadata":{},"service":"ai-project","timestamp":"2026-09-17 11:24:17.334"}
{"level":"info","message":"================================================================================","metadata":{},"service":"ai-project","timestamp":"2026-09-17 11:24:17.334"}
{"level":"info","message":"================================================================================","metadata":{},"service":"ai-project","timestamp":"2026-09-17 11:25:17.335"}
{"level":"info","message":"性能监控指标","metadata":{},"service":"ai-project","timestamp":"2026-09-17 11:25:17.335"}
{"level":"info","message":"================================================================================","metadata":{},"service":"ai-project","timestamp":"2026-09-17 11:25:17.336"}
{"level":"info","message":"服务器运行时间: 3780 秒","metadata":{},"service":"ai-project","timestamp":"2026-09-17 11:25:17.336"}
{"level":"info","message":"总请求数: 1897","metadata":{},"service":"ai-project","timestamp":"2026-09-17 11:25:17.336"}
{"level":"info","message":"成功请求数: 1897","metadata":{},"service":"ai-project","timestamp":"2026-09-17 11:25:17.336"}
{"level":"info","message":"失败请求数: 0","metadata":{},"service":"ai-project","timestamp":"2026-09-17 11:25:17.336"}
{"level":"info","message":"请求成功率: 100.00%","metadata":{},"service":"ai-project","timestamp":"2026-09-17 11:25:17.336"}
{"level":"info","message":"平均响应时间: 10.84 ms","metadata":{},"service":"ai-project","timestamp":"2026-09-17 11:25:17.336"}
{"level":"info","message":"总接收数据: 1044.85 KB","metadata":{},"service":"ai-project","timestamp":"2026-09-17 11:25:17.336"}
{"level":"info","message":"总发送数据: 70.40 KB","metadata":{},"service":"ai-project","timestamp":"2026-09-17 11:25:17.336"}
{"level":"info","message":"当前连接数: 0","metadata":{},"service":"ai-project","timestamp":"2026-09-17 11:25:17.336"}
{"level":"info","message":"连接池使用率: 0.00%","metadata":{},"service":"ai-project","timestamp":"2026-09-17 11:25:17.337"}
{"level":"info","message":"连接池峰值: 1","metadata":{},"service":"ai-project","timestamp":"2026-09-17 11:25:17.337"}
{"level":"info","message":"总连接数: 21","metadata":{},"service":"ai-project","timestamp":"2026-09-17 11:25:17.337"}
{"level":"info","message":"失败连接数: 0","metadata":{},"service":"ai-project","timestamp":"2026-09-17 11:25:17.337"}
{"level":"info","message":"已关闭连接数: 21","metadata":{},"service":"ai-project","timestamp":"2026-09-17 11:25:17.337"}
{"level":"info","message":"================================================================================","metadata":{},"service":"ai-project","timestamp":"2026-09-17 11:25:17.337"}
{"level":"info","message":"================================================================================","metadata":{},"service":"ai-project","timestamp":"2026-09-17 11:26:17.345"}
{"level":"info","message":"性能监控指标","metadata":{},"service":"ai-project","timestamp":"2026-09-17 11:26:17.345"}
{"level":"info","message":"================================================================================","metadata":{},"service":"ai-project","timestamp":"2026-09-17 11:26:17.346"}
{"level":"info","message":"服务器运行时间: 3840 秒","metadata":{},"service":"ai-project","timestamp":"2026-09-17 11:26:17.346"}
{"level":"info","message":"总请求数: 1897","metadata":{},"service":"ai-project","timestamp":"2026-09-17 11:26:17.346"}
{"level":"info","message":"成功请求数: 1897","metadata":{},"service":"ai-project","timestamp":"2026-09-17 11:26:17.346"}
{"level":"info","message":"失败请求数: 0","metadata":{},"service":"ai-project","timestamp":"2026-09-17 11:26:17.346"}
{"level":"info","message":"请求成功率: 100.00%","metadata":{},"service":"ai-project","timestamp":"2026-09-17 11:26:17.346"}
{"level":"info","message":"平均响应时间: 10.84 ms","metadata":{},"service":"ai-project","timestamp":"2026-09-17 11:26:17.346"}
{"level":"info","message":"总接收数据: 1044.85 KB","metadata":{},"service":"ai-project","timestamp":"2026-09-17 11:26:17.347"}
{"level":"info","message":"总发送数据: 70.40 KB","metadata":{},"service":"ai-project","timestamp":"2026-09-17 11:26:17.347"}
{"level":"info","message":"当前连接数: 0","metadata":{},"service":"ai-project","timestamp":"2026-09-17 11:26:17.347"}
{"level":"info","message":"连接池使用率: 0.00%","metadata":{},"service":"ai-project","timestamp":"2026-09-17 11:26:17.347"}
{"level":"info","message":"连接池峰值: 1","metadata":{},"service":"ai-project","timestamp":"2026-09-17 11:26:17.347"}
{"level":"info","message":"总连接数: 21","metadata":{},"service":"ai-project","timestamp":"2026-09-17 11:26:17.347"}
{"level":"info","message":"失败连接数: 0","metadata":{},"service":"ai-project","timestamp":"2026-09-17 11:26:17.347"}
{"level":"info","message":"已关闭连接数: 21","metadata":{},"service":"ai-project","timestamp":"2026-09-17 11:26:17.347"}
{"level":"info","message":"================================================================================","metadata":{},"service":"ai-project","timestamp":"2026-09-17 11:26:17.347"}
{"level":"info","message":"客户端 #22 已连接 - 172.20.10.14:36467","metadata":{"currentConnections":1,"maxConnections":1000},"service":"ai-project","timestamp":"2026-09-17 11:26:45.683"}
{"level":"info","message":"================================================================================","metadata":{},"service":"ai-project","timestamp":"2026-09-17 11:27:17.351"}
{"level":"info","message":"性能监控指标","metadata":{},"service":"ai-project","timestamp":"2026-09-17 11:27:17.352"}
{"level":"info","message":"================================================================================","metadata":{},"service":"ai-project","timestamp":"2026-09-17 11:27:17.352"}
{"level":"info","message":"服务器运行时间: 3900 秒","metadata":{},"service":"ai-project","timestamp":"2026-09-17 11:27:17.353"}
{"level":"info","message":"总请求数: 1915","metadata":{},"service":"ai-project","timestamp":"2026-09-17 11:27:17.353"}
{"level":"info","message":"成功请求数: 1915","metadata":{},"service":"ai-project","timestamp":"2026-09-17 11:27:17.353"}
{"level":"info","message":"失败请求数: 0","metadata":{},"service":"ai-project","timestamp":"2026-09-17 11:27:17.353"}
{"level":"info","message":"请求成功率: 100.00%","metadata":{},"service":"ai-project","timestamp":"2026-09-17 11:27:17.353"}
{"level":"info","message":"平均响应时间: 10.69 ms","metadata":{},"service":"ai-project","timestamp":"2026-09-17 11:27:17.353"}
{"level":"info","message":"总接收数据: 1054.76 KB","metadata":{},"service":"ai-project","timestamp":"2026-09-17 11:27:17.353"}
{"level":"info","message":"总发送数据: 71.06 KB","metadata":{},"service":"ai-project","timestamp":"2026-09-17 11:27:17.353"}
{"level":"info","message":"当前连接数: 1","metadata":{},"service":"ai-project","timestamp":"2026-09-17 11:27:17.353"}
{"level":"info","message":"连接池使用率: 0.10%","metadata":{},"service":"ai-project","timestamp":"2026-09-17 11:27:17.353"}
{"level":"info","message":"连接池峰值: 1","metadata":{},"service":"ai-project","timestamp":"2026-09-17 11:27:17.353"}
{"level":"info","message":"总连接数: 22","metadata":{},"service":"ai-project","timestamp":"2026-09-17 11:27:17.354"}
{"level":"info","message":"失败连接数: 0","metadata":{},"service":"ai-project","timestamp":"2026-09-17 11:27:17.354"}
{"level":"info","message":"已关闭连接数: 21","metadata":{},"service":"ai-project","timestamp":"2026-09-17 11:27:17.354"}
{"level":"info","message":"================================================================================","metadata":{},"service":"ai-project","timestamp":"2026-09-17 11:27:17.354"}
{"level":"info","message":"================================================================================","metadata":{},"service":"ai-project","timestamp":"2026-09-17 11:28:17.354"}
{"level":"info","message":"性能监控指标","metadata":{},"service":"ai-project","timestamp":"2026-09-17 11:28:17.355"}
{"level":"info","message":"================================================================================","metadata":{},"service":"ai-project","timestamp":"2026-09-17 11:28:17.355"}
{"level":"info","message":"服务器运行时间: 3960 秒","metadata":{},"service":"ai-project","timestamp":"2026-09-17 11:28:17.355"}
{"level":"info","message":"总请求数: 1955","metadata":{},"service":"ai-project","timestamp":"2026-09-17 11:28:17.356"}
{"level":"info","message":"成功请求数: 1955","metadata":{},"service":"ai-project","timestamp":"2026-09-17 11:28:17.356"}
{"level":"info","message":"失败请求数: 0","metadata":{},"service":"ai-project","timestamp":"2026-09-17 11:28:17.356"}
{"level":"info","message":"请求成功率: 100.00%","metadata":{},"service":"ai-project","timestamp":"2026-09-17 11:28:17.356"}
{"level":"info","message":"平均响应时间: 10.63 ms","metadata":{},"service":"ai-project","timestamp":"2026-09-17 11:28:17.356"}
{"level":"info","message":"总接收数据: 1076.79 KB","metadata":{},"service":"ai-project","timestamp":"2026-09-17 11:28:17.356"}
{"level":"info","message":"总发送数据: 72.55 KB","metadata":{},"service":"ai-project","timestamp":"2026-09-17 11:28:17.356"}
{"level":"info","message":"当前连接数: 1","metadata":{},"service":"ai-project","timestamp":"2026-09-17 11:28:17.356"}
{"level":"info","message":"连接池使用率: 0.10%","metadata":{},"service":"ai-project","timestamp":"2026-09-17 11:28:17.356"}
{"level":"info","message":"连接池峰值: 1","metadata":{},"service":"ai-project","timestamp":"2026-09-17 11:28:17.357"}
{"level":"info","message":"总连接数: 22","metadata":{},"service":"ai-project","timestamp":"2026-09-17 11:28:17.357"}
{"level":"info","message":"失败连接数: 0","metadata":{},"service":"ai-project","timestamp":"2026-09-17 11:28:17.357"}
{"level":"info","message":"已关闭连接数: 21","metadata":{},"service":"ai-project","timestamp":"2026-09-17 11:28:17.357"}
{"level":"info","message":"================================================================================","metadata":{},"service":"ai-project","timestamp":"2026-09-17 11:28:17.357"}
{"level":"warn","message":"客户端 #22 心跳超时，断开连接","metadata":{"clientInfo":"172.20.10.14:36467","timeSinceLastReceived":149550},"service":"ai-project","timestamp":"2026-09-17 11:29:17.368"}
{"level":"info","message":"================================================================================","metadata":{},"service":"ai-project","timestamp":"2026-09-17 11:29:17.369"}
{"level":"info","message":"性能监控指标","metadata":{},"service":"ai-project","timestamp":"2026-09-17 11:29:17.369"}
{"level":"info","message":"================================================================================","metadata":{},"service":"ai-project","timestamp":"2026-09-17 11:29:17.369"}
{"level":"info","message":"服务器运行时间: 4020 秒","metadata":{},"service":"ai-project","timestamp":"2026-09-17 11:29:17.369"}
{"level":"info","message":"总请求数: 1995","metadata":{},"service":"ai-project","timestamp":"2026-09-17 11:29:17.369"}
{"level":"info","message":"成功请求数: 1995","metadata":{},"service":"ai-project","timestamp":"2026-09-17 11:29:17.370"}
{"level":"info","message":"失败请求数: 0","metadata":{},"service":"ai-project","timestamp":"2026-09-17 11:29:17.370"}
{"level":"info","message":"请求成功率: 100.00%","metadata":{},"service":"ai-project","timestamp":"2026-09-17 11:29:17.370"}
{"level":"info","message":"平均响应时间: 10.72 ms","metadata":{},"service":"ai-project","timestamp":"2026-09-17 11:29:17.370"}
{"level":"info","message":"总接收数据: 1098.82 KB","metadata":{},"service":"ai-project","timestamp":"2026-09-17 11:29:17.370"}
{"level":"info","message":"总发送数据: 74.03 KB","metadata":{},"service":"ai-project","timestamp":"2026-09-17 11:29:17.370"}
{"level":"info","message":"当前连接数: 1","metadata":{},"service":"ai-project","timestamp":"2026-09-17 11:29:17.370"}
{"level":"info","message":"连接池使用率: 0.10%","metadata":{},"service":"ai-project","timestamp":"2026-09-17 11:29:17.370"}
{"level":"info","message":"连接池峰值: 1","metadata":{},"service":"ai-project","timestamp":"2026-09-17 11:29:17.371"}
{"level":"info","message":"总连接数: 22","metadata":{},"service":"ai-project","timestamp":"2026-09-17 11:29:17.371"}
{"level":"info","message":"失败连接数: 0","metadata":{},"service":"ai-project","timestamp":"2026-09-17 11:29:17.371"}
{"level":"info","message":"已关闭连接数: 21","metadata":{},"service":"ai-project","timestamp":"2026-09-17 11:29:17.371"}
{"level":"info","message":"================================================================================","metadata":{},"service":"ai-project","timestamp":"2026-09-17 11:29:17.371"}
{"level":"info","message":"客户端 #22 (172.20.10.14:36467) 主动断开连接","metadata":{"currentConnections":0},"service":"ai-project","timestamp":"2026-09-17 11:29:17.398"}
{"level":"info","message":"客户端 #22 (172.20.10.14:36467) 连接正常关闭","metadata":{"currentConnections":-1},"service":"ai-project","timestamp":"2026-09-17 11:29:17.399"}
{"level":"info","message":"客户端 #23 已连接 - 172.20.10.14:18615","metadata":{"currentConnections":1,"maxConnections":1000},"service":"ai-project","timestamp":"2026-09-17 11:29:17.470"}
{"level":"info","message":"================================================================================","metadata":{},"service":"ai-project","timestamp":"2026-09-17 11:30:17.370"}
{"level":"info","message":"性能监控指标","metadata":{},"service":"ai-project","timestamp":"2026-09-17 11:30:17.370"}
{"level":"info","message":"================================================================================","metadata":{},"service":"ai-project","timestamp":"2026-09-17 11:30:17.370"}
{"level":"info","message":"服务器运行时间: 4080 秒","metadata":{},"service":"ai-project","timestamp":"2026-09-17 11:30:17.370"}
{"level":"info","message":"总请求数: 2035","metadata":{},"service":"ai-project","timestamp":"2026-09-17 11:30:17.370"}
{"level":"info","message":"成功请求数: 2035","metadata":{},"service":"ai-project","timestamp":"2026-09-17 11:30:17.370"}
{"level":"info","message":"失败请求数: 0","metadata":{},"service":"ai-project","timestamp":"2026-09-17 11:30:17.370"}
{"level":"info","message":"请求成功率: 100.00%","metadata":{},"service":"ai-project","timestamp":"2026-09-17 11:30:17.371"}
{"level":"info","message":"平均响应时间: 10.22 ms","metadata":{},"service":"ai-project","timestamp":"2026-09-17 11:30:17.371"}
{"level":"info","message":"总接收数据: 1120.86 KB","metadata":{},"service":"ai-project","timestamp":"2026-09-17 11:30:17.371"}
{"level":"info","message":"总发送数据: 75.52 KB","metadata":{},"service":"ai-project","timestamp":"2026-09-17 11:30:17.371"}
{"level":"info","message":"当前连接数: 1","metadata":{},"service":"ai-project","timestamp":"2026-09-17 11:30:17.371"}
{"level":"info","message":"连接池使用率: 0.10%","metadata":{},"service":"ai-project","timestamp":"2026-09-17 11:30:17.371"}
{"level":"info","message":"连接池峰值: 1","metadata":{},"service":"ai-project","timestamp":"2026-09-17 11:30:17.371"}
{"level":"info","message":"总连接数: 23","metadata":{},"service":"ai-project","timestamp":"2026-09-17 11:30:17.371"}
{"level":"info","message":"失败连接数: 0","metadata":{},"service":"ai-project","timestamp":"2026-09-17 11:30:17.371"}
{"level":"info","message":"已关闭连接数: 22","metadata":{},"service":"ai-project","timestamp":"2026-09-17 11:30:17.371"}
{"level":"info","message":"================================================================================","metadata":{},"service":"ai-project","timestamp":"2026-09-17 11:30:17.371"}
{"level":"warn","message":"客户端 #23 心跳超时，断开连接","metadata":{"clientInfo":"172.20.10.14:18615","timeSinceLastReceived":119501},"service":"ai-project","timestamp":"2026-09-17 11:31:17.369"}
{"level":"info","message":"================================================================================","metadata":{},"service":"ai-project","timestamp":"2026-09-17 11:31:17.370"}
{"level":"info","message":"性能监控指标","metadata":{},"service":"ai-project","timestamp":"2026-09-17 11:31:17.370"}
{"level":"info","message":"================================================================================","metadata":{},"service":"ai-project","timestamp":"2026-09-17 11:31:17.371"}
{"level":"info","message":"服务器运行时间: 4140 秒","metadata":{},"service":"ai-project","timestamp":"2026-09-17 11:31:17.371"}
{"level":"info","message":"总请求数: 2075","metadata":{},"service":"ai-project","timestamp":"2026-09-17 11:31:17.371"}
{"level":"info","message":"成功请求数: 2075","metadata":{},"service":"ai-project","timestamp":"2026-09-17 11:31:17.371"}
{"level":"info","message":"失败请求数: 0","metadata":{},"service":"ai-project","timestamp":"2026-09-17 11:31:17.371"}
{"level":"info","message":"请求成功率: 100.00%","metadata":{},"service":"ai-project","timestamp":"2026-09-17 11:31:17.371"}
{"level":"info","message":"平均响应时间: 9.98 ms","metadata":{},"service":"ai-project","timestamp":"2026-09-17 11:31:17.372"}
{"level":"info","message":"总接收数据: 1142.89 KB","metadata":{},"service":"ai-project","timestamp":"2026-09-17 11:31:17.372"}
{"level":"info","message":"总发送数据: 77.00 KB","metadata":{},"service":"ai-project","timestamp":"2026-09-17 11:31:17.372"}
{"level":"info","message":"当前连接数: 1","metadata":{},"service":"ai-project","timestamp":"2026-09-17 11:31:17.372"}
{"level":"info","message":"连接池使用率: 0.10%","metadata":{},"service":"ai-project","timestamp":"2026-09-17 11:31:17.372"}
{"level":"info","message":"连接池峰值: 1","metadata":{},"service":"ai-project","timestamp":"2026-09-17 11:31:17.372"}
{"level":"info","message":"总连接数: 23","metadata":{},"service":"ai-project","timestamp":"2026-09-17 11:31:17.372"}
{"level":"info","message":"失败连接数: 0","metadata":{},"service":"ai-project","timestamp":"2026-09-17 11:31:17.372"}
{"level":"info","message":"已关闭连接数: 22","metadata":{},"service":"ai-project","timestamp":"2026-09-17 11:31:17.372"}
{"level":"info","message":"================================================================================","metadata":{},"service":"ai-project","timestamp":"2026-09-17 11:31:17.373"}
{"level":"info","message":"客户端 #23 (172.20.10.14:18615) 主动断开连接","metadata":{"currentConnections":0},"service":"ai-project","timestamp":"2026-09-17 11:31:17.385"}
{"level":"info","message":"客户端 #23 (172.20.10.14:18615) 连接正常关闭","metadata":{"currentConnections":-1},"service":"ai-project","timestamp":"2026-09-17 11:31:17.386"}
{"level":"info","message":"客户端 #24 已连接 - 172.20.10.14:1138","metadata":{"currentConnections":1,"maxConnections":1000},"service":"ai-project","timestamp":"2026-09-17 11:31:17.430"}
{"level":"info","message":"================================================================================","metadata":{},"service":"ai-project","timestamp":"2026-09-17 11:32:17.382"}
{"level":"info","message":"性能监控指标","metadata":{},"service":"ai-project","timestamp":"2026-09-17 11:32:17.382"}
{"level":"info","message":"================================================================================","metadata":{},"service":"ai-project","timestamp":"2026-09-17 11:32:17.382"}
{"level":"info","message":"服务器运行时间: 4200 秒","metadata":{},"service":"ai-project","timestamp":"2026-09-17 11:32:17.383"}
{"level":"info","message":"总请求数: 2114","metadata":{},"service":"ai-project","timestamp":"2026-09-17 11:32:17.383"}
{"level":"info","message":"成功请求数: 2114","metadata":{},"service":"ai-project","timestamp":"2026-09-17 11:32:17.383"}
{"level":"info","message":"失败请求数: 0","metadata":{},"service":"ai-project","timestamp":"2026-09-17 11:32:17.383"}
{"level":"info","message":"请求成功率: 100.00%","metadata":{},"service":"ai-project","timestamp":"2026-09-17 11:32:17.383"}
{"level":"info","message":"平均响应时间: 9.84 ms","metadata":{},"service":"ai-project","timestamp":"2026-09-17 11:32:17.383"}
{"level":"info","message":"总接收数据: 1164.38 KB","metadata":{},"service":"ai-project","timestamp":"2026-09-17 11:32:17.383"}
{"level":"info","message":"总发送数据: 78.45 KB","metadata":{},"service":"ai-project","timestamp":"2026-09-17 11:32:17.383"}
{"level":"info","message":"当前连接数: 1","metadata":{},"service":"ai-project","timestamp":"2026-09-17 11:32:17.383"}
{"level":"info","message":"连接池使用率: 0.10%","metadata":{},"service":"ai-project","timestamp":"2026-09-17 11:32:17.384"}
{"level":"info","message":"连接池峰值: 1","metadata":{},"service":"ai-project","timestamp":"2026-09-17 11:32:17.384"}
{"level":"info","message":"总连接数: 24","metadata":{},"service":"ai-project","timestamp":"2026-09-17 11:32:17.384"}
{"level":"info","message":"失败连接数: 0","metadata":{},"service":"ai-project","timestamp":"2026-09-17 11:32:17.384"}
{"level":"info","message":"已关闭连接数: 23","metadata":{},"service":"ai-project","timestamp":"2026-09-17 11:32:17.384"}
{"level":"info","message":"================================================================================","metadata":{},"service":"ai-project","timestamp":"2026-09-17 11:32:17.384"}
{"level":"warn","message":"客户端 #24 心跳超时，断开连接","metadata":{"clientInfo":"172.20.10.14:1138","timeSinceLastReceived":119489},"service":"ai-project","timestamp":"2026-09-17 11:33:17.386"}
{"level":"info","message":"================================================================================","metadata":{},"service":"ai-project","timestamp":"2026-09-17 11:33:17.386"}
{"level":"info","message":"性能监控指标","metadata":{},"service":"ai-project","timestamp":"2026-09-17 11:33:17.386"}
{"level":"info","message":"================================================================================","metadata":{},"service":"ai-project","timestamp":"2026-09-17 11:33:17.386"}
{"level":"info","message":"服务器运行时间: 4260 秒","metadata":{},"service":"ai-project","timestamp":"2026-09-17 11:33:17.386"}
{"level":"info","message":"总请求数: 2154","metadata":{},"service":"ai-project","timestamp":"2026-09-17 11:33:17.387"}
{"level":"info","message":"成功请求数: 2154","metadata":{},"service":"ai-project","timestamp":"2026-09-17 11:33:17.387"}
{"level":"info","message":"失败请求数: 0","metadata":{},"service":"ai-project","timestamp":"2026-09-17 11:33:17.387"}
{"level":"info","message":"请求成功率: 100.00%","metadata":{},"service":"ai-project","timestamp":"2026-09-17 11:33:17.387"}
{"level":"info","message":"平均响应时间: 10.91 ms","metadata":{},"service":"ai-project","timestamp":"2026-09-17 11:33:17.387"}
{"level":"info","message":"总接收数据: 1186.41 KB","metadata":{},"service":"ai-project","timestamp":"2026-09-17 11:33:17.387"}
{"level":"info","message":"总发送数据: 79.93 KB","metadata":{},"service":"ai-project","timestamp":"2026-09-17 11:33:17.387"}
{"level":"info","message":"当前连接数: 1","metadata":{},"service":"ai-project","timestamp":"2026-09-17 11:33:17.387"}
{"level":"info","message":"连接池使用率: 0.10%","metadata":{},"service":"ai-project","timestamp":"2026-09-17 11:33:17.387"}
{"level":"info","message":"连接池峰值: 1","metadata":{},"service":"ai-project","timestamp":"2026-09-17 11:33:17.388"}
{"level":"info","message":"总连接数: 24","metadata":{},"service":"ai-project","timestamp":"2026-09-17 11:33:17.388"}
{"level":"info","message":"失败连接数: 0","metadata":{},"service":"ai-project","timestamp":"2026-09-17 11:33:17.388"}
{"level":"info","message":"已关闭连接数: 23","metadata":{},"service":"ai-project","timestamp":"2026-09-17 11:33:17.388"}
{"level":"info","message":"================================================================================","metadata":{},"service":"ai-project","timestamp":"2026-09-17 11:33:17.388"}
{"level":"info","message":"客户端 #24 (172.20.10.14:1138) 主动断开连接","metadata":{"currentConnections":0},"service":"ai-project","timestamp":"2026-09-17 11:33:17.444"}
{"level":"info","message":"客户端 #24 (172.20.10.14:1138) 连接正常关闭","metadata":{"currentConnections":-1},"service":"ai-project","timestamp":"2026-09-17 11:33:17.444"}
{"level":"info","message":"客户端 #25 已连接 - 172.20.10.14:6513","metadata":{"currentConnections":1,"maxConnections":1000},"service":"ai-project","timestamp":"2026-09-17 11:33:17.525"}
{"level":"info","message":"================================================================================","metadata":{},"service":"ai-project","timestamp":"2026-09-17 11:34:17.400"}
{"level":"info","message":"性能监控指标","metadata":{},"service":"ai-project","timestamp":"2026-09-17 11:34:17.400"}
{"level":"info","message":"================================================================================","metadata":{},"service":"ai-project","timestamp":"2026-09-17 11:34:17.401"}
{"level":"info","message":"服务器运行时间: 4320 秒","metadata":{},"service":"ai-project","timestamp":"2026-09-17 11:34:17.401"}
{"level":"info","message":"总请求数: 2194","metadata":{},"service":"ai-project","timestamp":"2026-09-17 11:34:17.401"}
{"level":"info","message":"成功请求数: 2194","metadata":{},"service":"ai-project","timestamp":"2026-09-17 11:34:17.401"}
{"level":"info","message":"失败请求数: 0","metadata":{},"service":"ai-project","timestamp":"2026-09-17 11:34:17.401"}
{"level":"info","message":"请求成功率: 100.00%","metadata":{},"service":"ai-project","timestamp":"2026-09-17 11:34:17.401"}
{"level":"info","message":"平均响应时间: 11.02 ms","metadata":{},"service":"ai-project","timestamp":"2026-09-17 11:34:17.401"}
{"level":"info","message":"总接收数据: 1208.43 KB","metadata":{},"service":"ai-project","timestamp":"2026-09-17 11:34:17.401"}
{"level":"info","message":"总发送数据: 81.42 KB","metadata":{},"service":"ai-project","timestamp":"2026-09-17 11:34:17.401"}
{"level":"info","message":"当前连接数: 1","metadata":{},"service":"ai-project","timestamp":"2026-09-17 11:34:17.402"}
{"level":"info","message":"连接池使用率: 0.10%","metadata":{},"service":"ai-project","timestamp":"2026-09-17 11:34:17.402"}
{"level":"info","message":"连接池峰值: 1","metadata":{},"service":"ai-project","timestamp":"2026-09-17 11:34:17.402"}
{"level":"info","message":"总连接数: 25","metadata":{},"service":"ai-project","timestamp":"2026-09-17 11:34:17.402"}
{"level":"info","message":"失败连接数: 0","metadata":{},"service":"ai-project","timestamp":"2026-09-17 11:34:17.402"}
{"level":"info","message":"已关闭连接数: 24","metadata":{},"service":"ai-project","timestamp":"2026-09-17 11:34:17.402"}
{"level":"info","message":"================================================================================","metadata":{},"service":"ai-project","timestamp":"2026-09-17 11:34:17.402"}
{"level":"warn","message":"客户端 #25 心跳超时，断开连接","metadata":{"clientInfo":"172.20.10.14:6513","timeSinceLastReceived":119472},"service":"ai-project","timestamp":"2026-09-17 11:35:17.405"}
{"level":"info","message":"================================================================================","metadata":{},"service":"ai-project","timestamp":"2026-09-17 11:35:17.405"}
{"level":"info","message":"性能监控指标","metadata":{},"service":"ai-project","timestamp":"2026-09-17 11:35:17.405"}
{"level":"info","message":"================================================================================","metadata":{},"service":"ai-project","timestamp":"2026-09-17 11:35:17.405"}
{"level":"info","message":"服务器运行时间: 4380 秒","metadata":{},"service":"ai-project","timestamp":"2026-09-17 11:35:17.406"}
{"level":"info","message":"总请求数: 2234","metadata":{},"service":"ai-project","timestamp":"2026-09-17 11:35:17.406"}
{"level":"info","message":"成功请求数: 2234","metadata":{},"service":"ai-project","timestamp":"2026-09-17 11:35:17.406"}
{"level":"info","message":"失败请求数: 0","metadata":{},"service":"ai-project","timestamp":"2026-09-17 11:35:17.406"}
{"level":"info","message":"请求成功率: 100.00%","metadata":{},"service":"ai-project","timestamp":"2026-09-17 11:35:17.406"}
{"level":"info","message":"平均响应时间: 10.26 ms","metadata":{},"service":"ai-project","timestamp":"2026-09-17 11:35:17.406"}
{"level":"info","message":"总接收数据: 1230.46 KB","metadata":{},"service":"ai-project","timestamp":"2026-09-17 11:35:17.406"}
{"level":"info","message":"总发送数据: 82.90 KB","metadata":{},"service":"ai-project","timestamp":"2026-09-17 11:35:17.406"}
{"level":"info","message":"当前连接数: 1","metadata":{},"service":"ai-project","timestamp":"2026-09-17 11:35:17.406"}
{"level":"info","message":"连接池使用率: 0.10%","metadata":{},"service":"ai-project","timestamp":"2026-09-17 11:35:17.406"}
{"level":"info","message":"连接池峰值: 1","metadata":{},"service":"ai-project","timestamp":"2026-09-17 11:35:17.406"}
{"level":"info","message":"总连接数: 25","metadata":{},"service":"ai-project","timestamp":"2026-09-17 11:35:17.407"}
{"level":"info","message":"失败连接数: 0","metadata":{},"service":"ai-project","timestamp":"2026-09-17 11:35:17.407"}
{"level":"info","message":"已关闭连接数: 24","metadata":{},"service":"ai-project","timestamp":"2026-09-17 11:35:17.407"}
{"level":"info","message":"================================================================================","metadata":{},"service":"ai-project","timestamp":"2026-09-17 11:35:17.407"}
{"level":"info","message":"客户端 #25 (172.20.10.14:6513) 主动断开连接","metadata":{"currentConnections":0},"service":"ai-project","timestamp":"2026-09-17 11:35:17.447"}
{"level":"info","message":"客户端 #25 (172.20.10.14:6513) 连接正常关闭","metadata":{"currentConnections":-1},"service":"ai-project","timestamp":"2026-09-17 11:35:17.447"}
{"level":"info","message":"客户端 #26 已连接 - 172.20.10.14:43192","metadata":{"currentConnections":1,"maxConnections":1000},"service":"ai-project","timestamp":"2026-09-17 11:35:17.510"}
{"level":"info","message":"================================================================================","metadata":{},"service":"ai-project","timestamp":"2026-09-17 11:36:17.408"}
{"level":"info","message":"性能监控指标","metadata":{},"service":"ai-project","timestamp":"2026-09-17 11:36:17.408"}
{"level":"info","message":"================================================================================","metadata":{},"service":"ai-project","timestamp":"2026-09-17 11:36:17.408"}
{"level":"info","message":"服务器运行时间: 4440 秒","metadata":{},"service":"ai-project","timestamp":"2026-09-17 11:36:17.408"}
{"level":"info","message":"总请求数: 2274","metadata":{},"service":"ai-project","timestamp":"2026-09-17 11:36:17.408"}
{"level":"info","message":"成功请求数: 2274","metadata":{},"service":"ai-project","timestamp":"2026-09-17 11:36:17.409"}
{"level":"info","message":"失败请求数: 0","metadata":{},"service":"ai-project","timestamp":"2026-09-17 11:36:17.409"}
{"level":"info","message":"请求成功率: 100.00%","metadata":{},"service":"ai-project","timestamp":"2026-09-17 11:36:17.409"}
{"level":"info","message":"平均响应时间: 9.15 ms","metadata":{},"service":"ai-project","timestamp":"2026-09-17 11:36:17.409"}
{"level":"info","message":"总接收数据: 1252.48 KB","metadata":{},"service":"ai-project","timestamp":"2026-09-17 11:36:17.409"}
{"level":"info","message":"总发送数据: 84.39 KB","metadata":{},"service":"ai-project","timestamp":"2026-09-17 11:36:17.409"}
{"level":"info","message":"当前连接数: 1","metadata":{},"service":"ai-project","timestamp":"2026-09-17 11:36:17.409"}
{"level":"info","message":"连接池使用率: 0.10%","metadata":{},"service":"ai-project","timestamp":"2026-09-17 11:36:17.409"}
{"level":"info","message":"连接池峰值: 1","metadata":{},"service":"ai-project","timestamp":"2026-09-17 11:36:17.409"}
{"level":"info","message":"总连接数: 26","metadata":{},"service":"ai-project","timestamp":"2026-09-17 11:36:17.409"}
{"level":"info","message":"失败连接数: 0","metadata":{},"service":"ai-project","timestamp":"2026-09-17 11:36:17.409"}
{"level":"info","message":"已关闭连接数: 25","metadata":{},"service":"ai-project","timestamp":"2026-09-17 11:36:17.409"}
{"level":"info","message":"================================================================================","metadata":{},"service":"ai-project","timestamp":"2026-09-17 11:36:17.409"}
{"level":"info","message":"SSE 客户端断开连接","metadata":{"clientCount":4},"service":"ai-project","timestamp":"2026-09-17 11:36:46.502"}
{"level":"info","message":"SSE 客户端断开连接","metadata":{"clientCount":3},"service":"ai-project","timestamp":"2026-09-17 11:36:46.503"}
{"level":"info","message":"SSE 客户端断开连接","metadata":{"clientCount":2},"service":"ai-project","timestamp":"2026-09-17 11:36:46.504"}
{"level":"info","message":"SSE 客户端断开连接","metadata":{"clientCount":1},"service":"ai-project","timestamp":"2026-09-17 11:36:46.508"}
{"level":"info","message":"SSE 客户端断开连接","metadata":{"clientCount":0},"service":"ai-project","timestamp":"2026-09-17 11:36:46.508"}
{"level":"info","message":"SSE 客户端连接","metadata":{"clientCount":1},"service":"ai-project","timestamp":"2026-09-17 11:36:48.645"}
{"level":"warn","message":"客户端 #26 心跳超时，断开连接","metadata":{"clientInfo":"172.20.10.14:43192","timeSinceLastReceived":119429},"service":"ai-project","timestamp":"2026-09-17 11:37:17.415"}
{"level":"info","message":"================================================================================","metadata":{},"service":"ai-project","timestamp":"2026-09-17 11:37:17.416"}
{"level":"info","message":"性能监控指标","metadata":{},"service":"ai-project","timestamp":"2026-09-17 11:37:17.416"}
{"level":"info","message":"================================================================================","metadata":{},"service":"ai-project","timestamp":"2026-09-17 11:37:17.416"}
{"level":"info","message":"服务器运行时间: 4500 秒","metadata":{},"service":"ai-project","timestamp":"2026-09-17 11:37:17.416"}
{"level":"info","message":"总请求数: 2314","metadata":{},"service":"ai-project","timestamp":"2026-09-17 11:37:17.416"}
{"level":"info","message":"成功请求数: 2314","metadata":{},"service":"ai-project","timestamp":"2026-09-17 11:37:17.416"}
{"level":"info","message":"失败请求数: 0","metadata":{},"service":"ai-project","timestamp":"2026-09-17 11:37:17.416"}
{"level":"info","message":"请求成功率: 100.00%","metadata":{},"service":"ai-project","timestamp":"2026-09-17 11:37:17.416"}
{"level":"info","message":"平均响应时间: 9.82 ms","metadata":{},"service":"ai-project","timestamp":"2026-09-17 11:37:17.416"}
{"level":"info","message":"总接收数据: 1274.49 KB","metadata":{},"service":"ai-project","timestamp":"2026-09-17 11:37:17.417"}
{"level":"info","message":"总发送数据: 85.87 KB","metadata":{},"service":"ai-project","timestamp":"2026-09-17 11:37:17.417"}
{"level":"info","message":"当前连接数: 1","metadata":{},"service":"ai-project","timestamp":"2026-09-17 11:37:17.417"}
{"level":"info","message":"连接池使用率: 0.10%","metadata":{},"service":"ai-project","timestamp":"2026-09-17 11:37:17.417"}
{"level":"info","message":"连接池峰值: 1","metadata":{},"service":"ai-project","timestamp":"2026-09-17 11:37:17.417"}
{"level":"info","message":"总连接数: 26","metadata":{},"service":"ai-project","timestamp":"2026-09-17 11:37:17.417"}
{"level":"info","message":"失败连接数: 0","metadata":{},"service":"ai-project","timestamp":"2026-09-17 11:37:17.417"}
{"level":"info","message":"已关闭连接数: 25","metadata":{},"service":"ai-project","timestamp":"2026-09-17 11:37:17.417"}
{"level":"info","message":"================================================================================","metadata":{},"service":"ai-project","timestamp":"2026-09-17 11:37:17.418"}
{"level":"info","message":"客户端 #26 (172.20.10.14:43192) 主动断开连接","metadata":{"currentConnections":0},"service":"ai-project","timestamp":"2026-09-17 11:37:17.430"}
{"level":"info","message":"客户端 #26 (172.20.10.14:43192) 连接正常关闭","metadata":{"currentConnections":-1},"service":"ai-project","timestamp":"2026-09-17 11:37:17.430"}
{"level":"info","message":"客户端 #27 已连接 - 172.20.10.14:46479","metadata":{"currentConnections":1,"maxConnections":1000},"service":"ai-project","timestamp":"2026-09-17 11:37:17.503"}
{"level":"info","message":"================================================================================","metadata":{},"service":"ai-project","timestamp":"2026-09-17 11:38:17.427"}
{"level":"info","message":"性能监控指标","metadata":{},"service":"ai-project","timestamp":"2026-09-17 11:38:17.428"}
{"level":"info","message":"================================================================================","metadata":{},"service":"ai-project","timestamp":"2026-09-17 11:38:17.428"}
{"level":"info","message":"服务器运行时间: 4560 秒","metadata":{},"service":"ai-project","timestamp":"2026-09-17 11:38:17.428"}
{"level":"info","message":"总请求数: 2353","metadata":{},"service":"ai-project","timestamp":"2026-09-17 11:38:17.428"}
{"level":"info","message":"成功请求数: 2353","metadata":{},"service":"ai-project","timestamp":"2026-09-17 11:38:17.428"}
{"level":"info","message":"失败请求数: 0","metadata":{},"service":"ai-project","timestamp":"2026-09-17 11:38:17.428"}
{"level":"info","message":"请求成功率: 100.00%","metadata":{},"service":"ai-project","timestamp":"2026-09-17 11:38:17.429"}
{"level":"info","message":"平均响应时间: 11.47 ms","metadata":{},"service":"ai-project","timestamp":"2026-09-17 11:38:17.429"}
{"level":"info","message":"总接收数据: 1295.95 KB","metadata":{},"service":"ai-project","timestamp":"2026-09-17 11:38:17.429"}
{"level":"info","message":"总发送数据: 87.32 KB","metadata":{},"service":"ai-project","timestamp":"2026-09-17 11:38:17.429"}
{"level":"info","message":"当前连接数: 1","metadata":{},"service":"ai-project","timestamp":"2026-09-17 11:38:17.429"}
{"level":"info","message":"连接池使用率: 0.10%","metadata":{},"service":"ai-project","timestamp":"2026-09-17 11:38:17.429"}
{"level":"info","message":"连接池峰值: 1","metadata":{},"service":"ai-project","timestamp":"2026-09-17 11:38:17.429"}
{"level":"info","message":"总连接数: 27","metadata":{},"service":"ai-project","timestamp":"2026-09-17 11:38:17.429"}
{"level":"info","message":"失败连接数: 0","metadata":{},"service":"ai-project","timestamp":"2026-09-17 11:38:17.429"}
{"level":"info","message":"已关闭连接数: 26","metadata":{},"service":"ai-project","timestamp":"2026-09-17 11:38:17.429"}
{"level":"info","message":"================================================================================","metadata":{},"service":"ai-project","timestamp":"2026-09-17 11:38:17.429"}
{"level":"warn","message":"客户端 #27 心跳超时，断开连接","metadata":{"clientInfo":"172.20.10.14:46479","timeSinceLastReceived":119418},"service":"ai-project","timestamp":"2026-09-17 11:39:17.433"}
{"level":"info","message":"================================================================================","metadata":{},"service":"ai-project","timestamp":"2026-09-17 11:39:17.433"}
{"level":"info","message":"性能监控指标","metadata":{},"service":"ai-project","timestamp":"2026-09-17 11:39:17.433"}
{"level":"info","message":"================================================================================","metadata":{},"service":"ai-project","timestamp":"2026-09-17 11:39:17.433"}
{"level":"info","message":"服务器运行时间: 4620 秒","metadata":{},"service":"ai-project","timestamp":"2026-09-17 11:39:17.433"}
{"level":"info","message":"总请求数: 2393","metadata":{},"service":"ai-project","timestamp":"2026-09-17 11:39:17.433"}
{"level":"info","message":"成功请求数: 2393","metadata":{},"service":"ai-project","timestamp":"2026-09-17 11:39:17.434"}
{"level":"info","message":"失败请求数: 0","metadata":{},"service":"ai-project","timestamp":"2026-09-17 11:39:17.434"}
{"level":"info","message":"请求成功率: 100.00%","metadata":{},"service":"ai-project","timestamp":"2026-09-17 11:39:17.434"}
{"level":"info","message":"平均响应时间: 11.72 ms","metadata":{},"service":"ai-project","timestamp":"2026-09-17 11:39:17.434"}
{"level":"info","message":"总接收数据: 1317.94 KB","metadata":{},"service":"ai-project","timestamp":"2026-09-17 11:39:17.434"}
{"level":"info","message":"总发送数据: 88.80 KB","metadata":{},"service":"ai-project","timestamp":"2026-09-17 11:39:17.434"}
{"level":"info","message":"当前连接数: 1","metadata":{},"service":"ai-project","timestamp":"2026-09-17 11:39:17.434"}
{"level":"info","message":"连接池使用率: 0.10%","metadata":{},"service":"ai-project","timestamp":"2026-09-17 11:39:17.434"}
{"level":"info","message":"连接池峰值: 1","metadata":{},"service":"ai-project","timestamp":"2026-09-17 11:39:17.434"}
{"level":"info","message":"总连接数: 27","metadata":{},"service":"ai-project","timestamp":"2026-09-17 11:39:17.435"}
{"level":"info","message":"失败连接数: 0","metadata":{},"service":"ai-project","timestamp":"2026-09-17 11:39:17.435"}
{"level":"info","message":"已关闭连接数: 26","metadata":{},"service":"ai-project","timestamp":"2026-09-17 11:39:17.435"}
{"level":"info","message":"================================================================================","metadata":{},"service":"ai-project","timestamp":"2026-09-17 11:39:17.435"}
{"level":"info","message":"客户端 #27 (172.20.10.14:46479) 主动断开连接","metadata":{"currentConnections":0},"service":"ai-project","timestamp":"2026-09-17 11:39:17.480"}
{"level":"info","message":"客户端 #27 (172.20.10.14:46479) 连接正常关闭","metadata":{"currentConnections":-1},"service":"ai-project","timestamp":"2026-09-17 11:39:17.480"}
{"level":"info","message":"客户端 #28 已连接 - 172.20.10.14:41790","metadata":{"currentConnections":1,"maxConnections":1000},"service":"ai-project","timestamp":"2026-09-17 11:39:17.591"}
{"level":"error","message":"客户端 #28 (172.20.10.14:41790) 连接错误","metadata":{"errorCode":"ECONNRESET","errorMessage":"read ECONNRESET"},"service":"ai-project","timestamp":"2026-09-17 11:40:07.277"}
{"level":"info","message":"连接被客户端重置","metadata":{"clientId":28,"clientInfo":"172.20.10.14:41790"},"service":"ai-project","timestamp":"2026-09-17 11:40:07.278"}
{"level":"info","message":"当前连接数: 0","metadata":{"clientId":28,"clientInfo":"172.20.10.14:41790"},"service":"ai-project","timestamp":"2026-09-17 11:40:07.278"}
{"level":"warn","message":"客户端 #28 (172.20.10.14:41790) 连接异常关闭","metadata":{"currentConnections":-1},"service":"ai-project","timestamp":"2026-09-17 11:40:07.278"}
{"level":"info","message":"================================================================================","metadata":{},"service":"ai-project","timestamp":"2026-09-17 11:40:17.437"}
{"level":"info","message":"性能监控指标","metadata":{},"service":"ai-project","timestamp":"2026-09-17 11:40:17.438"}
{"level":"info","message":"================================================================================","metadata":{},"service":"ai-project","timestamp":"2026-09-17 11:40:17.438"}
{"level":"info","message":"服务器运行时间: 4680 秒","metadata":{},"service":"ai-project","timestamp":"2026-09-17 11:40:17.438"}
{"level":"info","message":"总请求数: 2409","metadata":{},"service":"ai-project","timestamp":"2026-09-17 11:40:17.438"}
{"level":"info","message":"成功请求数: 2409","metadata":{},"service":"ai-project","timestamp":"2026-09-17 11:40:17.438"}
{"level":"info","message":"失败请求数: 0","metadata":{},"service":"ai-project","timestamp":"2026-09-17 11:40:17.438"}
{"level":"info","message":"请求成功率: 100.00%","metadata":{},"service":"ai-project","timestamp":"2026-09-17 11:40:17.438"}
{"level":"info","message":"平均响应时间: 11.69 ms","metadata":{},"service":"ai-project","timestamp":"2026-09-17 11:40:17.439"}
{"level":"info","message":"总接收数据: 1326.73 KB","metadata":{},"service":"ai-project","timestamp":"2026-09-17 11:40:17.439"}
{"level":"info","message":"总发送数据: 89.40 KB","metadata":{},"service":"ai-project","timestamp":"2026-09-17 11:40:17.439"}
{"level":"info","message":"当前连接数: 0","metadata":{},"service":"ai-project","timestamp":"2026-09-17 11:40:17.439"}
{"level":"info","message":"连接池使用率: 0.00%","metadata":{},"service":"ai-project","timestamp":"2026-09-17 11:40:17.439"}
{"level":"info","message":"连接池峰值: 1","metadata":{},"service":"ai-project","timestamp":"2026-09-17 11:40:17.439"}
{"level":"info","message":"总连接数: 28","metadata":{},"service":"ai-project","timestamp":"2026-09-17 11:40:17.439"}
{"level":"info","message":"失败连接数: 0","metadata":{},"service":"ai-project","timestamp":"2026-09-17 11:40:17.439"}
{"level":"info","message":"已关闭连接数: 28","metadata":{},"service":"ai-project","timestamp":"2026-09-17 11:40:17.440"}
{"level":"info","message":"================================================================================","metadata":{},"service":"ai-project","timestamp":"2026-09-17 11:40:17.440"}
{"level":"info","message":"================================================================================","metadata":{},"service":"ai-project","timestamp":"2026-09-17 11:41:17.448"}
{"level":"info","message":"性能监控指标","metadata":{},"service":"ai-project","timestamp":"2026-09-17 11:41:17.449"}
{"level":"info","message":"================================================================================","metadata":{},"service":"ai-project","timestamp":"2026-09-17 11:41:17.449"}
{"level":"info","message":"服务器运行时间: 4740 秒","metadata":{},"service":"ai-project","timestamp":"2026-09-17 11:41:17.449"}
{"level":"info","message":"总请求数: 2409","metadata":{},"service":"ai-project","timestamp":"2026-09-17 11:41:17.449"}
{"level":"info","message":"成功请求数: 2409","metadata":{},"service":"ai-project","timestamp":"2026-09-17 11:41:17.449"}
{"level":"info","message":"失败请求数: 0","metadata":{},"service":"ai-project","timestamp":"2026-09-17 11:41:17.449"}
{"level":"info","message":"请求成功率: 100.00%","metadata":{},"service":"ai-project","timestamp":"2026-09-17 11:41:17.449"}
{"level":"info","message":"平均响应时间: 11.69 ms","metadata":{},"service":"ai-project","timestamp":"2026-09-17 11:41:17.449"}
{"level":"info","message":"总接收数据: 1326.73 KB","metadata":{},"service":"ai-project","timestamp":"2026-09-17 11:41:17.449"}
{"level":"info","message":"总发送数据: 89.40 KB","metadata":{},"service":"ai-project","timestamp":"2026-09-17 11:41:17.450"}
{"level":"info","message":"当前连接数: 0","metadata":{},"service":"ai-project","timestamp":"2026-09-17 11:41:17.450"}
{"level":"info","message":"连接池使用率: 0.00%","metadata":{},"service":"ai-project","timestamp":"2026-09-17 11:41:17.450"}
{"level":"info","message":"连接池峰值: 1","metadata":{},"service":"ai-project","timestamp":"2026-09-17 11:41:17.450"}
{"level":"info","message":"总连接数: 28","metadata":{},"service":"ai-project","timestamp":"2026-09-17 11:41:17.450"}
{"level":"info","message":"失败连接数: 0","metadata":{},"service":"ai-project","timestamp":"2026-09-17 11:41:17.450"}
{"level":"info","message":"已关闭连接数: 28","metadata":{},"service":"ai-project","timestamp":"2026-09-17 11:41:17.450"}
{"level":"info","message":"================================================================================","metadata":{},"service":"ai-project","timestamp":"2026-09-17 11:41:17.450"}
{"level":"info","message":"================================================================================","metadata":{},"service":"ai-project","timestamp":"2026-09-17 11:42:17.461"}
{"level":"info","message":"性能监控指标","metadata":{},"service":"ai-project","timestamp":"2026-09-17 11:42:17.461"}
{"level":"info","message":"================================================================================","metadata":{},"service":"ai-project","timestamp":"2026-09-17 11:42:17.462"}
{"level":"info","message":"服务器运行时间: 4800 秒","metadata":{},"service":"ai-project","timestamp":"2026-09-17 11:42:17.462"}
{"level":"info","message":"总请求数: 2409","metadata":{},"service":"ai-project","timestamp":"2026-09-17 11:42:17.462"}
{"level":"info","message":"成功请求数: 2409","metadata":{},"service":"ai-project","timestamp":"2026-09-17 11:42:17.462"}
{"level":"info","message":"失败请求数: 0","metadata":{},"service":"ai-project","timestamp":"2026-09-17 11:42:17.462"}
{"level":"info","message":"请求成功率: 100.00%","metadata":{},"service":"ai-project","timestamp":"2026-09-17 11:42:17.462"}
{"level":"info","message":"平均响应时间: 11.69 ms","metadata":{},"service":"ai-project","timestamp":"2026-09-17 11:42:17.462"}
{"level":"info","message":"总接收数据: 1326.73 KB","metadata":{},"service":"ai-project","timestamp":"2026-09-17 11:42:17.462"}
{"level":"info","message":"总发送数据: 89.40 KB","metadata":{},"service":"ai-project","timestamp":"2026-09-17 11:42:17.462"}
{"level":"info","message":"当前连接数: 0","metadata":{},"service":"ai-project","timestamp":"2026-09-17 11:42:17.462"}
{"level":"info","message":"连接池使用率: 0.00%","metadata":{},"service":"ai-project","timestamp":"2026-09-17 11:42:17.462"}
{"level":"info","message":"连接池峰值: 1","metadata":{},"service":"ai-project","timestamp":"2026-09-17 11:42:17.462"}
{"level":"info","message":"总连接数: 28","metadata":{},"service":"ai-project","timestamp":"2026-09-17 11:42:17.463"}
{"level":"info","message":"失败连接数: 0","metadata":{},"service":"ai-project","timestamp":"2026-09-17 11:42:17.463"}
{"level":"info","message":"已关闭连接数: 28","metadata":{},"service":"ai-project","timestamp":"2026-09-17 11:42:17.463"}
{"level":"info","message":"================================================================================","metadata":{},"service":"ai-project","timestamp":"2026-09-17 11:42:17.463"}
{"level":"info","message":"================================================================================","metadata":{},"service":"ai-project","timestamp":"2026-09-17 11:43:17.475"}
{"level":"info","message":"性能监控指标","metadata":{},"service":"ai-project","timestamp":"2026-09-17 11:43:17.475"}
{"level":"info","message":"================================================================================","metadata":{},"service":"ai-project","timestamp":"2026-09-17 11:43:17.476"}
{"level":"info","message":"服务器运行时间: 4860 秒","metadata":{},"service":"ai-project","timestamp":"2026-09-17 11:43:17.476"}
{"level":"info","message":"总请求数: 2409","metadata":{},"service":"ai-project","timestamp":"2026-09-17 11:43:17.476"}
{"level":"info","message":"成功请求数: 2409","metadata":{},"service":"ai-project","timestamp":"2026-09-17 11:43:17.476"}
{"level":"info","message":"失败请求数: 0","metadata":{},"service":"ai-project","timestamp":"2026-09-17 11:43:17.476"}
{"level":"info","message":"请求成功率: 100.00%","metadata":{},"service":"ai-project","timestamp":"2026-09-17 11:43:17.476"}
{"level":"info","message":"平均响应时间: 11.69 ms","metadata":{},"service":"ai-project","timestamp":"2026-09-17 11:43:17.476"}
{"level":"info","message":"总接收数据: 1326.73 KB","metadata":{},"service":"ai-project","timestamp":"2026-09-17 11:43:17.476"}
{"level":"info","message":"总发送数据: 89.40 KB","metadata":{},"service":"ai-project","timestamp":"2026-09-17 11:43:17.476"}
{"level":"info","message":"当前连接数: 0","metadata":{},"service":"ai-project","timestamp":"2026-09-17 11:43:17.476"}
{"level":"info","message":"连接池使用率: 0.00%","metadata":{},"service":"ai-project","timestamp":"2026-09-17 11:43:17.476"}
{"level":"info","message":"连接池峰值: 1","metadata":{},"service":"ai-project","timestamp":"2026-09-17 11:43:17.477"}
{"level":"info","message":"总连接数: 28","metadata":{},"service":"ai-project","timestamp":"2026-09-17 11:43:17.477"}
{"level":"info","message":"失败连接数: 0","metadata":{},"service":"ai-project","timestamp":"2026-09-17 11:43:17.477"}
{"level":"info","message":"已关闭连接数: 28","metadata":{},"service":"ai-project","timestamp":"2026-09-17 11:43:17.477"}
{"level":"info","message":"================================================================================","metadata":{},"service":"ai-project","timestamp":"2026-09-17 11:43:17.477"}
{"level":"info","message":"================================================================================","metadata":{},"service":"ai-project","timestamp":"2026-09-17 11:44:17.479"}
{"level":"info","message":"性能监控指标","metadata":{},"service":"ai-project","timestamp":"2026-09-17 11:44:17.480"}
{"level":"info","message":"================================================================================","metadata":{},"service":"ai-project","timestamp":"2026-09-17 11:44:17.480"}
{"level":"info","message":"服务器运行时间: 4920 秒","metadata":{},"service":"ai-project","timestamp":"2026-09-17 11:44:17.480"}
{"level":"info","message":"总请求数: 2409","metadata":{},"service":"ai-project","timestamp":"2026-09-17 11:44:17.480"}
{"level":"info","message":"成功请求数: 2409","metadata":{},"service":"ai-project","timestamp":"2026-09-17 11:44:17.480"}
{"level":"info","message":"失败请求数: 0","metadata":{},"service":"ai-project","timestamp":"2026-09-17 11:44:17.480"}
{"level":"info","message":"请求成功率: 100.00%","metadata":{},"service":"ai-project","timestamp":"2026-09-17 11:44:17.480"}
{"level":"info","message":"平均响应时间: 11.69 ms","metadata":{},"service":"ai-project","timestamp":"2026-09-17 11:44:17.480"}
{"level":"info","message":"总接收数据: 1326.73 KB","metadata":{},"service":"ai-project","timestamp":"2026-09-17 11:44:17.480"}
{"level":"info","message":"总发送数据: 89.40 KB","metadata":{},"service":"ai-project","timestamp":"2026-09-17 11:44:17.480"}
{"level":"info","message":"当前连接数: 0","metadata":{},"service":"ai-project","timestamp":"2026-09-17 11:44:17.481"}
{"level":"info","message":"连接池使用率: 0.00%","metadata":{},"service":"ai-project","timestamp":"2026-09-17 11:44:17.481"}
{"level":"info","message":"连接池峰值: 1","metadata":{},"service":"ai-project","timestamp":"2026-09-17 11:44:17.481"}
{"level":"info","message":"总连接数: 28","metadata":{},"service":"ai-project","timestamp":"2026-09-17 11:44:17.481"}
{"level":"info","message":"失败连接数: 0","metadata":{},"service":"ai-project","timestamp":"2026-09-17 11:44:17.481"}
{"level":"info","message":"已关闭连接数: 28","metadata":{},"service":"ai-project","timestamp":"2026-09-17 11:44:17.481"}
{"level":"info","message":"================================================================================","metadata":{},"service":"ai-project","timestamp":"2026-09-17 11:44:17.481"}
{"level":"info","message":"================================================================================","metadata":{},"service":"ai-project","timestamp":"2026-09-17 11:45:17.486"}
{"level":"info","message":"性能监控指标","metadata":{},"service":"ai-project","timestamp":"2026-09-17 11:45:17.487"}
{"level":"info","message":"================================================================================","metadata":{},"service":"ai-project","timestamp":"2026-09-17 11:45:17.487"}
{"level":"info","message":"服务器运行时间: 4980 秒","metadata":{},"service":"ai-project","timestamp":"2026-09-17 11:45:17.487"}
{"level":"info","message":"总请求数: 2409","metadata":{},"service":"ai-project","timestamp":"2026-09-17 11:45:17.487"}
{"level":"info","message":"成功请求数: 2409","metadata":{},"service":"ai-project","timestamp":"2026-09-17 11:45:17.487"}
{"level":"info","message":"失败请求数: 0","metadata":{},"service":"ai-project","timestamp":"2026-09-17 11:45:17.487"}
{"level":"info","message":"请求成功率: 100.00%","metadata":{},"service":"ai-project","timestamp":"2026-09-17 11:45:17.487"}
{"level":"info","message":"平均响应时间: 11.69 ms","metadata":{},"service":"ai-project","timestamp":"2026-09-17 11:45:17.487"}
{"level":"info","message":"总接收数据: 1326.73 KB","metadata":{},"service":"ai-project","timestamp":"2026-09-17 11:45:17.488"}
{"level":"info","message":"总发送数据: 89.40 KB","metadata":{},"service":"ai-project","timestamp":"2026-09-17 11:45:17.488"}
{"level":"info","message":"当前连接数: 0","metadata":{},"service":"ai-project","timestamp":"2026-09-17 11:45:17.488"}
{"level":"info","message":"连接池使用率: 0.00%","metadata":{},"service":"ai-project","timestamp":"2026-09-17 11:45:17.488"}
{"level":"info","message":"连接池峰值: 1","metadata":{},"service":"ai-project","timestamp":"2026-09-17 11:45:17.488"}
{"level":"info","message":"总连接数: 28","metadata":{},"service":"ai-project","timestamp":"2026-09-17 11:45:17.488"}
{"level":"info","message":"失败连接数: 0","metadata":{},"service":"ai-project","timestamp":"2026-09-17 11:45:17.488"}
{"level":"info","message":"已关闭连接数: 28","metadata":{},"service":"ai-project","timestamp":"2026-09-17 11:45:17.488"}
{"level":"info","message":"================================================================================","metadata":{},"service":"ai-project","timestamp":"2026-09-17 11:45:17.488"}
{"level":"info","message":"================================================================================","metadata":{},"service":"ai-project","timestamp":"2026-09-17 11:46:17.500"}
{"level":"info","message":"性能监控指标","metadata":{},"service":"ai-project","timestamp":"2026-09-17 11:46:17.501"}
{"level":"info","message":"================================================================================","metadata":{},"service":"ai-project","timestamp":"2026-09-17 11:46:17.501"}
{"level":"info","message":"服务器运行时间: 5040 秒","metadata":{},"service":"ai-project","timestamp":"2026-09-17 11:46:17.501"}
{"level":"info","message":"总请求数: 2409","metadata":{},"service":"ai-project","timestamp":"2026-09-17 11:46:17.501"}
{"level":"info","message":"成功请求数: 2409","metadata":{},"service":"ai-project","timestamp":"2026-09-17 11:46:17.501"}
{"level":"info","message":"失败请求数: 0","metadata":{},"service":"ai-project","timestamp":"2026-09-17 11:46:17.501"}
{"level":"info","message":"请求成功率: 100.00%","metadata":{},"service":"ai-project","timestamp":"2026-09-17 11:46:17.501"}
{"level":"info","message":"平均响应时间: 11.69 ms","metadata":{},"service":"ai-project","timestamp":"2026-09-17 11:46:17.501"}
{"level":"info","message":"总接收数据: 1326.73 KB","metadata":{},"service":"ai-project","timestamp":"2026-09-17 11:46:17.501"}
{"level":"info","message":"总发送数据: 89.40 KB","metadata":{},"service":"ai-project","timestamp":"2026-09-17 11:46:17.501"}
{"level":"info","message":"当前连接数: 0","metadata":{},"service":"ai-project","timestamp":"2026-09-17 11:46:17.501"}
{"level":"info","message":"连接池使用率: 0.00%","metadata":{},"service":"ai-project","timestamp":"2026-09-17 11:46:17.502"}
{"level":"info","message":"连接池峰值: 1","metadata":{},"service":"ai-project","timestamp":"2026-09-17 11:46:17.502"}
{"level":"info","message":"总连接数: 28","metadata":{},"service":"ai-project","timestamp":"2026-09-17 11:46:17.502"}
{"level":"info","message":"失败连接数: 0","metadata":{},"service":"ai-project","timestamp":"2026-09-17 11:46:17.502"}
{"level":"info","message":"已关闭连接数: 28","metadata":{},"service":"ai-project","timestamp":"2026-09-17 11:46:17.502"}
{"level":"info","message":"================================================================================","metadata":{},"service":"ai-project","timestamp":"2026-09-17 11:46:17.502"}
{"level":"info","message":"SSE 客户端断开连接","metadata":{"clientCount":0},"service":"ai-project","timestamp":"2026-09-17 11:46:37.984"}
{"level":"info","message":"数据库连接创建:","metadata":{"threadId":75},"service":"ai-project","timestamp":"2026-09-17 12:53:58.276"}
{"level":"info","message":"数据库连接成功","metadata":{},"service":"ai-project","timestamp":"2026-09-17 12:53:58.284"}
{"level":"info","message":"============================================================","metadata":{},"service":"ai-project","timestamp":"2026-09-17 12:53:58.576"}
{"level":"info","message":"热成像传感器数据服务器已成功启动","metadata":{},"service":"ai-project","timestamp":"2026-09-17 12:53:58.580"}
{"level":"info","message":"监听地址: 0.0.0.0:8888","metadata":{},"service":"ai-project","timestamp":"2026-09-17 12:53:58.580"}
{"level":"info","message":"等待客户端连接...","metadata":{},"service":"ai-project","timestamp":"2026-09-17 12:53:58.581"}
{"level":"info","message":"============================================================","metadata":{},"service":"ai-project","timestamp":"2026-09-17 12:53:58.581"}
{"level":"info","message":"心跳机制已启动，间隔: 30000ms, 超时: 90000ms","metadata":{},"service":"ai-project","timestamp":"2026-09-17 12:53:58.582"}
{"level":"info","message":"性能监控已启动，间隔: 60000ms","metadata":{},"service":"ai-project","timestamp":"2026-09-17 12:53:58.582"}
{"level":"info","message":"================================================================================","metadata":{},"service":"ai-project","timestamp":"2026-09-17 12:54:58.593"}
{"level":"info","message":"性能监控指标","metadata":{},"service":"ai-project","timestamp":"2026-09-17 12:54:58.594"}
{"level":"info","message":"================================================================================","metadata":{},"service":"ai-project","timestamp":"2026-09-17 12:54:58.594"}
{"level":"info","message":"服务器运行时间: 60 秒","metadata":{},"service":"ai-project","timestamp":"2026-09-17 12:54:58.594"}
{"level":"info","message":"总请求数: 0","metadata":{},"service":"ai-project","timestamp":"2026-09-17 12:54:58.594"}
{"level":"info","message":"成功请求数: 0","metadata":{},"service":"ai-project","timestamp":"2026-09-17 12:54:58.595"}
{"level":"info","message":"失败请求数: 0","metadata":{},"service":"ai-project","timestamp":"2026-09-17 12:54:58.595"}
{"level":"info","message":"请求成功率: 0.00%","metadata":{},"service":"ai-project","timestamp":"2026-09-17 12:54:58.595"}
{"level":"info","message":"平均响应时间: 0.00 ms","metadata":{},"service":"ai-project","timestamp":"2026-09-17 12:54:58.595"}
{"level":"info","message":"总接收数据: 0.00 KB","metadata":{},"service":"ai-project","timestamp":"2026-09-17 12:54:58.595"}
{"level":"info","message":"总发送数据: 0.00 KB","metadata":{},"service":"ai-project","timestamp":"2026-09-17 12:54:58.595"}
{"level":"info","message":"当前连接数: 0","metadata":{},"service":"ai-project","timestamp":"2026-09-17 12:54:58.595"}
{"level":"info","message":"连接池使用率: 0.00%","metadata":{},"service":"ai-project","timestamp":"2026-09-17 12:54:58.596"}
{"level":"info","message":"连接池峰值: 0","metadata":{},"service":"ai-project","timestamp":"2026-09-17 12:54:58.596"}
{"level":"info","message":"总连接数: 0","metadata":{},"service":"ai-project","timestamp":"2026-09-17 12:54:58.596"}
{"level":"info","message":"失败连接数: 0","metadata":{},"service":"ai-project","timestamp":"2026-09-17 12:54:58.596"}
{"level":"info","message":"已关闭连接数: 0","metadata":{},"service":"ai-project","timestamp":"2026-09-17 12:54:58.596"}
{"level":"info","message":"================================================================================","metadata":{},"service":"ai-project","timestamp":"2026-09-17 12:54:58.597"}
{"level":"info","message":"================================================================================","metadata":{},"service":"ai-project","timestamp":"2026-09-17 12:55:58.595"}
{"level":"info","message":"性能监控指标","metadata":{},"service":"ai-project","timestamp":"2026-09-17 12:55:58.596"}
{"level":"info","message":"================================================================================","metadata":{},"service":"ai-project","timestamp":"2026-09-17 12:55:58.596"}
{"level":"info","message":"服务器运行时间: 120 秒","metadata":{},"service":"ai-project","timestamp":"2026-09-17 12:55:58.596"}
{"level":"info","message":"总请求数: 0","metadata":{},"service":"ai-project","timestamp":"2026-09-17 12:55:58.596"}
{"level":"info","message":"成功请求数: 0","metadata":{},"service":"ai-project","timestamp":"2026-09-17 12:55:58.596"}
{"level":"info","message":"失败请求数: 0","metadata":{},"service":"ai-project","timestamp":"2026-09-17 12:55:58.596"}
{"level":"info","message":"请求成功率: 0.00%","metadata":{},"service":"ai-project","timestamp":"2026-09-17 12:55:58.597"}
{"level":"info","message":"平均响应时间: 0.00 ms","metadata":{},"service":"ai-project","timestamp":"2026-09-17 12:55:58.597"}
{"level":"info","message":"总接收数据: 0.00 KB","metadata":{},"service":"ai-project","timestamp":"2026-09-17 12:55:58.597"}
{"level":"info","message":"总发送数据: 0.00 KB","metadata":{},"service":"ai-project","timestamp":"2026-09-17 12:55:58.597"}
{"level":"info","message":"当前连接数: 0","metadata":{},"service":"ai-project","timestamp":"2026-09-17 12:55:58.597"}
{"level":"info","message":"连接池使用率: 0.00%","metadata":{},"service":"ai-project","timestamp":"2026-09-17 12:55:58.597"}
{"level":"info","message":"连接池峰值: 0","metadata":{},"service":"ai-project","timestamp":"2026-09-17 12:55:58.598"}
{"level":"info","message":"总连接数: 0","metadata":{},"service":"ai-project","timestamp":"2026-09-17 12:55:58.598"}
{"level":"info","message":"失败连接数: 0","metadata":{},"service":"ai-project","timestamp":"2026-09-17 12:55:58.598"}
{"level":"info","message":"已关闭连接数: 0","metadata":{},"service":"ai-project","timestamp":"2026-09-17 12:55:58.598"}
{"level":"info","message":"================================================================================","metadata":{},"service":"ai-project","timestamp":"2026-09-17 12:55:58.598"}
{"level":"info","message":"================================================================================","metadata":{},"service":"ai-project","timestamp":"2026-09-17 12:56:58.598"}
{"level":"info","message":"性能监控指标","metadata":{},"service":"ai-project","timestamp":"2026-09-17 12:56:58.599"}
{"level":"info","message":"================================================================================","metadata":{},"service":"ai-project","timestamp":"2026-09-17 12:56:58.599"}
{"level":"info","message":"服务器运行时间: 180 秒","metadata":{},"service":"ai-project","timestamp":"2026-09-17 12:56:58.599"}
{"level":"info","message":"总请求数: 0","metadata":{},"service":"ai-project","timestamp":"2026-09-17 12:56:58.599"}
{"level":"info","message":"成功请求数: 0","metadata":{},"service":"ai-project","timestamp":"2026-09-17 12:56:58.600"}
{"level":"info","message":"失败请求数: 0","metadata":{},"service":"ai-project","timestamp":"2026-09-17 12:56:58.600"}
{"level":"info","message":"请求成功率: 0.00%","metadata":{},"service":"ai-project","timestamp":"2026-09-17 12:56:58.600"}
{"level":"info","message":"平均响应时间: 0.00 ms","metadata":{},"service":"ai-project","timestamp":"2026-09-17 12:56:58.600"}
{"level":"info","message":"总接收数据: 0.00 KB","metadata":{},"service":"ai-project","timestamp":"2026-09-17 12:56:58.600"}
{"level":"info","message":"总发送数据: 0.00 KB","metadata":{},"service":"ai-project","timestamp":"2026-09-17 12:56:58.601"}
{"level":"info","message":"当前连接数: 0","metadata":{},"service":"ai-project","timestamp":"2026-09-17 12:56:58.601"}
{"level":"info","message":"连接池使用率: 0.00%","metadata":{},"service":"ai-project","timestamp":"2026-09-17 12:56:58.601"}
{"level":"info","message":"连接池峰值: 0","metadata":{},"service":"ai-project","timestamp":"2026-09-17 12:56:58.601"}
{"level":"info","message":"总连接数: 0","metadata":{},"service":"ai-project","timestamp":"2026-09-17 12:56:58.601"}
{"level":"info","message":"失败连接数: 0","metadata":{},"service":"ai-project","timestamp":"2026-09-17 12:56:58.601"}
{"level":"info","message":"已关闭连接数: 0","metadata":{},"service":"ai-project","timestamp":"2026-09-17 12:56:58.601"}
{"level":"info","message":"================================================================================","metadata":{},"service":"ai-project","timestamp":"2026-09-17 12:56:58.602"}
{"level":"info","message":"================================================================================","metadata":{},"service":"ai-project","timestamp":"2026-09-17 12:57:58.601"}
{"level":"info","message":"性能监控指标","metadata":{},"service":"ai-project","timestamp":"2026-09-17 12:57:58.602"}
{"level":"info","message":"================================================================================","metadata":{},"service":"ai-project","timestamp":"2026-09-17 12:57:58.602"}
{"level":"info","message":"服务器运行时间: 240 秒","metadata":{},"service":"ai-project","timestamp":"2026-09-17 12:57:58.602"}
{"level":"info","message":"总请求数: 0","metadata":{},"service":"ai-project","timestamp":"2026-09-17 12:57:58.603"}
{"level":"info","message":"成功请求数: 0","metadata":{},"service":"ai-project","timestamp":"2026-09-17 12:57:58.603"}
{"level":"info","message":"失败请求数: 0","metadata":{},"service":"ai-project","timestamp":"2026-09-17 12:57:58.603"}
{"level":"info","message":"请求成功率: 0.00%","metadata":{},"service":"ai-project","timestamp":"2026-09-17 12:57:58.603"}
{"level":"info","message":"平均响应时间: 0.00 ms","metadata":{},"service":"ai-project","timestamp":"2026-09-17 12:57:58.604"}
{"level":"info","message":"总接收数据: 0.00 KB","metadata":{},"service":"ai-project","timestamp":"2026-09-17 12:57:58.604"}
{"level":"info","message":"总发送数据: 0.00 KB","metadata":{},"service":"ai-project","timestamp":"2026-09-17 12:57:58.604"}
{"level":"info","message":"当前连接数: 0","metadata":{},"service":"ai-project","timestamp":"2026-09-17 12:57:58.604"}
{"level":"info","message":"连接池使用率: 0.00%","metadata":{},"service":"ai-project","timestamp":"2026-09-17 12:57:58.604"}
{"level":"info","message":"连接池峰值: 0","metadata":{},"service":"ai-project","timestamp":"2026-09-17 12:57:58.605"}
{"level":"info","message":"总连接数: 0","metadata":{},"service":"ai-project","timestamp":"2026-09-17 12:57:58.605"}
{"level":"info","message":"失败连接数: 0","metadata":{},"service":"ai-project","timestamp":"2026-09-17 12:57:58.605"}
{"level":"info","message":"已关闭连接数: 0","metadata":{},"service":"ai-project","timestamp":"2026-09-17 12:57:58.605"}
{"level":"info","message":"================================================================================","metadata":{},"service":"ai-project","timestamp":"2026-09-17 12:57:58.605"}
{"level":"info","message":"================================================================================","metadata":{},"service":"ai-project","timestamp":"2026-09-17 12:58:58.602"}
{"level":"info","message":"性能监控指标","metadata":{},"service":"ai-project","timestamp":"2026-09-17 12:58:58.602"}
{"level":"info","message":"================================================================================","metadata":{},"service":"ai-project","timestamp":"2026-09-17 12:58:58.603"}
{"level":"info","message":"服务器运行时间: 300 秒","metadata":{},"service":"ai-project","timestamp":"2026-09-17 12:58:58.603"}
{"level":"info","message":"总请求数: 0","metadata":{},"service":"ai-project","timestamp":"2026-09-17 12:58:58.603"}
{"level":"info","message":"成功请求数: 0","metadata":{},"service":"ai-project","timestamp":"2026-09-17 12:58:58.603"}
{"level":"info","message":"失败请求数: 0","metadata":{},"service":"ai-project","timestamp":"2026-09-17 12:58:58.604"}
{"level":"info","message":"请求成功率: 0.00%","metadata":{},"service":"ai-project","timestamp":"2026-09-17 12:58:58.604"}
{"level":"info","message":"平均响应时间: 0.00 ms","metadata":{},"service":"ai-project","timestamp":"2026-09-17 12:58:58.604"}
{"level":"info","message":"总接收数据: 0.00 KB","metadata":{},"service":"ai-project","timestamp":"2026-09-17 12:58:58.604"}
{"level":"info","message":"总发送数据: 0.00 KB","metadata":{},"service":"ai-project","timestamp":"2026-09-17 12:58:58.604"}
{"level":"info","message":"当前连接数: 0","metadata":{},"service":"ai-project","timestamp":"2026-09-17 12:58:58.605"}
{"level":"info","message":"连接池使用率: 0.00%","metadata":{},"service":"ai-project","timestamp":"2026-09-17 12:58:58.605"}
{"level":"info","message":"连接池峰值: 0","metadata":{},"service":"ai-project","timestamp":"2026-09-17 12:58:58.605"}
{"level":"info","message":"总连接数: 0","metadata":{},"service":"ai-project","timestamp":"2026-09-17 12:58:58.605"}
{"level":"info","message":"失败连接数: 0","metadata":{},"service":"ai-project","timestamp":"2026-09-17 12:58:58.605"}
{"level":"info","message":"已关闭连接数: 0","metadata":{},"service":"ai-project","timestamp":"2026-09-17 12:58:58.605"}
{"level":"info","message":"================================================================================","metadata":{},"service":"ai-project","timestamp":"2026-09-17 12:58:58.606"}
{"level":"info","message":"================================================================================","metadata":{},"service":"ai-project","timestamp":"2026-09-17 12:59:58.610"}
{"level":"info","message":"性能监控指标","metadata":{},"service":"ai-project","timestamp":"2026-09-17 12:59:58.610"}
{"level":"info","message":"================================================================================","metadata":{},"service":"ai-project","timestamp":"2026-09-17 12:59:58.610"}
{"level":"info","message":"服务器运行时间: 360 秒","metadata":{},"service":"ai-project","timestamp":"2026-09-17 12:59:58.611"}
{"level":"info","message":"总请求数: 0","metadata":{},"service":"ai-project","timestamp":"2026-09-17 12:59:58.611"}
{"level":"info","message":"成功请求数: 0","metadata":{},"service":"ai-project","timestamp":"2026-09-17 12:59:58.611"}
{"level":"info","message":"失败请求数: 0","metadata":{},"service":"ai-project","timestamp":"2026-09-17 12:59:58.611"}
{"level":"info","message":"请求成功率: 0.00%","metadata":{},"service":"ai-project","timestamp":"2026-09-17 12:59:58.612"}
{"level":"info","message":"平均响应时间: 0.00 ms","metadata":{},"service":"ai-project","timestamp":"2026-09-17 12:59:58.612"}
{"level":"info","message":"总接收数据: 0.00 KB","metadata":{},"service":"ai-project","timestamp":"2026-09-17 12:59:58.612"}
{"level":"info","message":"总发送数据: 0.00 KB","metadata":{},"service":"ai-project","timestamp":"2026-09-17 12:59:58.612"}
{"level":"info","message":"当前连接数: 0","metadata":{},"service":"ai-project","timestamp":"2026-09-17 12:59:58.613"}
{"level":"info","message":"连接池使用率: 0.00%","metadata":{},"service":"ai-project","timestamp":"2026-09-17 12:59:58.613"}
{"level":"info","message":"连接池峰值: 0","metadata":{},"service":"ai-project","timestamp":"2026-09-17 12:59:58.613"}
{"level":"info","message":"总连接数: 0","metadata":{},"service":"ai-project","timestamp":"2026-09-17 12:59:58.613"}
{"level":"info","message":"失败连接数: 0","metadata":{},"service":"ai-project","timestamp":"2026-09-17 12:59:58.613"}
{"level":"info","message":"已关闭连接数: 0","metadata":{},"service":"ai-project","timestamp":"2026-09-17 12:59:58.613"}
{"level":"info","message":"================================================================================","metadata":{},"service":"ai-project","timestamp":"2026-09-17 12:59:58.614"}
{"level":"info","message":"================================================================================","metadata":{},"service":"ai-project","timestamp":"2026-09-17 13:00:58.614"}
{"level":"info","message":"性能监控指标","metadata":{},"service":"ai-project","timestamp":"2026-09-17 13:00:58.615"}
{"level":"info","message":"================================================================================","metadata":{},"service":"ai-project","timestamp":"2026-09-17 13:00:58.615"}
{"level":"info","message":"服务器运行时间: 420 秒","metadata":{},"service":"ai-project","timestamp":"2026-09-17 13:00:58.615"}
{"level":"info","message":"总请求数: 0","metadata":{},"service":"ai-project","timestamp":"2026-09-17 13:00:58.615"}
{"level":"info","message":"成功请求数: 0","metadata":{},"service":"ai-project","timestamp":"2026-09-17 13:00:58.615"}
{"level":"info","message":"失败请求数: 0","metadata":{},"service":"ai-project","timestamp":"2026-09-17 13:00:58.615"}
{"level":"info","message":"请求成功率: 0.00%","metadata":{},"service":"ai-project","timestamp":"2026-09-17 13:00:58.616"}
{"level":"info","message":"平均响应时间: 0.00 ms","metadata":{},"service":"ai-project","timestamp":"2026-09-17 13:00:58.616"}
{"level":"info","message":"总接收数据: 0.00 KB","metadata":{},"service":"ai-project","timestamp":"2026-09-17 13:00:58.616"}
{"level":"info","message":"总发送数据: 0.00 KB","metadata":{},"service":"ai-project","timestamp":"2026-09-17 13:00:58.616"}
{"level":"info","message":"当前连接数: 0","metadata":{},"service":"ai-project","timestamp":"2026-09-17 13:00:58.616"}
{"level":"info","message":"连接池使用率: 0.00%","metadata":{},"service":"ai-project","timestamp":"2026-09-17 13:00:58.616"}
{"level":"info","message":"连接池峰值: 0","metadata":{},"service":"ai-project","timestamp":"2026-09-17 13:00:58.617"}
{"level":"info","message":"总连接数: 0","metadata":{},"service":"ai-project","timestamp":"2026-09-17 13:00:58.617"}
{"level":"info","message":"失败连接数: 0","metadata":{},"service":"ai-project","timestamp":"2026-09-17 13:00:58.617"}
{"level":"info","message":"已关闭连接数: 0","metadata":{},"service":"ai-project","timestamp":"2026-09-17 13:00:58.617"}
{"level":"info","message":"================================================================================","metadata":{},"service":"ai-project","timestamp":"2026-09-17 13:00:58.618"}
{"level":"info","message":"================================================================================","metadata":{},"service":"ai-project","timestamp":"2026-09-17 13:01:58.621"}
{"level":"info","message":"性能监控指标","metadata":{},"service":"ai-project","timestamp":"2026-09-17 13:01:58.621"}
{"level":"info","message":"================================================================================","metadata":{},"service":"ai-project","timestamp":"2026-09-17 13:01:58.622"}
{"level":"info","message":"服务器运行时间: 480 秒","metadata":{},"service":"ai-project","timestamp":"2026-09-17 13:01:58.622"}
{"level":"info","message":"总请求数: 0","metadata":{},"service":"ai-project","timestamp":"2026-09-17 13:01:58.622"}
{"level":"info","message":"成功请求数: 0","metadata":{},"service":"ai-project","timestamp":"2026-09-17 13:01:58.622"}
{"level":"info","message":"失败请求数: 0","metadata":{},"service":"ai-project","timestamp":"2026-09-17 13:01:58.622"}
{"level":"info","message":"请求成功率: 0.00%","metadata":{},"service":"ai-project","timestamp":"2026-09-17 13:01:58.622"}
{"level":"info","message":"平均响应时间: 0.00 ms","metadata":{},"service":"ai-project","timestamp":"2026-09-17 13:01:58.623"}
{"level":"info","message":"总接收数据: 0.00 KB","metadata":{},"service":"ai-project","timestamp":"2026-09-17 13:01:58.623"}
{"level":"info","message":"总发送数据: 0.00 KB","metadata":{},"service":"ai-project","timestamp":"2026-09-17 13:01:58.623"}
{"level":"info","message":"当前连接数: 0","metadata":{},"service":"ai-project","timestamp":"2026-09-17 13:01:58.623"}
{"level":"info","message":"连接池使用率: 0.00%","metadata":{},"service":"ai-project","timestamp":"2026-09-17 13:01:58.623"}
{"level":"info","message":"连接池峰值: 0","metadata":{},"service":"ai-project","timestamp":"2026-09-17 13:01:58.623"}
{"level":"info","message":"总连接数: 0","metadata":{},"service":"ai-project","timestamp":"2026-09-17 13:01:58.623"}
{"level":"info","message":"失败连接数: 0","metadata":{},"service":"ai-project","timestamp":"2026-09-17 13:01:58.624"}
{"level":"info","message":"已关闭连接数: 0","metadata":{},"service":"ai-project","timestamp":"2026-09-17 13:01:58.624"}
{"level":"info","message":"================================================================================","metadata":{},"service":"ai-project","timestamp":"2026-09-17 13:01:58.624"}
{"level":"info","message":"================================================================================","metadata":{},"service":"ai-project","timestamp":"2026-09-17 13:02:58.622"}
{"level":"info","message":"性能监控指标","metadata":{},"service":"ai-project","timestamp":"2026-09-17 13:02:58.622"}
{"level":"info","message":"================================================================================","metadata":{},"service":"ai-project","timestamp":"2026-09-17 13:02:58.623"}
{"level":"info","message":"服务器运行时间: 540 秒","metadata":{},"service":"ai-project","timestamp":"2026-09-17 13:02:58.623"}
{"level":"info","message":"总请求数: 0","metadata":{},"service":"ai-project","timestamp":"2026-09-17 13:02:58.623"}
{"level":"info","message":"成功请求数: 0","metadata":{},"service":"ai-project","timestamp":"2026-09-17 13:02:58.623"}
{"level":"info","message":"失败请求数: 0","metadata":{},"service":"ai-project","timestamp":"2026-09-17 13:02:58.623"}
{"level":"info","message":"请求成功率: 0.00%","metadata":{},"service":"ai-project","timestamp":"2026-09-17 13:02:58.624"}
{"level":"info","message":"平均响应时间: 0.00 ms","metadata":{},"service":"ai-project","timestamp":"2026-09-17 13:02:58.624"}
{"level":"info","message":"总接收数据: 0.00 KB","metadata":{},"service":"ai-project","timestamp":"2026-09-17 13:02:58.624"}
{"level":"info","message":"总发送数据: 0.00 KB","metadata":{},"service":"ai-project","timestamp":"2026-09-17 13:02:58.624"}
{"level":"info","message":"当前连接数: 0","metadata":{},"service":"ai-project","timestamp":"2026-09-17 13:02:58.624"}
{"level":"info","message":"连接池使用率: 0.00%","metadata":{},"service":"ai-project","timestamp":"2026-09-17 13:02:58.624"}
{"level":"info","message":"连接池峰值: 0","metadata":{},"service":"ai-project","timestamp":"2026-09-17 13:02:58.625"}
{"level":"info","message":"总连接数: 0","metadata":{},"service":"ai-project","timestamp":"2026-09-17 13:02:58.625"}
{"level":"info","message":"失败连接数: 0","metadata":{},"service":"ai-project","timestamp":"2026-09-17 13:02:58.625"}
{"level":"info","message":"已关闭连接数: 0","metadata":{},"service":"ai-project","timestamp":"2026-09-17 13:02:58.625"}
{"level":"info","message":"================================================================================","metadata":{},"service":"ai-project","timestamp":"2026-09-17 13:02:58.625"}
{"level":"info","message":"================================================================================","metadata":{},"service":"ai-project","timestamp":"2026-09-17 13:03:58.637"}
{"level":"info","message":"性能监控指标","metadata":{},"service":"ai-project","timestamp":"2026-09-17 13:03:58.637"}
{"level":"info","message":"================================================================================","metadata":{},"service":"ai-project","timestamp":"2026-09-17 13:03:58.638"}
{"level":"info","message":"服务器运行时间: 600 秒","metadata":{},"service":"ai-project","timestamp":"2026-09-17 13:03:58.638"}
{"level":"info","message":"总请求数: 0","metadata":{},"service":"ai-project","timestamp":"2026-09-17 13:03:58.638"}
{"level":"info","message":"成功请求数: 0","metadata":{},"service":"ai-project","timestamp":"2026-09-17 13:03:58.638"}
{"level":"info","message":"失败请求数: 0","metadata":{},"service":"ai-project","timestamp":"2026-09-17 13:03:58.638"}
{"level":"info","message":"请求成功率: 0.00%","metadata":{},"service":"ai-project","timestamp":"2026-09-17 13:03:58.639"}
{"level":"info","message":"平均响应时间: 0.00 ms","metadata":{},"service":"ai-project","timestamp":"2026-09-17 13:03:58.639"}
{"level":"info","message":"总接收数据: 0.00 KB","metadata":{},"service":"ai-project","timestamp":"2026-09-17 13:03:58.639"}
{"level":"info","message":"总发送数据: 0.00 KB","metadata":{},"service":"ai-project","timestamp":"2026-09-17 13:03:58.639"}
{"level":"info","message":"当前连接数: 0","metadata":{},"service":"ai-project","timestamp":"2026-09-17 13:03:58.639"}
{"level":"info","message":"连接池使用率: 0.00%","metadata":{},"service":"ai-project","timestamp":"2026-09-17 13:03:58.640"}
{"level":"info","message":"连接池峰值: 0","metadata":{},"service":"ai-project","timestamp":"2026-09-17 13:03:58.640"}
{"level":"info","message":"总连接数: 0","metadata":{},"service":"ai-project","timestamp":"2026-09-17 13:03:58.640"}
{"level":"info","message":"失败连接数: 0","metadata":{},"service":"ai-project","timestamp":"2026-09-17 13:03:58.640"}
{"level":"info","message":"已关闭连接数: 0","metadata":{},"service":"ai-project","timestamp":"2026-09-17 13:03:58.640"}
{"level":"info","message":"================================================================================","metadata":{},"service":"ai-project","timestamp":"2026-09-17 13:03:58.640"}
{"level":"info","message":"================================================================================","metadata":{},"service":"ai-project","timestamp":"2026-09-17 13:04:58.651"}
{"level":"info","message":"性能监控指标","metadata":{},"service":"ai-project","timestamp":"2026-09-17 13:04:58.651"}
{"level":"info","message":"================================================================================","metadata":{},"service":"ai-project","timestamp":"2026-09-17 13:04:58.651"}
{"level":"info","message":"服务器运行时间: 660 秒","metadata":{},"service":"ai-project","timestamp":"2026-09-17 13:04:58.652"}
{"level":"info","message":"总请求数: 0","metadata":{},"service":"ai-project","timestamp":"2026-09-17 13:04:58.652"}
{"level":"info","message":"成功请求数: 0","metadata":{},"service":"ai-project","timestamp":"2026-09-17 13:04:58.652"}
{"level":"info","message":"失败请求数: 0","metadata":{},"service":"ai-project","timestamp":"2026-09-17 13:04:58.652"}
{"level":"info","message":"请求成功率: 0.00%","metadata":{},"service":"ai-project","timestamp":"2026-09-17 13:04:58.653"}
{"level":"info","message":"平均响应时间: 0.00 ms","metadata":{},"service":"ai-project","timestamp":"2026-09-17 13:04:58.653"}
{"level":"info","message":"总接收数据: 0.00 KB","metadata":{},"service":"ai-project","timestamp":"2026-09-17 13:04:58.653"}
{"level":"info","message":"总发送数据: 0.00 KB","metadata":{},"service":"ai-project","timestamp":"2026-09-17 13:04:58.653"}
{"level":"info","message":"当前连接数: 0","metadata":{},"service":"ai-project","timestamp":"2026-09-17 13:04:58.653"}
{"level":"info","message":"连接池使用率: 0.00%","metadata":{},"service":"ai-project","timestamp":"2026-09-17 13:04:58.653"}
{"level":"info","message":"连接池峰值: 0","metadata":{},"service":"ai-project","timestamp":"2026-09-17 13:04:58.653"}
{"level":"info","message":"总连接数: 0","metadata":{},"service":"ai-project","timestamp":"2026-09-17 13:04:58.654"}
{"level":"info","message":"失败连接数: 0","metadata":{},"service":"ai-project","timestamp":"2026-09-17 13:04:58.654"}
{"level":"info","message":"已关闭连接数: 0","metadata":{},"service":"ai-project","timestamp":"2026-09-17 13:04:58.654"}
{"level":"info","message":"================================================================================","metadata":{},"service":"ai-project","timestamp":"2026-09-17 13:04:58.654"}
{"level":"info","message":"================================================================================","metadata":{},"service":"ai-project","timestamp":"2026-09-17 13:05:58.652"}
{"level":"info","message":"性能监控指标","metadata":{},"service":"ai-project","timestamp":"2026-09-17 13:05:58.653"}
{"level":"info","message":"================================================================================","metadata":{},"service":"ai-project","timestamp":"2026-09-17 13:05:58.653"}
{"level":"info","message":"服务器运行时间: 720 秒","metadata":{},"service":"ai-project","timestamp":"2026-09-17 13:05:58.653"}
{"level":"info","message":"总请求数: 0","metadata":{},"service":"ai-project","timestamp":"2026-09-17 13:05:58.653"}
{"level":"info","message":"成功请求数: 0","metadata":{},"service":"ai-project","timestamp":"2026-09-17 13:05:58.653"}
{"level":"info","message":"失败请求数: 0","metadata":{},"service":"ai-project","timestamp":"2026-09-17 13:05:58.654"}
{"level":"info","message":"请求成功率: 0.00%","metadata":{},"service":"ai-project","timestamp":"2026-09-17 13:05:58.654"}
{"level":"info","message":"平均响应时间: 0.00 ms","metadata":{},"service":"ai-project","timestamp":"2026-09-17 13:05:58.654"}
{"level":"info","message":"总接收数据: 0.00 KB","metadata":{},"service":"ai-project","timestamp":"2026-09-17 13:05:58.654"}
{"level":"info","message":"总发送数据: 0.00 KB","metadata":{},"service":"ai-project","timestamp":"2026-09-17 13:05:58.654"}
{"level":"info","message":"当前连接数: 0","metadata":{},"service":"ai-project","timestamp":"2026-09-17 13:05:58.654"}
{"level":"info","message":"连接池使用率: 0.00%","metadata":{},"service":"ai-project","timestamp":"2026-09-17 13:05:58.654"}
{"level":"info","message":"连接池峰值: 0","metadata":{},"service":"ai-project","timestamp":"2026-09-17 13:05:58.654"}
{"level":"info","message":"总连接数: 0","metadata":{},"service":"ai-project","timestamp":"2026-09-17 13:05:58.655"}
{"level":"info","message":"失败连接数: 0","metadata":{},"service":"ai-project","timestamp":"2026-09-17 13:05:58.655"}
{"level":"info","message":"已关闭连接数: 0","metadata":{},"service":"ai-project","timestamp":"2026-09-17 13:05:58.655"}
{"level":"info","message":"================================================================================","metadata":{},"service":"ai-project","timestamp":"2026-09-17 13:05:58.655"}
{"level":"info","message":"================================================================================","metadata":{},"service":"ai-project","timestamp":"2026-09-17 13:06:58.656"}
{"level":"info","message":"性能监控指标","metadata":{},"service":"ai-project","timestamp":"2026-09-17 13:06:58.657"}
{"level":"info","message":"================================================================================","metadata":{},"service":"ai-project","timestamp":"2026-09-17 13:06:58.657"}
{"level":"info","message":"服务器运行时间: 780 秒","metadata":{},"service":"ai-project","timestamp":"2026-09-17 13:06:58.657"}
{"level":"info","message":"总请求数: 0","metadata":{},"service":"ai-project","timestamp":"2026-09-17 13:06:58.658"}
{"level":"info","message":"成功请求数: 0","metadata":{},"service":"ai-project","timestamp":"2026-09-17 13:06:58.658"}
{"level":"info","message":"失败请求数: 0","metadata":{},"service":"ai-project","timestamp":"2026-09-17 13:06:58.658"}
{"level":"info","message":"请求成功率: 0.00%","metadata":{},"service":"ai-project","timestamp":"2026-09-17 13:06:58.658"}
{"level":"info","message":"平均响应时间: 0.00 ms","metadata":{},"service":"ai-project","timestamp":"2026-09-17 13:06:58.659"}
{"level":"info","message":"总接收数据: 0.00 KB","metadata":{},"service":"ai-project","timestamp":"2026-09-17 13:06:58.659"}
{"level":"info","message":"总发送数据: 0.00 KB","metadata":{},"service":"ai-project","timestamp":"2026-09-17 13:06:58.659"}
{"level":"info","message":"当前连接数: 0","metadata":{},"service":"ai-project","timestamp":"2026-09-17 13:06:58.659"}
{"level":"info","message":"连接池使用率: 0.00%","metadata":{},"service":"ai-project","timestamp":"2026-09-17 13:06:58.659"}
{"level":"info","message":"连接池峰值: 0","metadata":{},"service":"ai-project","timestamp":"2026-09-17 13:06:58.659"}
{"level":"info","message":"总连接数: 0","metadata":{},"service":"ai-project","timestamp":"2026-09-17 13:06:58.659"}
{"level":"info","message":"失败连接数: 0","metadata":{},"service":"ai-project","timestamp":"2026-09-17 13:06:58.660"}
{"level":"info","message":"已关闭连接数: 0","metadata":{},"service":"ai-project","timestamp":"2026-09-17 13:06:58.660"}
{"level":"info","message":"================================================================================","metadata":{},"service":"ai-project","timestamp":"2026-09-17 13:06:58.660"}
{"level":"info","message":"================================================================================","metadata":{},"service":"ai-project","timestamp":"2026-09-17 13:07:58.670"}
{"level":"info","message":"性能监控指标","metadata":{},"service":"ai-project","timestamp":"2026-09-17 13:07:58.670"}
{"level":"info","message":"================================================================================","metadata":{},"service":"ai-project","timestamp":"2026-09-17 13:07:58.670"}
{"level":"info","message":"服务器运行时间: 840 秒","metadata":{},"service":"ai-project","timestamp":"2026-09-17 13:07:58.671"}
{"level":"info","message":"总请求数: 0","metadata":{},"service":"ai-project","timestamp":"2026-09-17 13:07:58.671"}
{"level":"info","message":"成功请求数: 0","metadata":{},"service":"ai-project","timestamp":"2026-09-17 13:07:58.671"}
{"level":"info","message":"失败请求数: 0","metadata":{},"service":"ai-project","timestamp":"2026-09-17 13:07:58.671"}
{"level":"info","message":"请求成功率: 0.00%","metadata":{},"service":"ai-project","timestamp":"2026-09-17 13:07:58.671"}
{"level":"info","message":"平均响应时间: 0.00 ms","metadata":{},"service":"ai-project","timestamp":"2026-09-17 13:07:58.672"}
{"level":"info","message":"总接收数据: 0.00 KB","metadata":{},"service":"ai-project","timestamp":"2026-09-17 13:07:58.672"}
{"level":"info","message":"总发送数据: 0.00 KB","metadata":{},"service":"ai-project","timestamp":"2026-09-17 13:07:58.672"}
{"level":"info","message":"当前连接数: 0","metadata":{},"service":"ai-project","timestamp":"2026-09-17 13:07:58.672"}
{"level":"info","message":"连接池使用率: 0.00%","metadata":{},"service":"ai-project","timestamp":"2026-09-17 13:07:58.672"}
{"level":"info","message":"连接池峰值: 0","metadata":{},"service":"ai-project","timestamp":"2026-09-17 13:07:58.673"}
{"level":"info","message":"总连接数: 0","metadata":{},"service":"ai-project","timestamp":"2026-09-17 13:07:58.673"}
{"level":"info","message":"失败连接数: 0","metadata":{},"service":"ai-project","timestamp":"2026-09-17 13:07:58.673"}
{"level":"info","message":"已关闭连接数: 0","metadata":{},"service":"ai-project","timestamp":"2026-09-17 13:07:58.673"}
{"level":"info","message":"================================================================================","metadata":{},"service":"ai-project","timestamp":"2026-09-17 13:07:58.674"}
{"level":"info","message":"================================================================================","metadata":{},"service":"ai-project","timestamp":"2026-09-17 13:08:58.675"}
{"level":"info","message":"性能监控指标","metadata":{},"service":"ai-project","timestamp":"2026-09-17 13:08:58.676"}
{"level":"info","message":"================================================================================","metadata":{},"service":"ai-project","timestamp":"2026-09-17 13:08:58.676"}
{"level":"info","message":"服务器运行时间: 900 秒","metadata":{},"service":"ai-project","timestamp":"2026-09-17 13:08:58.676"}
{"level":"info","message":"总请求数: 0","metadata":{},"service":"ai-project","timestamp":"2026-09-17 13:08:58.676"}
{"level":"info","message":"成功请求数: 0","metadata":{},"service":"ai-project","timestamp":"2026-09-17 13:08:58.676"}
{"level":"info","message":"失败请求数: 0","metadata":{},"service":"ai-project","timestamp":"2026-09-17 13:08:58.676"}
{"level":"info","message":"请求成功率: 0.00%","metadata":{},"service":"ai-project","timestamp":"2026-09-17 13:08:58.676"}
{"level":"info","message":"平均响应时间: 0.00 ms","metadata":{},"service":"ai-project","timestamp":"2026-09-17 13:08:58.677"}
{"level":"info","message":"总接收数据: 0.00 KB","metadata":{},"service":"ai-project","timestamp":"2026-09-17 13:08:58.677"}
{"level":"info","message":"总发送数据: 0.00 KB","metadata":{},"service":"ai-project","timestamp":"2026-09-17 13:08:58.677"}
{"level":"info","message":"当前连接数: 0","metadata":{},"service":"ai-project","timestamp":"2026-09-17 13:08:58.677"}
{"level":"info","message":"连接池使用率: 0.00%","metadata":{},"service":"ai-project","timestamp":"2026-09-17 13:08:58.677"}
{"level":"info","message":"连接池峰值: 0","metadata":{},"service":"ai-project","timestamp":"2026-09-17 13:08:58.678"}
{"level":"info","message":"总连接数: 0","metadata":{},"service":"ai-project","timestamp":"2026-09-17 13:08:58.678"}
{"level":"info","message":"失败连接数: 0","metadata":{},"service":"ai-project","timestamp":"2026-09-17 13:08:58.678"}
{"level":"info","message":"已关闭连接数: 0","metadata":{},"service":"ai-project","timestamp":"2026-09-17 13:08:58.678"}
{"level":"info","message":"================================================================================","metadata":{},"service":"ai-project","timestamp":"2026-09-17 13:08:58.678"}
{"level":"info","message":"================================================================================","metadata":{},"service":"ai-project","timestamp":"2026-09-17 13:09:58.679"}
{"level":"info","message":"性能监控指标","metadata":{},"service":"ai-project","timestamp":"2026-09-17 13:09:58.680"}
{"level":"info","message":"================================================================================","metadata":{},"service":"ai-project","timestamp":"2026-09-17 13:09:58.680"}
{"level":"info","message":"服务器运行时间: 960 秒","metadata":{},"service":"ai-project","timestamp":"2026-09-17 13:09:58.680"}
{"level":"info","message":"总请求数: 0","metadata":{},"service":"ai-project","timestamp":"2026-09-17 13:09:58.680"}
{"level":"info","message":"成功请求数: 0","metadata":{},"service":"ai-project","timestamp":"2026-09-17 13:09:58.680"}
{"level":"info","message":"失败请求数: 0","metadata":{},"service":"ai-project","timestamp":"2026-09-17 13:09:58.680"}
{"level":"info","message":"请求成功率: 0.00%","metadata":{},"service":"ai-project","timestamp":"2026-09-17 13:09:58.680"}
{"level":"info","message":"平均响应时间: 0.00 ms","metadata":{},"service":"ai-project","timestamp":"2026-09-17 13:09:58.681"}
{"level":"info","message":"总接收数据: 0.00 KB","metadata":{},"service":"ai-project","timestamp":"2026-09-17 13:09:58.681"}
{"level":"info","message":"总发送数据: 0.00 KB","metadata":{},"service":"ai-project","timestamp":"2026-09-17 13:09:58.681"}
{"level":"info","message":"当前连接数: 0","metadata":{},"service":"ai-project","timestamp":"2026-09-17 13:09:58.681"}
{"level":"info","message":"连接池使用率: 0.00%","metadata":{},"service":"ai-project","timestamp":"2026-09-17 13:09:58.681"}
{"level":"info","message":"连接池峰值: 0","metadata":{},"service":"ai-project","timestamp":"2026-09-17 13:09:58.681"}
{"level":"info","message":"总连接数: 0","metadata":{},"service":"ai-project","timestamp":"2026-09-17 13:09:58.681"}
{"level":"info","message":"失败连接数: 0","metadata":{},"service":"ai-project","timestamp":"2026-09-17 13:09:58.682"}
{"level":"info","message":"已关闭连接数: 0","metadata":{},"service":"ai-project","timestamp":"2026-09-17 13:09:58.682"}
{"level":"info","message":"================================================================================","metadata":{},"service":"ai-project","timestamp":"2026-09-17 13:09:58.682"}
{"level":"info","message":"================================================================================","metadata":{},"service":"ai-project","timestamp":"2026-09-17 13:10:58.686"}
{"level":"info","message":"性能监控指标","metadata":{},"service":"ai-project","timestamp":"2026-09-17 13:10:58.686"}
{"level":"info","message":"================================================================================","metadata":{},"service":"ai-project","timestamp":"2026-09-17 13:10:58.686"}
{"level":"info","message":"服务器运行时间: 1020 秒","metadata":{},"service":"ai-project","timestamp":"2026-09-17 13:10:58.687"}
{"level":"info","message":"总请求数: 0","metadata":{},"service":"ai-project","timestamp":"2026-09-17 13:10:58.687"}
{"level":"info","message":"成功请求数: 0","metadata":{},"service":"ai-project","timestamp":"2026-09-17 13:10:58.687"}
{"level":"info","message":"失败请求数: 0","metadata":{},"service":"ai-project","timestamp":"2026-09-17 13:10:58.687"}
{"level":"info","message":"请求成功率: 0.00%","metadata":{},"service":"ai-project","timestamp":"2026-09-17 13:10:58.687"}
{"level":"info","message":"平均响应时间: 0.00 ms","metadata":{},"service":"ai-project","timestamp":"2026-09-17 13:10:58.687"}
{"level":"info","message":"总接收数据: 0.00 KB","metadata":{},"service":"ai-project","timestamp":"2026-09-17 13:10:58.687"}
{"level":"info","message":"总发送数据: 0.00 KB","metadata":{},"service":"ai-project","timestamp":"2026-09-17 13:10:58.688"}
{"level":"info","message":"当前连接数: 0","metadata":{},"service":"ai-project","timestamp":"2026-09-17 13:10:58.688"}
{"level":"info","message":"连接池使用率: 0.00%","metadata":{},"service":"ai-project","timestamp":"2026-09-17 13:10:58.688"}
{"level":"info","message":"连接池峰值: 0","metadata":{},"service":"ai-project","timestamp":"2026-09-17 13:10:58.688"}
{"level":"info","message":"总连接数: 0","metadata":{},"service":"ai-project","timestamp":"2026-09-17 13:10:58.688"}
{"level":"info","message":"失败连接数: 0","metadata":{},"service":"ai-project","timestamp":"2026-09-17 13:10:58.688"}
{"level":"info","message":"已关闭连接数: 0","metadata":{},"service":"ai-project","timestamp":"2026-09-17 13:10:58.688"}
{"level":"info","message":"================================================================================","metadata":{},"service":"ai-project","timestamp":"2026-09-17 13:10:58.689"}
{"level":"info","message":"================================================================================","metadata":{},"service":"ai-project","timestamp":"2026-09-17 13:11:58.697"}
{"level":"info","message":"性能监控指标","metadata":{},"service":"ai-project","timestamp":"2026-09-17 13:11:58.697"}
{"level":"info","message":"================================================================================","metadata":{},"service":"ai-project","timestamp":"2026-09-17 13:11:58.697"}
{"level":"info","message":"服务器运行时间: 1080 秒","metadata":{},"service":"ai-project","timestamp":"2026-09-17 13:11:58.697"}
{"level":"info","message":"总请求数: 0","metadata":{},"service":"ai-project","timestamp":"2026-09-17 13:11:58.697"}
{"level":"info","message":"成功请求数: 0","metadata":{},"service":"ai-project","timestamp":"2026-09-17 13:11:58.697"}
{"level":"info","message":"失败请求数: 0","metadata":{},"service":"ai-project","timestamp":"2026-09-17 13:11:58.698"}
{"level":"info","message":"请求成功率: 0.00%","metadata":{},"service":"ai-project","timestamp":"2026-09-17 13:11:58.698"}
{"level":"info","message":"平均响应时间: 0.00 ms","metadata":{},"service":"ai-project","timestamp":"2026-09-17 13:11:58.698"}
{"level":"info","message":"总接收数据: 0.00 KB","metadata":{},"service":"ai-project","timestamp":"2026-09-17 13:11:58.698"}
{"level":"info","message":"总发送数据: 0.00 KB","metadata":{},"service":"ai-project","timestamp":"2026-09-17 13:11:58.698"}
{"level":"info","message":"当前连接数: 0","metadata":{},"service":"ai-project","timestamp":"2026-09-17 13:11:58.698"}
{"level":"info","message":"连接池使用率: 0.00%","metadata":{},"service":"ai-project","timestamp":"2026-09-17 13:11:58.698"}
{"level":"info","message":"连接池峰值: 0","metadata":{},"service":"ai-project","timestamp":"2026-09-17 13:11:58.698"}
{"level":"info","message":"总连接数: 0","metadata":{},"service":"ai-project","timestamp":"2026-09-17 13:11:58.698"}
{"level":"info","message":"失败连接数: 0","metadata":{},"service":"ai-project","timestamp":"2026-09-17 13:11:58.699"}
{"level":"info","message":"已关闭连接数: 0","metadata":{},"service":"ai-project","timestamp":"2026-09-17 13:11:58.699"}
{"level":"info","message":"================================================================================","metadata":{},"service":"ai-project","timestamp":"2026-09-17 13:11:58.699"}
{"level":"info","message":"================================================================================","metadata":{},"service":"ai-project","timestamp":"2026-09-17 13:12:58.706"}
{"level":"info","message":"性能监控指标","metadata":{},"service":"ai-project","timestamp":"2026-09-17 13:12:58.706"}
{"level":"info","message":"================================================================================","metadata":{},"service":"ai-project","timestamp":"2026-09-17 13:12:58.706"}
{"level":"info","message":"服务器运行时间: 1140 秒","metadata":{},"service":"ai-project","timestamp":"2026-09-17 13:12:58.706"}
{"level":"info","message":"总请求数: 0","metadata":{},"service":"ai-project","timestamp":"2026-09-17 13:12:58.706"}
{"level":"info","message":"成功请求数: 0","metadata":{},"service":"ai-project","timestamp":"2026-09-17 13:12:58.706"}
{"level":"info","message":"失败请求数: 0","metadata":{},"service":"ai-project","timestamp":"2026-09-17 13:12:58.707"}
{"level":"info","message":"请求成功率: 0.00%","metadata":{},"service":"ai-project","timestamp":"2026-09-17 13:12:58.707"}
{"level":"info","message":"平均响应时间: 0.00 ms","metadata":{},"service":"ai-project","timestamp":"2026-09-17 13:12:58.707"}
{"level":"info","message":"总接收数据: 0.00 KB","metadata":{},"service":"ai-project","timestamp":"2026-09-17 13:12:58.707"}
{"level":"info","message":"总发送数据: 0.00 KB","metadata":{},"service":"ai-project","timestamp":"2026-09-17 13:12:58.707"}
{"level":"info","message":"当前连接数: 0","metadata":{},"service":"ai-project","timestamp":"2026-09-17 13:12:58.707"}
{"level":"info","message":"连接池使用率: 0.00%","metadata":{},"service":"ai-project","timestamp":"2026-09-17 13:12:58.707"}
{"level":"info","message":"连接池峰值: 0","metadata":{},"service":"ai-project","timestamp":"2026-09-17 13:12:58.707"}
{"level":"info","message":"总连接数: 0","metadata":{},"service":"ai-project","timestamp":"2026-09-17 13:12:58.708"}
{"level":"info","message":"失败连接数: 0","metadata":{},"service":"ai-project","timestamp":"2026-09-17 13:12:58.708"}
{"level":"info","message":"已关闭连接数: 0","metadata":{},"service":"ai-project","timestamp":"2026-09-17 13:12:58.708"}
{"level":"info","message":"================================================================================","metadata":{},"service":"ai-project","timestamp":"2026-09-17 13:12:58.708"}
{"level":"info","message":"================================================================================","metadata":{},"service":"ai-project","timestamp":"2026-09-17 13:13:58.712"}
{"level":"info","message":"性能监控指标","metadata":{},"service":"ai-project","timestamp":"2026-09-17 13:13:58.713"}
{"level":"info","message":"================================================================================","metadata":{},"service":"ai-project","timestamp":"2026-09-17 13:13:58.713"}
{"level":"info","message":"服务器运行时间: 1200 秒","metadata":{},"service":"ai-project","timestamp":"2026-09-17 13:13:58.713"}
{"level":"info","message":"总请求数: 0","metadata":{},"service":"ai-project","timestamp":"2026-09-17 13:13:58.713"}
{"level":"info","message":"成功请求数: 0","metadata":{},"service":"ai-project","timestamp":"2026-09-17 13:13:58.713"}
{"level":"info","message":"失败请求数: 0","metadata":{},"service":"ai-project","timestamp":"2026-09-17 13:13:58.713"}
{"level":"info","message":"请求成功率: 0.00%","metadata":{},"service":"ai-project","timestamp":"2026-09-17 13:13:58.713"}
{"level":"info","message":"平均响应时间: 0.00 ms","metadata":{},"service":"ai-project","timestamp":"2026-09-17 13:13:58.714"}
{"level":"info","message":"总接收数据: 0.00 KB","metadata":{},"service":"ai-project","timestamp":"2026-09-17 13:13:58.714"}
{"level":"info","message":"总发送数据: 0.00 KB","metadata":{},"service":"ai-project","timestamp":"2026-09-17 13:13:58.714"}
{"level":"info","message":"当前连接数: 0","metadata":{},"service":"ai-project","timestamp":"2026-09-17 13:13:58.714"}
{"level":"info","message":"连接池使用率: 0.00%","metadata":{},"service":"ai-project","timestamp":"2026-09-17 13:13:58.714"}
{"level":"info","message":"连接池峰值: 0","metadata":{},"service":"ai-project","timestamp":"2026-09-17 13:13:58.714"}
{"level":"info","message":"总连接数: 0","metadata":{},"service":"ai-project","timestamp":"2026-09-17 13:13:58.714"}
{"level":"info","message":"失败连接数: 0","metadata":{},"service":"ai-project","timestamp":"2026-09-17 13:13:58.715"}
{"level":"info","message":"已关闭连接数: 0","metadata":{},"service":"ai-project","timestamp":"2026-09-17 13:13:58.715"}
{"level":"info","message":"================================================================================","metadata":{},"service":"ai-project","timestamp":"2026-09-17 13:13:58.715"}
{"level":"info","message":"================================================================================","metadata":{},"service":"ai-project","timestamp":"2026-09-17 13:14:58.714"}
{"level":"info","message":"性能监控指标","metadata":{},"service":"ai-project","timestamp":"2026-09-17 13:14:58.714"}
{"level":"info","message":"================================================================================","metadata":{},"service":"ai-project","timestamp":"2026-09-17 13:14:58.714"}
{"level":"info","message":"服务器运行时间: 1260 秒","metadata":{},"service":"ai-project","timestamp":"2026-09-17 13:14:58.715"}
{"level":"info","message":"总请求数: 0","metadata":{},"service":"ai-project","timestamp":"2026-09-17 13:14:58.715"}
{"level":"info","message":"成功请求数: 0","metadata":{},"service":"ai-project","timestamp":"2026-09-17 13:14:58.715"}
{"level":"info","message":"失败请求数: 0","metadata":{},"service":"ai-project","timestamp":"2026-09-17 13:14:58.715"}
{"level":"info","message":"请求成功率: 0.00%","metadata":{},"service":"ai-project","timestamp":"2026-09-17 13:14:58.715"}
{"level":"info","message":"平均响应时间: 0.00 ms","metadata":{},"service":"ai-project","timestamp":"2026-09-17 13:14:58.715"}
{"level":"info","message":"总接收数据: 0.00 KB","metadata":{},"service":"ai-project","timestamp":"2026-09-17 13:14:58.716"}
{"level":"info","message":"总发送数据: 0.00 KB","metadata":{},"service":"ai-project","timestamp":"2026-09-17 13:14:58.716"}
{"level":"info","message":"当前连接数: 0","metadata":{},"service":"ai-project","timestamp":"2026-09-17 13:14:58.716"}
{"level":"info","message":"连接池使用率: 0.00%","metadata":{},"service":"ai-project","timestamp":"2026-09-17 13:14:58.716"}
{"level":"info","message":"连接池峰值: 0","metadata":{},"service":"ai-project","timestamp":"2026-09-17 13:14:58.716"}
{"level":"info","message":"总连接数: 0","metadata":{},"service":"ai-project","timestamp":"2026-09-17 13:14:58.716"}
{"level":"info","message":"失败连接数: 0","metadata":{},"service":"ai-project","timestamp":"2026-09-17 13:14:58.716"}
{"level":"info","message":"已关闭连接数: 0","metadata":{},"service":"ai-project","timestamp":"2026-09-17 13:14:58.716"}
{"level":"info","message":"================================================================================","metadata":{},"service":"ai-project","timestamp":"2026-09-17 13:14:58.717"}
{"level":"info","message":"================================================================================","metadata":{},"service":"ai-project","timestamp":"2026-09-17 13:15:58.725"}
{"level":"info","message":"性能监控指标","metadata":{},"service":"ai-project","timestamp":"2026-09-17 13:15:58.726"}
{"level":"info","message":"================================================================================","metadata":{},"service":"ai-project","timestamp":"2026-09-17 13:15:58.726"}
{"level":"info","message":"服务器运行时间: 1320 秒","metadata":{},"service":"ai-project","timestamp":"2026-09-17 13:15:58.726"}
{"level":"info","message":"总请求数: 0","metadata":{},"service":"ai-project","timestamp":"2026-09-17 13:15:58.726"}
{"level":"info","message":"成功请求数: 0","metadata":{},"service":"ai-project","timestamp":"2026-09-17 13:15:58.727"}
{"level":"info","message":"失败请求数: 0","metadata":{},"service":"ai-project","timestamp":"2026-09-17 13:15:58.727"}
{"level":"info","message":"请求成功率: 0.00%","metadata":{},"service":"ai-project","timestamp":"2026-09-17 13:15:58.728"}
{"level":"info","message":"平均响应时间: 0.00 ms","metadata":{},"service":"ai-project","timestamp":"2026-09-17 13:15:58.728"}
{"level":"info","message":"总接收数据: 0.00 KB","metadata":{},"service":"ai-project","timestamp":"2026-09-17 13:15:58.728"}
{"level":"info","message":"总发送数据: 0.00 KB","metadata":{},"service":"ai-project","timestamp":"2026-09-17 13:15:58.729"}
{"level":"info","message":"当前连接数: 0","metadata":{},"service":"ai-project","timestamp":"2026-09-17 13:15:58.729"}
{"level":"info","message":"连接池使用率: 0.00%","metadata":{},"service":"ai-project","timestamp":"2026-09-17 13:15:58.730"}
{"level":"info","message":"连接池峰值: 0","metadata":{},"service":"ai-project","timestamp":"2026-09-17 13:15:58.730"}
{"level":"info","message":"总连接数: 0","metadata":{},"service":"ai-project","timestamp":"2026-09-17 13:15:58.730"}
{"level":"info","message":"失败连接数: 0","metadata":{},"service":"ai-project","timestamp":"2026-09-17 13:15:58.730"}
{"level":"info","message":"已关闭连接数: 0","metadata":{},"service":"ai-project","timestamp":"2026-09-17 13:15:58.731"}
{"level":"info","message":"================================================================================","metadata":{},"service":"ai-project","timestamp":"2026-09-17 13:15:58.731"}
{"level":"info","message":"客户端 #1 已连接 - 172.20.10.14:43619","metadata":{"currentConnections":1,"maxConnections":1000},"service":"ai-project","timestamp":"2026-09-17 13:16:02.335"}
{"level":"info","message":"SSE 客户端连接","metadata":{"clientCount":1},"service":"ai-project","timestamp":"2026-09-17 13:16:11.046"}
{"level":"info","message":"数据库连接创建:","metadata":{"threadId":77},"service":"ai-project","timestamp":"2026-09-17 13:16:11.349"}
{"level":"info","message":"SSE 客户端断开连接","metadata":{"clientCount":0},"service":"ai-project","timestamp":"2026-09-17 13:16:25.793"}
{"level":"info","message":"================================================================================","metadata":{},"service":"ai-project","timestamp":"2026-09-17 13:16:58.725"}
{"level":"info","message":"性能监控指标","metadata":{},"service":"ai-project","timestamp":"2026-09-17 13:16:58.726"}
{"level":"info","message":"================================================================================","metadata":{},"service":"ai-project","timestamp":"2026-09-17 13:16:58.726"}
{"level":"info","message":"服务器运行时间: 1380 秒","metadata":{},"service":"ai-project","timestamp":"2026-09-17 13:16:58.726"}
{"level":"info","message":"总请求数: 18","metadata":{},"service":"ai-project","timestamp":"2026-09-17 13:16:58.726"}
{"level":"info","message":"成功请求数: 18","metadata":{},"service":"ai-project","timestamp":"2026-09-17 13:16:58.726"}
{"level":"info","message":"失败请求数: 0","metadata":{},"service":"ai-project","timestamp":"2026-09-17 13:16:58.726"}
{"level":"info","message":"请求成功率: 100.00%","metadata":{},"service":"ai-project","timestamp":"2026-09-17 13:16:58.727"}
{"level":"info","message":"平均响应时间: 8.28 ms","metadata":{},"service":"ai-project","timestamp":"2026-09-17 13:16:58.727"}
{"level":"info","message":"总接收数据: 9.91 KB","metadata":{},"service":"ai-project","timestamp":"2026-09-17 13:16:58.727"}
{"level":"info","message":"总发送数据: 0.67 KB","metadata":{},"service":"ai-project","timestamp":"2026-09-17 13:16:58.727"}
{"level":"info","message":"当前连接数: 1","metadata":{},"service":"ai-project","timestamp":"2026-09-17 13:16:58.727"}
{"level":"info","message":"连接池使用率: 0.10%","metadata":{},"service":"ai-project","timestamp":"2026-09-17 13:16:58.728"}
{"level":"info","message":"连接池峰值: 1","metadata":{},"service":"ai-project","timestamp":"2026-09-17 13:16:58.728"}
{"level":"info","message":"总连接数: 1","metadata":{},"service":"ai-project","timestamp":"2026-09-17 13:16:58.728"}
{"level":"info","message":"失败连接数: 0","metadata":{},"service":"ai-project","timestamp":"2026-09-17 13:16:58.728"}
{"level":"info","message":"已关闭连接数: 0","metadata":{},"service":"ai-project","timestamp":"2026-09-17 13:16:58.728"}
{"level":"info","message":"================================================================================","metadata":{},"service":"ai-project","timestamp":"2026-09-17 13:16:58.728"}
{"level":"error","message":"客户端 #1 (172.20.10.14:43619) 连接错误","metadata":{"errorCode":"ECONNRESET","errorMessage":"read ECONNRESET"},"service":"ai-project","timestamp":"2026-09-17 13:17:18.212"}
{"level":"info","message":"连接被客户端重置","metadata":{"clientId":1,"clientInfo":"172.20.10.14:43619"},"service":"ai-project","timestamp":"2026-09-17 13:17:18.213"}
{"level":"info","message":"当前连接数: 0","metadata":{"clientId":1,"clientInfo":"172.20.10.14:43619"},"service":"ai-project","timestamp":"2026-09-17 13:17:18.213"}
{"level":"warn","message":"客户端 #1 (172.20.10.14:43619) 连接异常关闭","metadata":{"currentConnections":-1},"service":"ai-project","timestamp":"2026-09-17 13:17:18.214"}
{"level":"info","message":"================================================================================","metadata":{},"service":"ai-project","timestamp":"2026-09-17 13:17:58.727"}
{"level":"info","message":"性能监控指标","metadata":{},"service":"ai-project","timestamp":"2026-09-17 13:17:58.728"}
{"level":"info","message":"================================================================================","metadata":{},"service":"ai-project","timestamp":"2026-09-17 13:17:58.728"}
{"level":"info","message":"服务器运行时间: 1440 秒","metadata":{},"service":"ai-project","timestamp":"2026-09-17 13:17:58.728"}
{"level":"info","message":"总请求数: 18","metadata":{},"service":"ai-project","timestamp":"2026-09-17 13:17:58.728"}
{"level":"info","message":"成功请求数: 18","metadata":{},"service":"ai-project","timestamp":"2026-09-17 13:17:58.728"}
{"level":"info","message":"失败请求数: 0","metadata":{},"service":"ai-project","timestamp":"2026-09-17 13:17:58.728"}
{"level":"info","message":"请求成功率: 100.00%","metadata":{},"service":"ai-project","timestamp":"2026-09-17 13:17:58.729"}
{"level":"info","message":"平均响应时间: 8.28 ms","metadata":{},"service":"ai-project","timestamp":"2026-09-17 13:17:58.729"}
{"level":"info","message":"总接收数据: 9.91 KB","metadata":{},"service":"ai-project","timestamp":"2026-09-17 13:17:58.729"}
{"level":"info","message":"总发送数据: 0.67 KB","metadata":{},"service":"ai-project","timestamp":"2026-09-17 13:17:58.729"}
{"level":"info","message":"当前连接数: 0","metadata":{},"service":"ai-project","timestamp":"2026-09-17 13:17:58.729"}
{"level":"info","message":"连接池使用率: 0.00%","metadata":{},"service":"ai-project","timestamp":"2026-09-17 13:17:58.729"}
{"level":"info","message":"连接池峰值: 1","metadata":{},"service":"ai-project","timestamp":"2026-09-17 13:17:58.730"}
{"level":"info","message":"总连接数: 1","metadata":{},"service":"ai-project","timestamp":"2026-09-17 13:17:58.730"}
{"level":"info","message":"失败连接数: 0","metadata":{},"service":"ai-project","timestamp":"2026-09-17 13:17:58.730"}
{"level":"info","message":"已关闭连接数: 1","metadata":{},"service":"ai-project","timestamp":"2026-09-17 13:17:58.730"}
{"level":"info","message":"================================================================================","metadata":{},"service":"ai-project","timestamp":"2026-09-17 13:17:58.730"}
{"level":"info","message":"================================================================================","metadata":{},"service":"ai-project","timestamp":"2026-09-17 13:18:58.738"}
{"level":"info","message":"性能监控指标","metadata":{},"service":"ai-project","timestamp":"2026-09-17 13:18:58.738"}
{"level":"info","message":"================================================================================","metadata":{},"service":"ai-project","timestamp":"2026-09-17 13:18:58.738"}
{"level":"info","message":"服务器运行时间: 1500 秒","metadata":{},"service":"ai-project","timestamp":"2026-09-17 13:18:58.739"}
{"level":"info","message":"总请求数: 18","metadata":{},"service":"ai-project","timestamp":"2026-09-17 13:18:58.739"}
{"level":"info","message":"成功请求数: 18","metadata":{},"service":"ai-project","timestamp":"2026-09-17 13:18:58.739"}
{"level":"info","message":"失败请求数: 0","metadata":{},"service":"ai-project","timestamp":"2026-09-17 13:18:58.739"}
{"level":"info","message":"请求成功率: 100.00%","metadata":{},"service":"ai-project","timestamp":"2026-09-17 13:18:58.739"}
{"level":"info","message":"平均响应时间: 8.28 ms","metadata":{},"service":"ai-project","timestamp":"2026-09-17 13:18:58.739"}
{"level":"info","message":"总接收数据: 9.91 KB","metadata":{},"service":"ai-project","timestamp":"2026-09-17 13:18:58.739"}
{"level":"info","message":"总发送数据: 0.67 KB","metadata":{},"service":"ai-project","timestamp":"2026-09-17 13:18:58.740"}
{"level":"info","message":"当前连接数: 0","metadata":{},"service":"ai-project","timestamp":"2026-09-17 13:18:58.740"}
{"level":"info","message":"连接池使用率: 0.00%","metadata":{},"service":"ai-project","timestamp":"2026-09-17 13:18:58.740"}
{"level":"info","message":"连接池峰值: 1","metadata":{},"service":"ai-project","timestamp":"2026-09-17 13:18:58.740"}
{"level":"info","message":"总连接数: 1","metadata":{},"service":"ai-project","timestamp":"2026-09-17 13:18:58.740"}
{"level":"info","message":"失败连接数: 0","metadata":{},"service":"ai-project","timestamp":"2026-09-17 13:18:58.740"}
{"level":"info","message":"已关闭连接数: 1","metadata":{},"service":"ai-project","timestamp":"2026-09-17 13:18:58.740"}
{"level":"info","message":"================================================================================","metadata":{},"service":"ai-project","timestamp":"2026-09-17 13:18:58.741"}
{"level":"info","message":"================================================================================","metadata":{},"service":"ai-project","timestamp":"2026-09-17 13:19:58.745"}
{"level":"info","message":"性能监控指标","metadata":{},"service":"ai-project","timestamp":"2026-09-17 13:19:58.746"}
{"level":"info","message":"================================================================================","metadata":{},"service":"ai-project","timestamp":"2026-09-17 13:19:58.746"}
{"level":"info","message":"服务器运行时间: 1560 秒","metadata":{},"service":"ai-project","timestamp":"2026-09-17 13:19:58.747"}
{"level":"info","message":"总请求数: 18","metadata":{},"service":"ai-project","timestamp":"2026-09-17 13:19:58.747"}
{"level":"info","message":"成功请求数: 18","metadata":{},"service":"ai-project","timestamp":"2026-09-17 13:19:58.747"}
{"level":"info","message":"失败请求数: 0","metadata":{},"service":"ai-project","timestamp":"2026-09-17 13:19:58.747"}
{"level":"info","message":"请求成功率: 100.00%","metadata":{},"service":"ai-project","timestamp":"2026-09-17 13:19:58.747"}
{"level":"info","message":"平均响应时间: 8.28 ms","metadata":{},"service":"ai-project","timestamp":"2026-09-17 13:19:58.747"}
{"level":"info","message":"总接收数据: 9.91 KB","metadata":{},"service":"ai-project","timestamp":"2026-09-17 13:19:58.747"}
{"level":"info","message":"总发送数据: 0.67 KB","metadata":{},"service":"ai-project","timestamp":"2026-09-17 13:19:58.747"}
{"level":"info","message":"当前连接数: 0","metadata":{},"service":"ai-project","timestamp":"2026-09-17 13:19:58.747"}
{"level":"info","message":"连接池使用率: 0.00%","metadata":{},"service":"ai-project","timestamp":"2026-09-17 13:19:58.748"}
{"level":"info","message":"连接池峰值: 1","metadata":{},"service":"ai-project","timestamp":"2026-09-17 13:19:58.748"}
{"level":"info","message":"总连接数: 1","metadata":{},"service":"ai-project","timestamp":"2026-09-17 13:19:58.748"}
{"level":"info","message":"失败连接数: 0","metadata":{},"service":"ai-project","timestamp":"2026-09-17 13:19:58.748"}
{"level":"info","message":"已关闭连接数: 1","metadata":{},"service":"ai-project","timestamp":"2026-09-17 13:19:58.748"}
{"level":"info","message":"================================================================================","metadata":{},"service":"ai-project","timestamp":"2026-09-17 13:19:58.748"}
{"level":"info","message":"SSE 客户端连接","metadata":{"clientCount":1},"service":"ai-project","timestamp":"2026-09-17 13:20:17.963"}
{"level":"info","message":"================================================================================","metadata":{},"service":"ai-project","timestamp":"2026-09-17 13:20:58.756"}
{"level":"info","message":"性能监控指标","metadata":{},"service":"ai-project","timestamp":"2026-09-17 13:20:58.756"}
{"level":"info","message":"================================================================================","metadata":{},"service":"ai-project","timestamp":"2026-09-17 13:20:58.756"}
{"level":"info","message":"服务器运行时间: 1620 秒","metadata":{},"service":"ai-project","timestamp":"2026-09-17 13:20:58.756"}
{"level":"info","message":"总请求数: 18","metadata":{},"service":"ai-project","timestamp":"2026-09-17 13:20:58.757"}
{"level":"info","message":"成功请求数: 18","metadata":{},"service":"ai-project","timestamp":"2026-09-17 13:20:58.757"}
{"level":"info","message":"失败请求数: 0","metadata":{},"service":"ai-project","timestamp":"2026-09-17 13:20:58.757"}
{"level":"info","message":"请求成功率: 100.00%","metadata":{},"service":"ai-project","timestamp":"2026-09-17 13:20:58.757"}
{"level":"info","message":"平均响应时间: 8.28 ms","metadata":{},"service":"ai-project","timestamp":"2026-09-17 13:20:58.757"}
{"level":"info","message":"总接收数据: 9.91 KB","metadata":{},"service":"ai-project","timestamp":"2026-09-17 13:20:58.757"}
{"level":"info","message":"总发送数据: 0.67 KB","metadata":{},"service":"ai-project","timestamp":"2026-09-17 13:20:58.758"}
{"level":"info","message":"当前连接数: 0","metadata":{},"service":"ai-project","timestamp":"2026-09-17 13:20:58.758"}
{"level":"info","message":"连接池使用率: 0.00%","metadata":{},"service":"ai-project","timestamp":"2026-09-17 13:20:58.758"}
{"level":"info","message":"连接池峰值: 1","metadata":{},"service":"ai-project","timestamp":"2026-09-17 13:20:58.758"}
{"level":"info","message":"总连接数: 1","metadata":{},"service":"ai-project","timestamp":"2026-09-17 13:20:58.758"}
{"level":"info","message":"失败连接数: 0","metadata":{},"service":"ai-project","timestamp":"2026-09-17 13:20:58.759"}
{"level":"info","message":"已关闭连接数: 1","metadata":{},"service":"ai-project","timestamp":"2026-09-17 13:20:58.759"}
{"level":"info","message":"================================================================================","metadata":{},"service":"ai-project","timestamp":"2026-09-17 13:20:58.759"}
{"level":"info","message":"================================================================================","metadata":{},"service":"ai-project","timestamp":"2026-09-17 13:21:58.759"}
{"level":"info","message":"性能监控指标","metadata":{},"service":"ai-project","timestamp":"2026-09-17 13:21:58.760"}
{"level":"info","message":"================================================================================","metadata":{},"service":"ai-project","timestamp":"2026-09-17 13:21:58.760"}
{"level":"info","message":"服务器运行时间: 1680 秒","metadata":{},"service":"ai-project","timestamp":"2026-09-17 13:21:58.761"}
{"level":"info","message":"总请求数: 18","metadata":{},"service":"ai-project","timestamp":"2026-09-17 13:21:58.761"}
{"level":"info","message":"成功请求数: 18","metadata":{},"service":"ai-project","timestamp":"2026-09-17 13:21:58.761"}
{"level":"info","message":"失败请求数: 0","metadata":{},"service":"ai-project","timestamp":"2026-09-17 13:21:58.761"}
{"level":"info","message":"请求成功率: 100.00%","metadata":{},"service":"ai-project","timestamp":"2026-09-17 13:21:58.761"}
{"level":"info","message":"平均响应时间: 8.28 ms","metadata":{},"service":"ai-project","timestamp":"2026-09-17 13:21:58.761"}
{"level":"info","message":"总接收数据: 9.91 KB","metadata":{},"service":"ai-project","timestamp":"2026-09-17 13:21:58.762"}
{"level":"info","message":"总发送数据: 0.67 KB","metadata":{},"service":"ai-project","timestamp":"2026-09-17 13:21:58.762"}
{"level":"info","message":"当前连接数: 0","metadata":{},"service":"ai-project","timestamp":"2026-09-17 13:21:58.762"}
{"level":"info","message":"连接池使用率: 0.00%","metadata":{},"service":"ai-project","timestamp":"2026-09-17 13:21:58.762"}
{"level":"info","message":"连接池峰值: 1","metadata":{},"service":"ai-project","timestamp":"2026-09-17 13:21:58.762"}
{"level":"info","message":"总连接数: 1","metadata":{},"service":"ai-project","timestamp":"2026-09-17 13:21:58.763"}
{"level":"info","message":"失败连接数: 0","metadata":{},"service":"ai-project","timestamp":"2026-09-17 13:21:58.763"}
{"level":"info","message":"已关闭连接数: 1","metadata":{},"service":"ai-project","timestamp":"2026-09-17 13:21:58.763"}
{"level":"info","message":"================================================================================","metadata":{},"service":"ai-project","timestamp":"2026-09-17 13:21:58.763"}
{"level":"info","message":"SSE 客户端连接","metadata":{"clientCount":2},"service":"ai-project","timestamp":"2026-09-17 13:22:19.093"}
{"level":"info","message":"SSE 客户端断开连接","metadata":{"clientCount":1},"service":"ai-project","timestamp":"2026-09-17 13:22:22.350"}
{"level":"info","message":"SSE 客户端连接","metadata":{"clientCount":2},"service":"ai-project","timestamp":"2026-09-17 13:22:22.538"}
{"level":"info","message":"SSE 客户端断开连接","metadata":{"clientCount":1},"service":"ai-project","timestamp":"2026-09-17 13:22:25.123"}
{"level":"info","message":"================================================================================","metadata":{},"service":"ai-project","timestamp":"2026-09-17 13:22:58.774"}
{"level":"info","message":"性能监控指标","metadata":{},"service":"ai-project","timestamp":"2026-09-17 13:22:58.774"}
{"level":"info","message":"================================================================================","metadata":{},"service":"ai-project","timestamp":"2026-09-17 13:22:58.774"}
{"level":"info","message":"服务器运行时间: 1740 秒","metadata":{},"service":"ai-project","timestamp":"2026-09-17 13:22:58.775"}
{"level":"info","message":"总请求数: 18","metadata":{},"service":"ai-project","timestamp":"2026-09-17 13:22:58.775"}
{"level":"info","message":"成功请求数: 18","metadata":{},"service":"ai-project","timestamp":"2026-09-17 13:22:58.775"}
{"level":"info","message":"失败请求数: 0","metadata":{},"service":"ai-project","timestamp":"2026-09-17 13:22:58.775"}
{"level":"info","message":"请求成功率: 100.00%","metadata":{},"service":"ai-project","timestamp":"2026-09-17 13:22:58.776"}
{"level":"info","message":"平均响应时间: 8.28 ms","metadata":{},"service":"ai-project","timestamp":"2026-09-17 13:22:58.776"}
{"level":"info","message":"总接收数据: 9.91 KB","metadata":{},"service":"ai-project","timestamp":"2026-09-17 13:22:58.776"}
{"level":"info","message":"总发送数据: 0.67 KB","metadata":{},"service":"ai-project","timestamp":"2026-09-17 13:22:58.776"}
{"level":"info","message":"当前连接数: 0","metadata":{},"service":"ai-project","timestamp":"2026-09-17 13:22:58.776"}
{"level":"info","message":"连接池使用率: 0.00%","metadata":{},"service":"ai-project","timestamp":"2026-09-17 13:22:58.776"}
{"level":"info","message":"连接池峰值: 1","metadata":{},"service":"ai-project","timestamp":"2026-09-17 13:22:58.776"}
{"level":"info","message":"总连接数: 1","metadata":{},"service":"ai-project","timestamp":"2026-09-17 13:22:58.777"}
{"level":"info","message":"失败连接数: 0","metadata":{},"service":"ai-project","timestamp":"2026-09-17 13:22:58.777"}
{"level":"info","message":"已关闭连接数: 1","metadata":{},"service":"ai-project","timestamp":"2026-09-17 13:22:58.777"}
{"level":"info","message":"================================================================================","metadata":{},"service":"ai-project","timestamp":"2026-09-17 13:22:58.777"}
{"level":"info","message":"================================================================================","metadata":{},"service":"ai-project","timestamp":"2026-09-17 13:23:58.779"}
{"level":"info","message":"性能监控指标","metadata":{},"service":"ai-project","timestamp":"2026-09-17 13:23:58.780"}
{"level":"info","message":"================================================================================","metadata":{},"service":"ai-project","timestamp":"2026-09-17 13:23:58.780"}
{"level":"info","message":"服务器运行时间: 1800 秒","metadata":{},"service":"ai-project","timestamp":"2026-09-17 13:23:58.780"}
{"level":"info","message":"总请求数: 18","metadata":{},"service":"ai-project","timestamp":"2026-09-17 13:23:58.780"}
{"level":"info","message":"成功请求数: 18","metadata":{},"service":"ai-project","timestamp":"2026-09-17 13:23:58.780"}
{"level":"info","message":"失败请求数: 0","metadata":{},"service":"ai-project","timestamp":"2026-09-17 13:23:58.781"}
{"level":"info","message":"请求成功率: 100.00%","metadata":{},"service":"ai-project","timestamp":"2026-09-17 13:23:58.781"}
{"level":"info","message":"平均响应时间: 8.28 ms","metadata":{},"service":"ai-project","timestamp":"2026-09-17 13:23:58.781"}
{"level":"info","message":"总接收数据: 9.91 KB","metadata":{},"service":"ai-project","timestamp":"2026-09-17 13:23:58.781"}
{"level":"info","message":"总发送数据: 0.67 KB","metadata":{},"service":"ai-project","timestamp":"2026-09-17 13:23:58.781"}
{"level":"info","message":"当前连接数: 0","metadata":{},"service":"ai-project","timestamp":"2026-09-17 13:23:58.781"}
{"level":"info","message":"连接池使用率: 0.00%","metadata":{},"service":"ai-project","timestamp":"2026-09-17 13:23:58.781"}
{"level":"info","message":"连接池峰值: 1","metadata":{},"service":"ai-project","timestamp":"2026-09-17 13:23:58.782"}
{"level":"info","message":"总连接数: 1","metadata":{},"service":"ai-project","timestamp":"2026-09-17 13:23:58.782"}
{"level":"info","message":"失败连接数: 0","metadata":{},"service":"ai-project","timestamp":"2026-09-17 13:23:58.782"}
{"level":"info","message":"已关闭连接数: 1","metadata":{},"service":"ai-project","timestamp":"2026-09-17 13:23:58.782"}
{"level":"info","message":"================================================================================","metadata":{},"service":"ai-project","timestamp":"2026-09-17 13:23:58.782"}
{"level":"info","message":"数据库连接创建:","metadata":{"threadId":78},"service":"ai-project","timestamp":"2026-09-17 13:24:37.977"}
{"level":"info","message":"================================================================================","metadata":{},"service":"ai-project","timestamp":"2026-09-17 13:24:58.780"}
{"level":"info","message":"性能监控指标","metadata":{},"service":"ai-project","timestamp":"2026-09-17 13:24:58.781"}
{"level":"info","message":"================================================================================","metadata":{},"service":"ai-project","timestamp":"2026-09-17 13:24:58.781"}
{"level":"info","message":"服务器运行时间: 1860 秒","metadata":{},"service":"ai-project","timestamp":"2026-09-17 13:24:58.781"}
{"level":"info","message":"总请求数: 18","metadata":{},"service":"ai-project","timestamp":"2026-09-17 13:24:58.781"}
{"level":"info","message":"成功请求数: 18","metadata":{},"service":"ai-project","timestamp":"2026-09-17 13:24:58.781"}
{"level":"info","message":"失败请求数: 0","metadata":{},"service":"ai-project","timestamp":"2026-09-17 13:24:58.782"}
{"level":"info","message":"请求成功率: 100.00%","metadata":{},"service":"ai-project","timestamp":"2026-09-17 13:24:58.782"}
{"level":"info","message":"平均响应时间: 8.28 ms","metadata":{},"service":"ai-project","timestamp":"2026-09-17 13:24:58.782"}
{"level":"info","message":"总接收数据: 9.91 KB","metadata":{},"service":"ai-project","timestamp":"2026-09-17 13:24:58.782"}
{"level":"info","message":"总发送数据: 0.67 KB","metadata":{},"service":"ai-project","timestamp":"2026-09-17 13:24:58.782"}
{"level":"info","message":"当前连接数: 0","metadata":{},"service":"ai-project","timestamp":"2026-09-17 13:24:58.782"}
{"level":"info","message":"连接池使用率: 0.00%","metadata":{},"service":"ai-project","timestamp":"2026-09-17 13:24:58.782"}
{"level":"info","message":"连接池峰值: 1","metadata":{},"service":"ai-project","timestamp":"2026-09-17 13:24:58.783"}
{"level":"info","message":"总连接数: 1","metadata":{},"service":"ai-project","timestamp":"2026-09-17 13:24:58.783"}
{"level":"info","message":"失败连接数: 0","metadata":{},"service":"ai-project","timestamp":"2026-09-17 13:24:58.783"}
{"level":"info","message":"已关闭连接数: 1","metadata":{},"service":"ai-project","timestamp":"2026-09-17 13:24:58.783"}
{"level":"info","message":"================================================================================","metadata":{},"service":"ai-project","timestamp":"2026-09-17 13:24:58.784"}
{"level":"info","message":"================================================================================","metadata":{},"service":"ai-project","timestamp":"2026-09-17 13:25:58.795"}
{"level":"info","message":"性能监控指标","metadata":{},"service":"ai-project","timestamp":"2026-09-17 13:25:58.795"}
{"level":"info","message":"================================================================================","metadata":{},"service":"ai-project","timestamp":"2026-09-17 13:25:58.795"}
{"level":"info","message":"服务器运行时间: 1920 秒","metadata":{},"service":"ai-project","timestamp":"2026-09-17 13:25:58.795"}
{"level":"info","message":"总请求数: 18","metadata":{},"service":"ai-project","timestamp":"2026-09-17 13:25:58.796"}
{"level":"info","message":"成功请求数: 18","metadata":{},"service":"ai-project","timestamp":"2026-09-17 13:25:58.796"}
{"level":"info","message":"失败请求数: 0","metadata":{},"service":"ai-project","timestamp":"2026-09-17 13:25:58.796"}
{"level":"info","message":"请求成功率: 100.00%","metadata":{},"service":"ai-project","timestamp":"2026-09-17 13:25:58.796"}
{"level":"info","message":"平均响应时间: 8.28 ms","metadata":{},"service":"ai-project","timestamp":"2026-09-17 13:25:58.796"}
{"level":"info","message":"总接收数据: 9.91 KB","metadata":{},"service":"ai-project","timestamp":"2026-09-17 13:25:58.796"}
{"level":"info","message":"总发送数据: 0.67 KB","metadata":{},"service":"ai-project","timestamp":"2026-09-17 13:25:58.796"}
{"level":"info","message":"当前连接数: 0","metadata":{},"service":"ai-project","timestamp":"2026-09-17 13:25:58.797"}
{"level":"info","message":"连接池使用率: 0.00%","metadata":{},"service":"ai-project","timestamp":"2026-09-17 13:25:58.797"}
{"level":"info","message":"连接池峰值: 1","metadata":{},"service":"ai-project","timestamp":"2026-09-17 13:25:58.797"}
{"level":"info","message":"总连接数: 1","metadata":{},"service":"ai-project","timestamp":"2026-09-17 13:25:58.797"}
{"level":"info","message":"失败连接数: 0","metadata":{},"service":"ai-project","timestamp":"2026-09-17 13:25:58.797"}
{"level":"info","message":"已关闭连接数: 1","metadata":{},"service":"ai-project","timestamp":"2026-09-17 13:25:58.797"}
{"level":"info","message":"================================================================================","metadata":{},"service":"ai-project","timestamp":"2026-09-17 13:25:58.797"}
{"level":"info","message":"客户端 #2 已连接 - 172.20.10.14:34467","metadata":{"currentConnections":1,"maxConnections":1000},"service":"ai-project","timestamp":"2026-09-17 13:26:52.403"}
{"level":"info","message":"================================================================================","metadata":{},"service":"ai-project","timestamp":"2026-09-17 13:26:58.805"}
{"level":"info","message":"性能监控指标","metadata":{},"service":"ai-project","timestamp":"2026-09-17 13:26:58.806"}
{"level":"info","message":"================================================================================","metadata":{},"service":"ai-project","timestamp":"2026-09-17 13:26:58.806"}
{"level":"info","message":"服务器运行时间: 1980 秒","metadata":{},"service":"ai-project","timestamp":"2026-09-17 13:26:58.806"}
{"level":"info","message":"总请求数: 19","metadata":{},"service":"ai-project","timestamp":"2026-09-17 13:26:58.806"}
{"level":"info","message":"成功请求数: 19","metadata":{},"service":"ai-project","timestamp":"2026-09-17 13:26:58.806"}
{"level":"info","message":"失败请求数: 0","metadata":{},"service":"ai-project","timestamp":"2026-09-17 13:26:58.806"}
{"level":"info","message":"请求成功率: 100.00%","metadata":{},"service":"ai-project","timestamp":"2026-09-17 13:26:58.807"}
{"level":"info","message":"平均响应时间: 8.11 ms","metadata":{},"service":"ai-project","timestamp":"2026-09-17 13:26:58.807"}
{"level":"info","message":"总接收数据: 10.46 KB","metadata":{},"service":"ai-project","timestamp":"2026-09-17 13:26:58.807"}
{"level":"info","message":"总发送数据: 0.71 KB","metadata":{},"service":"ai-project","timestamp":"2026-09-17 13:26:58.807"}
{"level":"info","message":"当前连接数: 1","metadata":{},"service":"ai-project","timestamp":"2026-09-17 13:26:58.807"}
{"level":"info","message":"连接池使用率: 0.10%","metadata":{},"service":"ai-project","timestamp":"2026-09-17 13:26:58.807"}
{"level":"info","message":"连接池峰值: 1","metadata":{},"service":"ai-project","timestamp":"2026-09-17 13:26:58.807"}
{"level":"info","message":"总连接数: 2","metadata":{},"service":"ai-project","timestamp":"2026-09-17 13:26:58.808"}
{"level":"info","message":"失败连接数: 0","metadata":{},"service":"ai-project","timestamp":"2026-09-17 13:26:58.808"}
{"level":"info","message":"已关闭连接数: 1","metadata":{},"service":"ai-project","timestamp":"2026-09-17 13:26:58.808"}
{"level":"info","message":"================================================================================","metadata":{},"service":"ai-project","timestamp":"2026-09-17 13:26:58.808"}
{"level":"info","message":"================================================================================","metadata":{},"service":"ai-project","timestamp":"2026-09-17 13:27:58.815"}
{"level":"info","message":"性能监控指标","metadata":{},"service":"ai-project","timestamp":"2026-09-17 13:27:58.816"}
{"level":"info","message":"================================================================================","metadata":{},"service":"ai-project","timestamp":"2026-09-17 13:27:58.816"}
{"level":"info","message":"服务器运行时间: 2040 秒","metadata":{},"service":"ai-project","timestamp":"2026-09-17 13:27:58.816"}
{"level":"info","message":"总请求数: 59","metadata":{},"service":"ai-project","timestamp":"2026-09-17 13:27:58.816"}
{"level":"info","message":"成功请求数: 59","metadata":{},"service":"ai-project","timestamp":"2026-09-17 13:27:58.816"}
{"level":"info","message":"失败请求数: 0","metadata":{},"service":"ai-project","timestamp":"2026-09-17 13:27:58.816"}
{"level":"info","message":"请求成功率: 100.00%","metadata":{},"service":"ai-project","timestamp":"2026-09-17 13:27:58.817"}
{"level":"info","message":"平均响应时间: 9.78 ms","metadata":{},"service":"ai-project","timestamp":"2026-09-17 13:27:58.817"}
{"level":"info","message":"总接收数据: 32.50 KB","metadata":{},"service":"ai-project","timestamp":"2026-09-17 13:27:58.817"}
{"level":"info","message":"总发送数据: 2.19 KB","metadata":{},"service":"ai-project","timestamp":"2026-09-17 13:27:58.817"}
{"level":"info","message":"当前连接数: 1","metadata":{},"service":"ai-project","timestamp":"2026-09-17 13:27:58.817"}
{"level":"info","message":"连接池使用率: 0.10%","metadata":{},"service":"ai-project","timestamp":"2026-09-17 13:27:58.817"}
{"level":"info","message":"连接池峰值: 1","metadata":{},"service":"ai-project","timestamp":"2026-09-17 13:27:58.818"}
{"level":"info","message":"总连接数: 2","metadata":{},"service":"ai-project","timestamp":"2026-09-17 13:27:58.818"}
{"level":"info","message":"失败连接数: 0","metadata":{},"service":"ai-project","timestamp":"2026-09-17 13:27:58.818"}
{"level":"info","message":"已关闭连接数: 1","metadata":{},"service":"ai-project","timestamp":"2026-09-17 13:27:58.818"}
{"level":"info","message":"================================================================================","metadata":{},"service":"ai-project","timestamp":"2026-09-17 13:27:58.818"}
{"level":"warn","message":"客户端 #2 心跳超时，断开连接","metadata":{"clientInfo":"172.20.10.14:34467","timeSinceLastReceived":119726},"service":"ai-project","timestamp":"2026-09-17 13:28:58.817"}
{"level":"info","message":"================================================================================","metadata":{},"service":"ai-project","timestamp":"2026-09-17 13:28:58.817"}
{"level":"info","message":"性能监控指标","metadata":{},"service":"ai-project","timestamp":"2026-09-17 13:28:58.817"}
{"level":"info","message":"================================================================================","metadata":{},"service":"ai-project","timestamp":"2026-09-17 13:28:58.818"}
{"level":"info","message":"服务器运行时间: 2100 秒","metadata":{},"service":"ai-project","timestamp":"2026-09-17 13:28:58.818"}
{"level":"info","message":"总请求数: 99","metadata":{},"service":"ai-project","timestamp":"2026-09-17 13:28:58.818"}
{"level":"info","message":"成功请求数: 99","metadata":{},"service":"ai-project","timestamp":"2026-09-17 13:28:58.818"}
{"level":"info","message":"失败请求数: 0","metadata":{},"service":"ai-project","timestamp":"2026-09-17 13:28:58.818"}
{"level":"info","message":"请求成功率: 100.00%","metadata":{},"service":"ai-project","timestamp":"2026-09-17 13:28:58.818"}
{"level":"info","message":"平均响应时间: 10.71 ms","metadata":{},"service":"ai-project","timestamp":"2026-09-17 13:28:58.818"}
{"level":"info","message":"总接收数据: 54.53 KB","metadata":{},"service":"ai-project","timestamp":"2026-09-17 13:28:58.819"}
{"level":"info","message":"总发送数据: 3.67 KB","metadata":{},"service":"ai-project","timestamp":"2026-09-17 13:28:58.819"}
{"level":"info","message":"当前连接数: 1","metadata":{},"service":"ai-project","timestamp":"2026-09-17 13:28:58.819"}
{"level":"info","message":"连接池使用率: 0.10%","metadata":{},"service":"ai-project","timestamp":"2026-09-17 13:28:58.819"}
{"level":"info","message":"连接池峰值: 1","metadata":{},"service":"ai-project","timestamp":"2026-09-17 13:28:58.819"}
{"level":"info","message":"总连接数: 2","metadata":{},"service":"ai-project","timestamp":"2026-09-17 13:28:58.819"}
{"level":"info","message":"失败连接数: 0","metadata":{},"service":"ai-project","timestamp":"2026-09-17 13:28:58.819"}
{"level":"info","message":"已关闭连接数: 1","metadata":{},"service":"ai-project","timestamp":"2026-09-17 13:28:58.819"}
{"level":"info","message":"================================================================================","metadata":{},"service":"ai-project","timestamp":"2026-09-17 13:28:58.820"}
{"level":"info","message":"客户端 #2 (172.20.10.14:34467) 主动断开连接","metadata":{"currentConnections":0},"service":"ai-project","timestamp":"2026-09-17 13:28:58.936"}
{"level":"info","message":"客户端 #2 (172.20.10.14:34467) 连接正常关闭","metadata":{"currentConnections":-1},"service":"ai-project","timestamp":"2026-09-17 13:28:58.937"}
{"level":"info","message":"客户端 #3 已连接 - 172.20.10.14:43701","metadata":{"currentConnections":1,"maxConnections":1000},"service":"ai-project","timestamp":"2026-09-17 13:28:58.980"}
{"level":"info","message":"================================================================================","metadata":{},"service":"ai-project","timestamp":"2026-09-17 13:29:58.822"}
{"level":"info","message":"性能监控指标","metadata":{},"service":"ai-project","timestamp":"2026-09-17 13:29:58.823"}
{"level":"info","message":"================================================================================","metadata":{},"service":"ai-project","timestamp":"2026-09-17 13:29:58.823"}
{"level":"info","message":"服务器运行时间: 2160 秒","metadata":{},"service":"ai-project","timestamp":"2026-09-17 13:29:58.823"}
{"level":"info","message":"总请求数: 139","metadata":{},"service":"ai-project","timestamp":"2026-09-17 13:29:58.824"}
{"level":"info","message":"成功请求数: 139","metadata":{},"service":"ai-project","timestamp":"2026-09-17 13:29:58.824"}
{"level":"info","message":"失败请求数: 0","metadata":{},"service":"ai-project","timestamp":"2026-09-17 13:29:58.824"}
{"level":"info","message":"请求成功率: 100.00%","metadata":{},"service":"ai-project","timestamp":"2026-09-17 13:29:58.824"}
{"level":"info","message":"平均响应时间: 11.78 ms","metadata":{},"service":"ai-project","timestamp":"2026-09-17 13:29:58.824"}
{"level":"info","message":"总接收数据: 76.56 KB","metadata":{},"service":"ai-project","timestamp":"2026-09-17 13:29:58.824"}
{"level":"info","message":"总发送数据: 5.16 KB","metadata":{},"service":"ai-project","timestamp":"2026-09-17 13:29:58.824"}
{"level":"info","message":"当前连接数: 1","metadata":{},"service":"ai-project","timestamp":"2026-09-17 13:29:58.824"}
{"level":"info","message":"连接池使用率: 0.10%","metadata":{},"service":"ai-project","timestamp":"2026-09-17 13:29:58.825"}
{"level":"info","message":"连接池峰值: 1","metadata":{},"service":"ai-project","timestamp":"2026-09-17 13:29:58.825"}
{"level":"info","message":"总连接数: 3","metadata":{},"service":"ai-project","timestamp":"2026-09-17 13:29:58.825"}
{"level":"info","message":"失败连接数: 0","metadata":{},"service":"ai-project","timestamp":"2026-09-17 13:29:58.825"}
{"level":"info","message":"已关闭连接数: 2","metadata":{},"service":"ai-project","timestamp":"2026-09-17 13:29:58.825"}
{"level":"info","message":"================================================================================","metadata":{},"service":"ai-project","timestamp":"2026-09-17 13:29:58.825"}
{"level":"warn","message":"客户端 #3 心跳超时，断开连接","metadata":{"clientInfo":"172.20.10.14:43701","timeSinceLastReceived":119709},"service":"ai-project","timestamp":"2026-09-17 13:30:58.836"}
{"level":"info","message":"================================================================================","metadata":{},"service":"ai-project","timestamp":"2026-09-17 13:30:58.837"}
{"level":"info","message":"性能监控指标","metadata":{},"service":"ai-project","timestamp":"2026-09-17 13:30:58.837"}
{"level":"info","message":"================================================================================","metadata":{},"service":"ai-project","timestamp":"2026-09-17 13:30:58.837"}
{"level":"info","message":"服务器运行时间: 2220 秒","metadata":{},"service":"ai-project","timestamp":"2026-09-17 13:30:58.837"}
{"level":"info","message":"总请求数: 179","metadata":{},"service":"ai-project","timestamp":"2026-09-17 13:30:58.837"}
{"level":"info","message":"成功请求数: 179","metadata":{},"service":"ai-project","timestamp":"2026-09-17 13:30:58.838"}
{"level":"info","message":"失败请求数: 0","metadata":{},"service":"ai-project","timestamp":"2026-09-17 13:30:58.838"}
{"level":"info","message":"请求成功率: 100.00%","metadata":{},"service":"ai-project","timestamp":"2026-09-17 13:30:58.838"}
{"level":"info","message":"平均响应时间: 11.46 ms","metadata":{},"service":"ai-project","timestamp":"2026-09-17 13:30:58.838"}
{"level":"info","message":"总接收数据: 98.59 KB","metadata":{},"service":"ai-project","timestamp":"2026-09-17 13:30:58.838"}
{"level":"info","message":"总发送数据: 6.64 KB","metadata":{},"service":"ai-project","timestamp":"2026-09-17 13:30:58.838"}
{"level":"info","message":"当前连接数: 1","metadata":{},"service":"ai-project","timestamp":"2026-09-17 13:30:58.838"}
{"level":"info","message":"连接池使用率: 0.10%","metadata":{},"service":"ai-project","timestamp":"2026-09-17 13:30:58.838"}
{"level":"info","message":"连接池峰值: 1","metadata":{},"service":"ai-project","timestamp":"2026-09-17 13:30:58.838"}
{"level":"info","message":"总连接数: 3","metadata":{},"service":"ai-project","timestamp":"2026-09-17 13:30:58.839"}
{"level":"info","message":"失败连接数: 0","metadata":{},"service":"ai-project","timestamp":"2026-09-17 13:30:58.839"}
{"level":"info","message":"已关闭连接数: 2","metadata":{},"service":"ai-project","timestamp":"2026-09-17 13:30:58.839"}
{"level":"info","message":"================================================================================","metadata":{},"service":"ai-project","timestamp":"2026-09-17 13:30:58.839"}
{"level":"info","message":"客户端 #3 (172.20.10.14:43701) 主动断开连接","metadata":{"currentConnections":0},"service":"ai-project","timestamp":"2026-09-17 13:30:58.954"}
{"level":"info","message":"客户端 #3 (172.20.10.14:43701) 连接正常关闭","metadata":{"currentConnections":-1},"service":"ai-project","timestamp":"2026-09-17 13:30:58.955"}
{"level":"info","message":"客户端 #4 已连接 - 172.20.10.14:43427","metadata":{"currentConnections":1,"maxConnections":1000},"service":"ai-project","timestamp":"2026-09-17 13:30:59.038"}
{"level":"error","message":"客户端 #4 (172.20.10.14:43427) 连接错误","metadata":{"errorCode":"ECONNRESET","errorMessage":"read ECONNRESET"},"service":"ai-project","timestamp":"2026-09-17 13:31:48.432"}
{"level":"info","message":"连接被客户端重置","metadata":{"clientId":4,"clientInfo":"172.20.10.14:43427"},"service":"ai-project","timestamp":"2026-09-17 13:31:48.433"}
{"level":"info","message":"当前连接数: 0","metadata":{"clientId":4,"clientInfo":"172.20.10.14:43427"},"service":"ai-project","timestamp":"2026-09-17 13:31:48.433"}
{"level":"warn","message":"客户端 #4 (172.20.10.14:43427) 连接异常关闭","metadata":{"currentConnections":-1},"service":"ai-project","timestamp":"2026-09-17 13:31:48.433"}
{"level":"info","message":"================================================================================","metadata":{},"service":"ai-project","timestamp":"2026-09-17 13:31:58.838"}
{"level":"info","message":"性能监控指标","metadata":{},"service":"ai-project","timestamp":"2026-09-17 13:31:58.839"}
{"level":"info","message":"================================================================================","metadata":{},"service":"ai-project","timestamp":"2026-09-17 13:31:58.839"}
{"level":"info","message":"服务器运行时间: 2280 秒","metadata":{},"service":"ai-project","timestamp":"2026-09-17 13:31:58.839"}
{"level":"info","message":"总请求数: 192","metadata":{},"service":"ai-project","timestamp":"2026-09-17 13:31:58.839"}
{"level":"info","message":"成功请求数: 192","metadata":{},"service":"ai-project","timestamp":"2026-09-17 13:31:58.839"}
{"level":"info","message":"失败请求数: 0","metadata":{},"service":"ai-project","timestamp":"2026-09-17 13:31:58.839"}
{"level":"info","message":"请求成功率: 100.00%","metadata":{},"service":"ai-project","timestamp":"2026-09-17 13:31:58.839"}
{"level":"info","message":"平均响应时间: 10.92 ms","metadata":{},"service":"ai-project","timestamp":"2026-09-17 13:31:58.839"}
{"level":"info","message":"总接收数据: 105.75 KB","metadata":{},"service":"ai-project","timestamp":"2026-09-17 13:31:58.840"}
{"level":"info","message":"总发送数据: 7.13 KB","metadata":{},"service":"ai-project","timestamp":"2026-09-17 13:31:58.840"}
{"level":"info","message":"当前连接数: 0","metadata":{},"service":"ai-project","timestamp":"2026-09-17 13:31:58.840"}
{"level":"info","message":"连接池使用率: 0.00%","metadata":{},"service":"ai-project","timestamp":"2026-09-17 13:31:58.840"}
{"level":"info","message":"连接池峰值: 1","metadata":{},"service":"ai-project","timestamp":"2026-09-17 13:31:58.840"}
{"level":"info","message":"总连接数: 4","metadata":{},"service":"ai-project","timestamp":"2026-09-17 13:31:58.840"}
{"level":"info","message":"失败连接数: 0","metadata":{},"service":"ai-project","timestamp":"2026-09-17 13:31:58.840"}
{"level":"info","message":"已关闭连接数: 4","metadata":{},"service":"ai-project","timestamp":"2026-09-17 13:31:58.840"}
{"level":"info","message":"================================================================================","metadata":{},"service":"ai-project","timestamp":"2026-09-17 13:31:58.841"}
{"level":"info","message":"================================================================================","metadata":{},"service":"ai-project","timestamp":"2026-09-17 13:32:58.846"}
{"level":"info","message":"性能监控指标","metadata":{},"service":"ai-project","timestamp":"2026-09-17 13:32:58.846"}
{"level":"info","message":"================================================================================","metadata":{},"service":"ai-project","timestamp":"2026-09-17 13:32:58.847"}
{"level":"info","message":"服务器运行时间: 2340 秒","metadata":{},"service":"ai-project","timestamp":"2026-09-17 13:32:58.847"}
{"level":"info","message":"总请求数: 192","metadata":{},"service":"ai-project","timestamp":"2026-09-17 13:32:58.847"}
{"level":"info","message":"成功请求数: 192","metadata":{},"service":"ai-project","timestamp":"2026-09-17 13:32:58.847"}
{"level":"info","message":"失败请求数: 0","metadata":{},"service":"ai-project","timestamp":"2026-09-17 13:32:58.847"}
{"level":"info","message":"请求成功率: 100.00%","metadata":{},"service":"ai-project","timestamp":"2026-09-17 13:32:58.847"}
{"level":"info","message":"平均响应时间: 10.92 ms","metadata":{},"service":"ai-project","timestamp":"2026-09-17 13:32:58.847"}
{"level":"info","message":"总接收数据: 105.75 KB","metadata":{},"service":"ai-project","timestamp":"2026-09-17 13:32:58.848"}
{"level":"info","message":"总发送数据: 7.13 KB","metadata":{},"service":"ai-project","timestamp":"2026-09-17 13:32:58.848"}
{"level":"info","message":"当前连接数: 0","metadata":{},"service":"ai-project","timestamp":"2026-09-17 13:32:58.848"}
{"level":"info","message":"连接池使用率: 0.00%","metadata":{},"service":"ai-project","timestamp":"2026-09-17 13:32:58.848"}
{"level":"info","message":"连接池峰值: 1","metadata":{},"service":"ai-project","timestamp":"2026-09-17 13:32:58.848"}
{"level":"info","message":"总连接数: 4","metadata":{},"service":"ai-project","timestamp":"2026-09-17 13:32:58.848"}
{"level":"info","message":"失败连接数: 0","metadata":{},"service":"ai-project","timestamp":"2026-09-17 13:32:58.848"}
{"level":"info","message":"已关闭连接数: 4","metadata":{},"service":"ai-project","timestamp":"2026-09-17 13:32:58.849"}
{"level":"info","message":"================================================================================","metadata":{},"service":"ai-project","timestamp":"2026-09-17 13:32:58.849"}
{"level":"info","message":"================================================================================","metadata":{},"service":"ai-project","timestamp":"2026-09-17 13:33:58.851"}
{"level":"info","message":"性能监控指标","metadata":{},"service":"ai-project","timestamp":"2026-09-17 13:33:58.851"}
{"level":"info","message":"================================================================================","metadata":{},"service":"ai-project","timestamp":"2026-09-17 13:33:58.851"}
{"level":"info","message":"服务器运行时间: 2400 秒","metadata":{},"service":"ai-project","timestamp":"2026-09-17 13:33:58.851"}
{"level":"info","message":"总请求数: 192","metadata":{},"service":"ai-project","timestamp":"2026-09-17 13:33:58.851"}
{"level":"info","message":"成功请求数: 192","metadata":{},"service":"ai-project","timestamp":"2026-09-17 13:33:58.852"}
{"level":"info","message":"失败请求数: 0","metadata":{},"service":"ai-project","timestamp":"2026-09-17 13:33:58.852"}
{"level":"info","message":"请求成功率: 100.00%","metadata":{},"service":"ai-project","timestamp":"2026-09-17 13:33:58.852"}
{"level":"info","message":"平均响应时间: 10.92 ms","metadata":{},"service":"ai-project","timestamp":"2026-09-17 13:33:58.852"}
{"level":"info","message":"总接收数据: 105.75 KB","metadata":{},"service":"ai-project","timestamp":"2026-09-17 13:33:58.852"}
{"level":"info","message":"总发送数据: 7.13 KB","metadata":{},"service":"ai-project","timestamp":"2026-09-17 13:33:58.852"}
{"level":"info","message":"当前连接数: 0","metadata":{},"service":"ai-project","timestamp":"2026-09-17 13:33:58.853"}
{"level":"info","message":"连接池使用率: 0.00%","metadata":{},"service":"ai-project","timestamp":"2026-09-17 13:33:58.853"}
{"level":"info","message":"连接池峰值: 1","metadata":{},"service":"ai-project","timestamp":"2026-09-17 13:33:58.853"}
{"level":"info","message":"总连接数: 4","metadata":{},"service":"ai-project","timestamp":"2026-09-17 13:33:58.853"}
{"level":"info","message":"失败连接数: 0","metadata":{},"service":"ai-project","timestamp":"2026-09-17 13:33:58.853"}
{"level":"info","message":"已关闭连接数: 4","metadata":{},"service":"ai-project","timestamp":"2026-09-17 13:33:58.853"}
{"level":"info","message":"================================================================================","metadata":{},"service":"ai-project","timestamp":"2026-09-17 13:33:58.853"}
{"level":"info","message":"================================================================================","metadata":{},"service":"ai-project","timestamp":"2026-09-17 13:34:58.859"}
{"level":"info","message":"性能监控指标","metadata":{},"service":"ai-project","timestamp":"2026-09-17 13:34:58.859"}
{"level":"info","message":"================================================================================","metadata":{},"service":"ai-project","timestamp":"2026-09-17 13:34:58.859"}
{"level":"info","message":"服务器运行时间: 2460 秒","metadata":{},"service":"ai-project","timestamp":"2026-09-17 13:34:58.860"}
{"level":"info","message":"总请求数: 192","metadata":{},"service":"ai-project","timestamp":"2026-09-17 13:34:58.860"}
{"level":"info","message":"成功请求数: 192","metadata":{},"service":"ai-project","timestamp":"2026-09-17 13:34:58.860"}
{"level":"info","message":"失败请求数: 0","metadata":{},"service":"ai-project","timestamp":"2026-09-17 13:34:58.860"}
{"level":"info","message":"请求成功率: 100.00%","metadata":{},"service":"ai-project","timestamp":"2026-09-17 13:34:58.860"}
{"level":"info","message":"平均响应时间: 10.92 ms","metadata":{},"service":"ai-project","timestamp":"2026-09-17 13:34:58.861"}
{"level":"info","message":"总接收数据: 105.75 KB","metadata":{},"service":"ai-project","timestamp":"2026-09-17 13:34:58.861"}
{"level":"info","message":"总发送数据: 7.13 KB","metadata":{},"service":"ai-project","timestamp":"2026-09-17 13:34:58.861"}
{"level":"info","message":"当前连接数: 0","metadata":{},"service":"ai-project","timestamp":"2026-09-17 13:34:58.861"}
{"level":"info","message":"连接池使用率: 0.00%","metadata":{},"service":"ai-project","timestamp":"2026-09-17 13:34:58.861"}
{"level":"info","message":"连接池峰值: 1","metadata":{},"service":"ai-project","timestamp":"2026-09-17 13:34:58.861"}
{"level":"info","message":"总连接数: 4","metadata":{},"service":"ai-project","timestamp":"2026-09-17 13:34:58.861"}
{"level":"info","message":"失败连接数: 0","metadata":{},"service":"ai-project","timestamp":"2026-09-17 13:34:58.861"}
{"level":"info","message":"已关闭连接数: 4","metadata":{},"service":"ai-project","timestamp":"2026-09-17 13:34:58.861"}
{"level":"info","message":"================================================================================","metadata":{},"service":"ai-project","timestamp":"2026-09-17 13:34:58.862"}
{"level":"info","message":"客户端 #5 已连接 - 172.20.10.14:12833","metadata":{"currentConnections":1,"maxConnections":1000},"service":"ai-project","timestamp":"2026-09-17 13:35:31.145"}
{"level":"info","message":"================================================================================","metadata":{},"service":"ai-project","timestamp":"2026-09-17 13:35:58.866"}
{"level":"info","message":"性能监控指标","metadata":{},"service":"ai-project","timestamp":"2026-09-17 13:35:58.866"}
{"level":"info","message":"================================================================================","metadata":{},"service":"ai-project","timestamp":"2026-09-17 13:35:58.866"}
{"level":"info","message":"服务器运行时间: 2520 秒","metadata":{},"service":"ai-project","timestamp":"2026-09-17 13:35:58.867"}
{"level":"info","message":"总请求数: 208","metadata":{},"service":"ai-project","timestamp":"2026-09-17 13:35:58.867"}
{"level":"info","message":"成功请求数: 208","metadata":{},"service":"ai-project","timestamp":"2026-09-17 13:35:58.867"}
{"level":"info","message":"失败请求数: 0","metadata":{},"service":"ai-project","timestamp":"2026-09-17 13:35:58.867"}
{"level":"info","message":"请求成功率: 100.00%","metadata":{},"service":"ai-project","timestamp":"2026-09-17 13:35:58.867"}
{"level":"info","message":"平均响应时间: 11.01 ms","metadata":{},"service":"ai-project","timestamp":"2026-09-17 13:35:58.867"}
{"level":"info","message":"总接收数据: 114.56 KB","metadata":{},"service":"ai-project","timestamp":"2026-09-17 13:35:58.867"}
{"level":"info","message":"总发送数据: 7.72 KB","metadata":{},"service":"ai-project","timestamp":"2026-09-17 13:35:58.867"}
{"level":"info","message":"当前连接数: 1","metadata":{},"service":"ai-project","timestamp":"2026-09-17 13:35:58.867"}
{"level":"info","message":"连接池使用率: 0.10%","metadata":{},"service":"ai-project","timestamp":"2026-09-17 13:35:58.867"}
{"level":"info","message":"连接池峰值: 1","metadata":{},"service":"ai-project","timestamp":"2026-09-17 13:35:58.867"}
{"level":"info","message":"总连接数: 5","metadata":{},"service":"ai-project","timestamp":"2026-09-17 13:35:58.867"}
{"level":"info","message":"失败连接数: 0","metadata":{},"service":"ai-project","timestamp":"2026-09-17 13:35:58.868"}
{"level":"info","message":"已关闭连接数: 4","metadata":{},"service":"ai-project","timestamp":"2026-09-17 13:35:58.868"}
{"level":"info","message":"================================================================================","metadata":{},"service":"ai-project","timestamp":"2026-09-17 13:35:58.868"}
{"level":"info","message":"SSE 客户端连接","metadata":{"clientCount":2},"service":"ai-project","timestamp":"2026-09-17 13:36:14.291"}
{"level":"info","message":"SSE 客户端断开连接","metadata":{"clientCount":1},"service":"ai-project","timestamp":"2026-09-17 13:36:18.874"}
{"level":"info","message":"SSE 客户端连接","metadata":{"clientCount":2},"service":"ai-project","timestamp":"2026-09-17 13:36:37.482"}
{"level":"info","message":"SSE 客户端断开连接","metadata":{"clientCount":1},"service":"ai-project","timestamp":"2026-09-17 13:36:41.973"}
{"level":"info","message":"SSE 客户端连接","metadata":{"clientCount":2},"service":"ai-project","timestamp":"2026-09-17 13:36:42.181"}
{"level":"info","message":"SSE 客户端断开连接","metadata":{"clientCount":1},"service":"ai-project","timestamp":"2026-09-17 13:36:44.185"}
{"level":"info","message":"SSE 客户端断开连接","metadata":{"clientCount":0},"service":"ai-project","timestamp":"2026-09-17 13:36:53.338"}
{"level":"info","message":"SSE 客户端连接","metadata":{"clientCount":1},"service":"ai-project","timestamp":"2026-09-17 13:36:55.478"}
{"level":"info","message":"================================================================================","metadata":{},"service":"ai-project","timestamp":"2026-09-17 13:36:58.880"}
{"level":"info","message":"性能监控指标","metadata":{},"service":"ai-project","timestamp":"2026-09-17 13:36:58.881"}
{"level":"info","message":"================================================================================","metadata":{},"service":"ai-project","timestamp":"2026-09-17 13:36:58.881"}
{"level":"info","message":"服务器运行时间: 2580 秒","metadata":{},"service":"ai-project","timestamp":"2026-09-17 13:36:58.881"}
{"level":"info","message":"总请求数: 247","metadata":{},"service":"ai-project","timestamp":"2026-09-17 13:36:58.881"}
{"level":"info","message":"成功请求数: 247","metadata":{},"service":"ai-project","timestamp":"2026-09-17 13:36:58.881"}
{"level":"info","message":"失败请求数: 0","metadata":{},"service":"ai-project","timestamp":"2026-09-17 13:36:58.881"}
{"level":"info","message":"请求成功率: 100.00%","metadata":{},"service":"ai-project","timestamp":"2026-09-17 13:36:58.881"}
{"level":"info","message":"平均响应时间: 10.69 ms","metadata":{},"service":"ai-project","timestamp":"2026-09-17 13:36:58.882"}
{"level":"info","message":"总接收数据: 136.04 KB","metadata":{},"service":"ai-project","timestamp":"2026-09-17 13:36:58.882"}
{"level":"info","message":"总发送数据: 9.17 KB","metadata":{},"service":"ai-project","timestamp":"2026-09-17 13:36:58.882"}
{"level":"info","message":"当前连接数: 1","metadata":{},"service":"ai-project","timestamp":"2026-09-17 13:36:58.882"}
{"level":"info","message":"连接池使用率: 0.10%","metadata":{},"service":"ai-project","timestamp":"2026-09-17 13:36:58.882"}
{"level":"info","message":"连接池峰值: 1","metadata":{},"service":"ai-project","timestamp":"2026-09-17 13:36:58.882"}
{"level":"info","message":"总连接数: 5","metadata":{},"service":"ai-project","timestamp":"2026-09-17 13:36:58.882"}
{"level":"info","message":"失败连接数: 0","metadata":{},"service":"ai-project","timestamp":"2026-09-17 13:36:58.883"}
{"level":"info","message":"已关闭连接数: 4","metadata":{},"service":"ai-project","timestamp":"2026-09-17 13:36:58.883"}
{"level":"info","message":"================================================================================","metadata":{},"service":"ai-project","timestamp":"2026-09-17 13:36:58.883"}
{"level":"info","message":"SSE 客户端断开连接","metadata":{"clientCount":0},"service":"ai-project","timestamp":"2026-09-17 13:37:37.050"}
{"level":"info","message":"SSE 客户端连接","metadata":{"clientCount":1},"service":"ai-project","timestamp":"2026-09-17 13:37:38.543"}
{"level":"warn","message":"客户端 #5 心跳超时，断开连接","metadata":{"clientInfo":"172.20.10.14:12833","timeSinceLastReceived":119684},"service":"ai-project","timestamp":"2026-09-17 13:37:58.894"}
{"level":"info","message":"================================================================================","metadata":{},"service":"ai-project","timestamp":"2026-09-17 13:37:58.894"}
{"level":"info","message":"性能监控指标","metadata":{},"service":"ai-project","timestamp":"2026-09-17 13:37:58.895"}
{"level":"info","message":"================================================================================","metadata":{},"service":"ai-project","timestamp":"2026-09-17 13:37:58.895"}
{"level":"info","message":"服务器运行时间: 2640 秒","metadata":{},"service":"ai-project","timestamp":"2026-09-17 13:37:58.895"}
{"level":"info","message":"总请求数: 287","metadata":{},"service":"ai-project","timestamp":"2026-09-17 13:37:58.895"}
{"level":"info","message":"成功请求数: 287","metadata":{},"service":"ai-project","timestamp":"2026-09-17 13:37:58.895"}
{"level":"info","message":"失败请求数: 0","metadata":{},"service":"ai-project","timestamp":"2026-09-17 13:37:58.895"}
{"level":"info","message":"请求成功率: 100.00%","metadata":{},"service":"ai-project","timestamp":"2026-09-17 13:37:58.895"}
{"level":"info","message":"平均响应时间: 11.41 ms","metadata":{},"service":"ai-project","timestamp":"2026-09-17 13:37:58.895"}
{"level":"info","message":"总接收数据: 158.07 KB","metadata":{},"service":"ai-project","timestamp":"2026-09-17 13:37:58.895"}
{"level":"info","message":"总发送数据: 10.65 KB","metadata":{},"service":"ai-project","timestamp":"2026-09-17 13:37:58.895"}
{"level":"info","message":"当前连接数: 1","metadata":{},"service":"ai-project","timestamp":"2026-09-17 13:37:58.896"}
{"level":"info","message":"连接池使用率: 0.10%","metadata":{},"service":"ai-project","timestamp":"2026-09-17 13:37:58.896"}
{"level":"info","message":"连接池峰值: 1","metadata":{},"service":"ai-project","timestamp":"2026-09-17 13:37:58.896"}
{"level":"info","message":"总连接数: 5","metadata":{},"service":"ai-project","timestamp":"2026-09-17 13:37:58.896"}
{"level":"info","message":"失败连接数: 0","metadata":{},"service":"ai-project","timestamp":"2026-09-17 13:37:58.896"}
{"level":"info","message":"已关闭连接数: 4","metadata":{},"service":"ai-project","timestamp":"2026-09-17 13:37:58.896"}
{"level":"info","message":"================================================================================","metadata":{},"service":"ai-project","timestamp":"2026-09-17 13:37:58.896"}
{"level":"info","message":"客户端 #5 (172.20.10.14:12833) 主动断开连接","metadata":{"currentConnections":0},"service":"ai-project","timestamp":"2026-09-17 13:37:58.917"}
{"level":"info","message":"客户端 #5 (172.20.10.14:12833) 连接正常关闭","metadata":{"currentConnections":-1},"service":"ai-project","timestamp":"2026-09-17 13:37:58.918"}
{"level":"info","message":"客户端 #6 已连接 - 172.20.10.14:15242","metadata":{"currentConnections":1,"maxConnections":1000},"service":"ai-project","timestamp":"2026-09-17 13:37:58.938"}
{"level":"info","message":"SSE 客户端断开连接","metadata":{"clientCount":0},"service":"ai-project","timestamp":"2026-09-17 13:38:02.860"}
{"level":"info","message":"SSE 客户端连接","metadata":{"clientCount":1},"service":"ai-project","timestamp":"2026-09-17 13:38:04.537"}
{"level":"info","message":"================================================================================","metadata":{},"service":"ai-project","timestamp":"2026-09-17 13:38:58.896"}
{"level":"info","message":"性能监控指标","metadata":{},"service":"ai-project","timestamp":"2026-09-17 13:38:58.897"}
{"level":"info","message":"================================================================================","metadata":{},"service":"ai-project","timestamp":"2026-09-17 13:38:58.897"}
{"level":"info","message":"服务器运行时间: 2700 秒","metadata":{},"service":"ai-project","timestamp":"2026-09-17 13:38:58.897"}
{"level":"info","message":"总请求数: 327","metadata":{},"service":"ai-project","timestamp":"2026-09-17 13:38:58.897"}
{"level":"info","message":"成功请求数: 327","metadata":{},"service":"ai-project","timestamp":"2026-09-17 13:38:58.897"}
{"level":"info","message":"失败请求数: 0","metadata":{},"service":"ai-project","timestamp":"2026-09-17 13:38:58.897"}
{"level":"info","message":"请求成功率: 100.00%","metadata":{},"service":"ai-project","timestamp":"2026-09-17 13:38:58.897"}
{"level":"info","message":"平均响应时间: 11.76 ms","metadata":{},"service":"ai-project","timestamp":"2026-09-17 13:38:58.897"}
{"level":"info","message":"总接收数据: 180.11 KB","metadata":{},"service":"ai-project","timestamp":"2026-09-17 13:38:58.898"}
{"level":"info","message":"总发送数据: 12.13 KB","metadata":{},"service":"ai-project","timestamp":"2026-09-17 13:38:58.898"}
{"level":"info","message":"当前连接数: 1","metadata":{},"service":"ai-project","timestamp":"2026-09-17 13:38:58.898"}
{"level":"info","message":"连接池使用率: 0.10%","metadata":{},"service":"ai-project","timestamp":"2026-09-17 13:38:58.898"}
{"level":"info","message":"连接池峰值: 1","metadata":{},"service":"ai-project","timestamp":"2026-09-17 13:38:58.898"}
{"level":"info","message":"总连接数: 6","metadata":{},"service":"ai-project","timestamp":"2026-09-17 13:38:58.898"}
{"level":"info","message":"失败连接数: 0","metadata":{},"service":"ai-project","timestamp":"2026-09-17 13:38:58.898"}
{"level":"info","message":"已关闭连接数: 5","metadata":{},"service":"ai-project","timestamp":"2026-09-17 13:38:58.899"}
{"level":"info","message":"================================================================================","metadata":{},"service":"ai-project","timestamp":"2026-09-17 13:38:58.899"}
{"level":"warn","message":"客户端 #6 心跳超时，断开连接","metadata":{"clientInfo":"172.20.10.14:15242","timeSinceLastReceived":119654},"service":"ai-project","timestamp":"2026-09-17 13:39:58.899"}
{"level":"info","message":"================================================================================","metadata":{},"service":"ai-project","timestamp":"2026-09-17 13:39:58.899"}
{"level":"info","message":"性能监控指标","metadata":{},"service":"ai-project","timestamp":"2026-09-17 13:39:58.899"}
{"level":"info","message":"================================================================================","metadata":{},"service":"ai-project","timestamp":"2026-09-17 13:39:58.899"}
{"level":"info","message":"服务器运行时间: 2760 秒","metadata":{},"service":"ai-project","timestamp":"2026-09-17 13:39:58.899"}
{"level":"info","message":"总请求数: 367","metadata":{},"service":"ai-project","timestamp":"2026-09-17 13:39:58.900"}
{"level":"info","message":"成功请求数: 367","metadata":{},"service":"ai-project","timestamp":"2026-09-17 13:39:58.900"}
{"level":"info","message":"失败请求数: 0","metadata":{},"service":"ai-project","timestamp":"2026-09-17 13:39:58.900"}
{"level":"info","message":"请求成功率: 100.00%","metadata":{},"service":"ai-project","timestamp":"2026-09-17 13:39:58.900"}
{"level":"info","message":"平均响应时间: 11.28 ms","metadata":{},"service":"ai-project","timestamp":"2026-09-17 13:39:58.900"}
{"level":"info","message":"总接收数据: 202.14 KB","metadata":{},"service":"ai-project","timestamp":"2026-09-17 13:39:58.900"}
{"level":"info","message":"总发送数据: 13.62 KB","metadata":{},"service":"ai-project","timestamp":"2026-09-17 13:39:58.900"}
{"level":"info","message":"当前连接数: 1","metadata":{},"service":"ai-project","timestamp":"2026-09-17 13:39:58.900"}
{"level":"info","message":"连接池使用率: 0.10%","metadata":{},"service":"ai-project","timestamp":"2026-09-17 13:39:58.901"}
{"level":"info","message":"连接池峰值: 1","metadata":{},"service":"ai-project","timestamp":"2026-09-17 13:39:58.901"}
{"level":"info","message":"总连接数: 6","metadata":{},"service":"ai-project","timestamp":"2026-09-17 13:39:58.901"}
{"level":"info","message":"失败连接数: 0","metadata":{},"service":"ai-project","timestamp":"2026-09-17 13:39:58.901"}
{"level":"info","message":"已关闭连接数: 5","metadata":{},"service":"ai-project","timestamp":"2026-09-17 13:39:58.901"}
{"level":"info","message":"================================================================================","metadata":{},"service":"ai-project","timestamp":"2026-09-17 13:39:58.901"}
{"level":"info","message":"客户端 #6 (172.20.10.14:15242) 主动断开连接","metadata":{"currentConnections":0},"service":"ai-project","timestamp":"2026-09-17 13:39:59.035"}
{"level":"info","message":"客户端 #6 (172.20.10.14:15242) 连接正常关闭","metadata":{"currentConnections":-1},"service":"ai-project","timestamp":"2026-09-17 13:39:59.036"}
{"level":"info","message":"客户端 #7 已连接 - 172.20.10.14:3553","metadata":{"currentConnections":1,"maxConnections":1000},"service":"ai-project","timestamp":"2026-09-17 13:39:59.152"}
{"level":"info","message":"数据库连接创建:","metadata":{"threadId":79},"service":"ai-project","timestamp":"2026-09-17 13:40:00.024"}
{"level":"info","message":"================================================================================","metadata":{},"service":"ai-project","timestamp":"2026-09-17 13:40:58.901"}
{"level":"info","message":"性能监控指标","metadata":{},"service":"ai-project","timestamp":"2026-09-17 13:40:58.902"}
{"level":"info","message":"================================================================================","metadata":{},"service":"ai-project","timestamp":"2026-09-17 13:40:58.902"}
{"level":"info","message":"服务器运行时间: 2820 秒","metadata":{},"service":"ai-project","timestamp":"2026-09-17 13:40:58.902"}
{"level":"info","message":"总请求数: 407","metadata":{},"service":"ai-project","timestamp":"2026-09-17 13:40:58.902"}
{"level":"info","message":"成功请求数: 407","metadata":{},"service":"ai-project","timestamp":"2026-09-17 13:40:58.902"}
{"level":"info","message":"失败请求数: 0","metadata":{},"service":"ai-project","timestamp":"2026-09-17 13:40:58.903"}
{"level":"info","message":"请求成功率: 100.00%","metadata":{},"service":"ai-project","timestamp":"2026-09-17 13:40:58.903"}
{"level":"info","message":"平均响应时间: 10.64 ms","metadata":{},"service":"ai-project","timestamp":"2026-09-17 13:40:58.903"}
{"level":"info","message":"总接收数据: 224.17 KB","metadata":{},"service":"ai-project","timestamp":"2026-09-17 13:40:58.903"}
{"level":"info","message":"总发送数据: 15.10 KB","metadata":{},"service":"ai-project","timestamp":"2026-09-17 13:40:58.903"}
{"level":"info","message":"当前连接数: 1","metadata":{},"service":"ai-project","timestamp":"2026-09-17 13:40:58.903"}
{"level":"info","message":"连接池使用率: 0.10%","metadata":{},"service":"ai-project","timestamp":"2026-09-17 13:40:58.903"}
{"level":"info","message":"连接池峰值: 1","metadata":{},"service":"ai-project","timestamp":"2026-09-17 13:40:58.903"}
{"level":"info","message":"总连接数: 7","metadata":{},"service":"ai-project","timestamp":"2026-09-17 13:40:58.904"}
{"level":"info","message":"失败连接数: 0","metadata":{},"service":"ai-project","timestamp":"2026-09-17 13:40:58.904"}
{"level":"info","message":"已关闭连接数: 6","metadata":{},"service":"ai-project","timestamp":"2026-09-17 13:40:58.904"}
{"level":"info","message":"================================================================================","metadata":{},"service":"ai-project","timestamp":"2026-09-17 13:40:58.904"}
{"level":"warn","message":"客户端 #7 心跳超时，断开连接","metadata":{"clientInfo":"172.20.10.14:3553","timeSinceLastReceived":119619},"service":"ai-project","timestamp":"2026-09-17 13:41:58.909"}
{"level":"info","message":"================================================================================","metadata":{},"service":"ai-project","timestamp":"2026-09-17 13:41:58.909"}
{"level":"info","message":"性能监控指标","metadata":{},"service":"ai-project","timestamp":"2026-09-17 13:41:58.909"}
{"level":"info","message":"================================================================================","metadata":{},"service":"ai-project","timestamp":"2026-09-17 13:41:58.909"}
{"level":"info","message":"服务器运行时间: 2880 秒","metadata":{},"service":"ai-project","timestamp":"2026-09-17 13:41:58.910"}
{"level":"info","message":"总请求数: 428","metadata":{},"service":"ai-project","timestamp":"2026-09-17 13:41:58.910"}
{"level":"info","message":"成功请求数: 428","metadata":{},"service":"ai-project","timestamp":"2026-09-17 13:41:58.910"}
{"level":"info","message":"失败请求数: 0","metadata":{},"service":"ai-project","timestamp":"2026-09-17 13:41:58.910"}
{"level":"info","message":"请求成功率: 100.00%","metadata":{},"service":"ai-project","timestamp":"2026-09-17 13:41:58.910"}
{"level":"info","message":"平均响应时间: 10.49 ms","metadata":{},"service":"ai-project","timestamp":"2026-09-17 13:41:58.910"}
{"level":"info","message":"总接收数据: 235.73 KB","metadata":{},"service":"ai-project","timestamp":"2026-09-17 13:41:58.910"}
{"level":"info","message":"总发送数据: 15.88 KB","metadata":{},"service":"ai-project","timestamp":"2026-09-17 13:41:58.910"}
{"level":"info","message":"当前连接数: 1","metadata":{},"service":"ai-project","timestamp":"2026-09-17 13:41:58.910"}
{"level":"info","message":"连接池使用率: 0.10%","metadata":{},"service":"ai-project","timestamp":"2026-09-17 13:41:58.910"}
{"level":"info","message":"连接池峰值: 1","metadata":{},"service":"ai-project","timestamp":"2026-09-17 13:41:58.910"}
{"level":"info","message":"总连接数: 7","metadata":{},"service":"ai-project","timestamp":"2026-09-17 13:41:58.911"}
{"level":"info","message":"失败连接数: 0","metadata":{},"service":"ai-project","timestamp":"2026-09-17 13:41:58.911"}
{"level":"info","message":"已关闭连接数: 6","metadata":{},"service":"ai-project","timestamp":"2026-09-17 13:41:58.911"}
{"level":"info","message":"================================================================================","metadata":{},"service":"ai-project","timestamp":"2026-09-17 13:41:58.911"}
{"level":"error","message":"客户端 #7 (172.20.10.14:3553) 连接错误","metadata":{"errorCode":"ERR_STREAM_WRITE_AFTER_END","errorMessage":"write after end"},"service":"ai-project","timestamp":"2026-09-17 13:41:59.317"}
{"level":"info","message":"当前连接数: 0","metadata":{"clientId":7,"clientInfo":"172.20.10.14:3553"},"service":"ai-project","timestamp":"2026-09-17 13:41:59.317"}
{"level":"warn","message":"客户端 #7 (172.20.10.14:3553) 连接异常关闭","metadata":{"currentConnections":-1},"service":"ai-project","timestamp":"2026-09-17 13:41:59.318"}
{"level":"info","message":"================================================================================","metadata":{},"service":"ai-project","timestamp":"2026-09-17 13:42:58.919"}
{"level":"info","message":"性能监控指标","metadata":{},"service":"ai-project","timestamp":"2026-09-17 13:42:58.920"}
{"level":"info","message":"================================================================================","metadata":{},"service":"ai-project","timestamp":"2026-09-17 13:42:58.920"}
{"level":"info","message":"服务器运行时间: 2940 秒","metadata":{},"service":"ai-project","timestamp":"2026-09-17 13:42:58.920"}
{"level":"info","message":"总请求数: 428","metadata":{},"service":"ai-project","timestamp":"2026-09-17 13:42:58.920"}
{"level":"info","message":"成功请求数: 428","metadata":{},"service":"ai-project","timestamp":"2026-09-17 13:42:58.920"}
{"level":"info","message":"失败请求数: 0","metadata":{},"service":"ai-project","timestamp":"2026-09-17 13:42:58.920"}
{"level":"info","message":"请求成功率: 100.00%","metadata":{},"service":"ai-project","timestamp":"2026-09-17 13:42:58.921"}
{"level":"info","message":"平均响应时间: 10.49 ms","metadata":{},"service":"ai-project","timestamp":"2026-09-17 13:42:58.921"}
{"level":"info","message":"总接收数据: 235.73 KB","metadata":{},"service":"ai-project","timestamp":"2026-09-17 13:42:58.921"}
{"level":"info","message":"总发送数据: 15.88 KB","metadata":{},"service":"ai-project","timestamp":"2026-09-17 13:42:58.921"}
{"level":"info","message":"当前连接数: 0","metadata":{},"service":"ai-project","timestamp":"2026-09-17 13:42:58.921"}
{"level":"info","message":"连接池使用率: 0.00%","metadata":{},"service":"ai-project","timestamp":"2026-09-17 13:42:58.921"}
{"level":"info","message":"连接池峰值: 1","metadata":{},"service":"ai-project","timestamp":"2026-09-17 13:42:58.921"}
{"level":"info","message":"总连接数: 7","metadata":{},"service":"ai-project","timestamp":"2026-09-17 13:42:58.921"}
{"level":"info","message":"失败连接数: 0","metadata":{},"service":"ai-project","timestamp":"2026-09-17 13:42:58.921"}
{"level":"info","message":"已关闭连接数: 7","metadata":{},"service":"ai-project","timestamp":"2026-09-17 13:42:58.921"}
{"level":"info","message":"================================================================================","metadata":{},"service":"ai-project","timestamp":"2026-09-17 13:42:58.922"}
{"level":"info","message":"================================================================================","metadata":{},"service":"ai-project","timestamp":"2026-09-17 13:43:58.924"}
{"level":"info","message":"性能监控指标","metadata":{},"service":"ai-project","timestamp":"2026-09-17 13:43:58.924"}
{"level":"info","message":"================================================================================","metadata":{},"service":"ai-project","timestamp":"2026-09-17 13:43:58.924"}
{"level":"info","message":"服务器运行时间: 3000 秒","metadata":{},"service":"ai-project","timestamp":"2026-09-17 13:43:58.924"}
{"level":"info","message":"总请求数: 428","metadata":{},"service":"ai-project","timestamp":"2026-09-17 13:43:58.925"}
{"level":"info","message":"成功请求数: 428","metadata":{},"service":"ai-project","timestamp":"2026-09-17 13:43:58.925"}
{"level":"info","message":"失败请求数: 0","metadata":{},"service":"ai-project","timestamp":"2026-09-17 13:43:58.925"}
{"level":"info","message":"请求成功率: 100.00%","metadata":{},"service":"ai-project","timestamp":"2026-09-17 13:43:58.925"}
{"level":"info","message":"平均响应时间: 10.49 ms","metadata":{},"service":"ai-project","timestamp":"2026-09-17 13:43:58.925"}
{"level":"info","message":"总接收数据: 235.73 KB","metadata":{},"service":"ai-project","timestamp":"2026-09-17 13:43:58.925"}
{"level":"info","message":"总发送数据: 15.88 KB","metadata":{},"service":"ai-project","timestamp":"2026-09-17 13:43:58.925"}
{"level":"info","message":"当前连接数: 0","metadata":{},"service":"ai-project","timestamp":"2026-09-17 13:43:58.925"}
{"level":"info","message":"连接池使用率: 0.00%","metadata":{},"service":"ai-project","timestamp":"2026-09-17 13:43:58.926"}
{"level":"info","message":"连接池峰值: 1","metadata":{},"service":"ai-project","timestamp":"2026-09-17 13:43:58.926"}
{"level":"info","message":"总连接数: 7","metadata":{},"service":"ai-project","timestamp":"2026-09-17 13:43:58.926"}
{"level":"info","message":"失败连接数: 0","metadata":{},"service":"ai-project","timestamp":"2026-09-17 13:43:58.926"}
{"level":"info","message":"已关闭连接数: 7","metadata":{},"service":"ai-project","timestamp":"2026-09-17 13:43:58.926"}
{"level":"info","message":"================================================================================","metadata":{},"service":"ai-project","timestamp":"2026-09-17 13:43:58.926"}
{"level":"info","message":"================================================================================","metadata":{},"service":"ai-project","timestamp":"2026-09-17 13:44:58.925"}
{"level":"info","message":"性能监控指标","metadata":{},"service":"ai-project","timestamp":"2026-09-17 13:44:58.925"}
{"level":"info","message":"================================================================================","metadata":{},"service":"ai-project","timestamp":"2026-09-17 13:44:58.925"}
{"level":"info","message":"服务器运行时间: 3060 秒","metadata":{},"service":"ai-project","timestamp":"2026-09-17 13:44:58.926"}
{"level":"info","message":"总请求数: 428","metadata":{},"service":"ai-project","timestamp":"2026-09-17 13:44:58.926"}
{"level":"info","message":"成功请求数: 428","metadata":{},"service":"ai-project","timestamp":"2026-09-17 13:44:58.926"}
{"level":"info","message":"失败请求数: 0","metadata":{},"service":"ai-project","timestamp":"2026-09-17 13:44:58.926"}
{"level":"info","message":"请求成功率: 100.00%","metadata":{},"service":"ai-project","timestamp":"2026-09-17 13:44:58.926"}
{"level":"info","message":"平均响应时间: 10.49 ms","metadata":{},"service":"ai-project","timestamp":"2026-09-17 13:44:58.926"}
{"level":"info","message":"总接收数据: 235.73 KB","metadata":{},"service":"ai-project","timestamp":"2026-09-17 13:44:58.927"}
{"level":"info","message":"总发送数据: 15.88 KB","metadata":{},"service":"ai-project","timestamp":"2026-09-17 13:44:58.927"}
{"level":"info","message":"当前连接数: 0","metadata":{},"service":"ai-project","timestamp":"2026-09-17 13:44:58.927"}
{"level":"info","message":"连接池使用率: 0.00%","metadata":{},"service":"ai-project","timestamp":"2026-09-17 13:44:58.927"}
{"level":"info","message":"连接池峰值: 1","metadata":{},"service":"ai-project","timestamp":"2026-09-17 13:44:58.927"}
{"level":"info","message":"总连接数: 7","metadata":{},"service":"ai-project","timestamp":"2026-09-17 13:44:58.927"}
{"level":"info","message":"失败连接数: 0","metadata":{},"service":"ai-project","timestamp":"2026-09-17 13:44:58.927"}
{"level":"info","message":"已关闭连接数: 7","metadata":{},"service":"ai-project","timestamp":"2026-09-17 13:44:58.927"}
{"level":"info","message":"================================================================================","metadata":{},"service":"ai-project","timestamp":"2026-09-17 13:44:58.927"}
{"level":"info","message":"================================================================================","metadata":{},"service":"ai-project","timestamp":"2026-09-17 13:45:58.927"}
{"level":"info","message":"性能监控指标","metadata":{},"service":"ai-project","timestamp":"2026-09-17 13:45:58.927"}
{"level":"info","message":"================================================================================","metadata":{},"service":"ai-project","timestamp":"2026-09-17 13:45:58.928"}
{"level":"info","message":"服务器运行时间: 3120 秒","metadata":{},"service":"ai-project","timestamp":"2026-09-17 13:45:58.928"}
{"level":"info","message":"总请求数: 428","metadata":{},"service":"ai-project","timestamp":"2026-09-17 13:45:58.928"}
{"level":"info","message":"成功请求数: 428","metadata":{},"service":"ai-project","timestamp":"2026-09-17 13:45:58.928"}
{"level":"info","message":"失败请求数: 0","metadata":{},"service":"ai-project","timestamp":"2026-09-17 13:45:58.928"}
{"level":"info","message":"请求成功率: 100.00%","metadata":{},"service":"ai-project","timestamp":"2026-09-17 13:45:58.928"}
{"level":"info","message":"平均响应时间: 10.49 ms","metadata":{},"service":"ai-project","timestamp":"2026-09-17 13:45:58.928"}
{"level":"info","message":"总接收数据: 235.73 KB","metadata":{},"service":"ai-project","timestamp":"2026-09-17 13:45:58.928"}
{"level":"info","message":"总发送数据: 15.88 KB","metadata":{},"service":"ai-project","timestamp":"2026-09-17 13:45:58.928"}
{"level":"info","message":"当前连接数: 0","metadata":{},"service":"ai-project","timestamp":"2026-09-17 13:45:58.929"}
{"level":"info","message":"连接池使用率: 0.00%","metadata":{},"service":"ai-project","timestamp":"2026-09-17 13:45:58.929"}
{"level":"info","message":"连接池峰值: 1","metadata":{},"service":"ai-project","timestamp":"2026-09-17 13:45:58.929"}
{"level":"info","message":"总连接数: 7","metadata":{},"service":"ai-project","timestamp":"2026-09-17 13:45:58.929"}
{"level":"info","message":"失败连接数: 0","metadata":{},"service":"ai-project","timestamp":"2026-09-17 13:45:58.929"}
{"level":"info","message":"已关闭连接数: 7","metadata":{},"service":"ai-project","timestamp":"2026-09-17 13:45:58.929"}
{"level":"info","message":"================================================================================","metadata":{},"service":"ai-project","timestamp":"2026-09-17 13:45:58.929"}
{"level":"info","message":"================================================================================","metadata":{},"service":"ai-project","timestamp":"2026-09-17 13:46:58.939"}
{"level":"info","message":"性能监控指标","metadata":{},"service":"ai-project","timestamp":"2026-09-17 13:46:58.940"}
{"level":"info","message":"================================================================================","metadata":{},"service":"ai-project","timestamp":"2026-09-17 13:46:58.940"}
{"level":"info","message":"服务器运行时间: 3180 秒","metadata":{},"service":"ai-project","timestamp":"2026-09-17 13:46:58.940"}
{"level":"info","message":"总请求数: 428","metadata":{},"service":"ai-project","timestamp":"2026-09-17 13:46:58.940"}
{"level":"info","message":"成功请求数: 428","metadata":{},"service":"ai-project","timestamp":"2026-09-17 13:46:58.940"}
{"level":"info","message":"失败请求数: 0","metadata":{},"service":"ai-project","timestamp":"2026-09-17 13:46:58.940"}
{"level":"info","message":"请求成功率: 100.00%","metadata":{},"service":"ai-project","timestamp":"2026-09-17 13:46:58.940"}
{"level":"info","message":"平均响应时间: 10.49 ms","metadata":{},"service":"ai-project","timestamp":"2026-09-17 13:46:58.940"}
{"level":"info","message":"总接收数据: 235.73 KB","metadata":{},"service":"ai-project","timestamp":"2026-09-17 13:46:58.940"}
{"level":"info","message":"总发送数据: 15.88 KB","metadata":{},"service":"ai-project","timestamp":"2026-09-17 13:46:58.941"}
{"level":"info","message":"当前连接数: 0","metadata":{},"service":"ai-project","timestamp":"2026-09-17 13:46:58.941"}
{"level":"info","message":"连接池使用率: 0.00%","metadata":{},"service":"ai-project","timestamp":"2026-09-17 13:46:58.941"}
{"level":"info","message":"连接池峰值: 1","metadata":{},"service":"ai-project","timestamp":"2026-09-17 13:46:58.941"}
{"level":"info","message":"总连接数: 7","metadata":{},"service":"ai-project","timestamp":"2026-09-17 13:46:58.941"}
{"level":"info","message":"失败连接数: 0","metadata":{},"service":"ai-project","timestamp":"2026-09-17 13:46:58.941"}
{"level":"info","message":"已关闭连接数: 7","metadata":{},"service":"ai-project","timestamp":"2026-09-17 13:46:58.941"}
{"level":"info","message":"================================================================================","metadata":{},"service":"ai-project","timestamp":"2026-09-17 13:46:58.941"}
{"level":"info","message":"================================================================================","metadata":{},"service":"ai-project","timestamp":"2026-09-17 13:47:58.942"}
{"level":"info","message":"性能监控指标","metadata":{},"service":"ai-project","timestamp":"2026-09-17 13:47:58.943"}
{"level":"info","message":"================================================================================","metadata":{},"service":"ai-project","timestamp":"2026-09-17 13:47:58.943"}
{"level":"info","message":"服务器运行时间: 3240 秒","metadata":{},"service":"ai-project","timestamp":"2026-09-17 13:47:58.943"}
{"level":"info","message":"总请求数: 428","metadata":{},"service":"ai-project","timestamp":"2026-09-17 13:47:58.943"}
{"level":"info","message":"成功请求数: 428","metadata":{},"service":"ai-project","timestamp":"2026-09-17 13:47:58.943"}
{"level":"info","message":"失败请求数: 0","metadata":{},"service":"ai-project","timestamp":"2026-09-17 13:47:58.943"}
{"level":"info","message":"请求成功率: 100.00%","metadata":{},"service":"ai-project","timestamp":"2026-09-17 13:47:58.943"}
{"level":"info","message":"平均响应时间: 10.49 ms","metadata":{},"service":"ai-project","timestamp":"2026-09-17 13:47:58.943"}
{"level":"info","message":"总接收数据: 235.73 KB","metadata":{},"service":"ai-project","timestamp":"2026-09-17 13:47:58.944"}
{"level":"info","message":"总发送数据: 15.88 KB","metadata":{},"service":"ai-project","timestamp":"2026-09-17 13:47:58.944"}
{"level":"info","message":"当前连接数: 0","metadata":{},"service":"ai-project","timestamp":"2026-09-17 13:47:58.944"}
{"level":"info","message":"连接池使用率: 0.00%","metadata":{},"service":"ai-project","timestamp":"2026-09-17 13:47:58.944"}
{"level":"info","message":"连接池峰值: 1","metadata":{},"service":"ai-project","timestamp":"2026-09-17 13:47:58.944"}
{"level":"info","message":"总连接数: 7","metadata":{},"service":"ai-project","timestamp":"2026-09-17 13:47:58.944"}
{"level":"info","message":"失败连接数: 0","metadata":{},"service":"ai-project","timestamp":"2026-09-17 13:47:58.944"}
{"level":"info","message":"已关闭连接数: 7","metadata":{},"service":"ai-project","timestamp":"2026-09-17 13:47:58.944"}
{"level":"info","message":"================================================================================","metadata":{},"service":"ai-project","timestamp":"2026-09-17 13:47:58.944"}
{"level":"info","message":"================================================================================","metadata":{},"service":"ai-project","timestamp":"2026-09-17 13:48:58.949"}
{"level":"info","message":"性能监控指标","metadata":{},"service":"ai-project","timestamp":"2026-09-17 13:48:58.950"}
{"level":"info","message":"================================================================================","metadata":{},"service":"ai-project","timestamp":"2026-09-17 13:48:58.950"}
{"level":"info","message":"服务器运行时间: 3300 秒","metadata":{},"service":"ai-project","timestamp":"2026-09-17 13:48:58.950"}
{"level":"info","message":"总请求数: 428","metadata":{},"service":"ai-project","timestamp":"2026-09-17 13:48:58.950"}
{"level":"info","message":"成功请求数: 428","metadata":{},"service":"ai-project","timestamp":"2026-09-17 13:48:58.950"}
{"level":"info","message":"失败请求数: 0","metadata":{},"service":"ai-project","timestamp":"2026-09-17 13:48:58.950"}
{"level":"info","message":"请求成功率: 100.00%","metadata":{},"service":"ai-project","timestamp":"2026-09-17 13:48:58.950"}
{"level":"info","message":"平均响应时间: 10.49 ms","metadata":{},"service":"ai-project","timestamp":"2026-09-17 13:48:58.950"}
{"level":"info","message":"总接收数据: 235.73 KB","metadata":{},"service":"ai-project","timestamp":"2026-09-17 13:48:58.950"}
{"level":"info","message":"总发送数据: 15.88 KB","metadata":{},"service":"ai-project","timestamp":"2026-09-17 13:48:58.951"}
{"level":"info","message":"当前连接数: 0","metadata":{},"service":"ai-project","timestamp":"2026-09-17 13:48:58.951"}
{"level":"info","message":"连接池使用率: 0.00%","metadata":{},"service":"ai-project","timestamp":"2026-09-17 13:48:58.951"}
{"level":"info","message":"连接池峰值: 1","metadata":{},"service":"ai-project","timestamp":"2026-09-17 13:48:58.951"}
{"level":"info","message":"总连接数: 7","metadata":{},"service":"ai-project","timestamp":"2026-09-17 13:48:58.951"}
{"level":"info","message":"失败连接数: 0","metadata":{},"service":"ai-project","timestamp":"2026-09-17 13:48:58.951"}
{"level":"info","message":"已关闭连接数: 7","metadata":{},"service":"ai-project","timestamp":"2026-09-17 13:48:58.951"}
{"level":"info","message":"================================================================================","metadata":{},"service":"ai-project","timestamp":"2026-09-17 13:48:58.951"}
{"level":"info","message":"客户端 #8 已连接 - 172.20.10.14:49692","metadata":{"currentConnections":1,"maxConnections":1000},"service":"ai-project","timestamp":"2026-09-17 13:49:33.092"}
{"level":"info","message":"================================================================================","metadata":{},"service":"ai-project","timestamp":"2026-09-17 13:49:58.952"}
{"level":"info","message":"性能监控指标","metadata":{},"service":"ai-project","timestamp":"2026-09-17 13:49:58.953"}
{"level":"info","message":"================================================================================","metadata":{},"service":"ai-project","timestamp":"2026-09-17 13:49:58.953"}
{"level":"info","message":"服务器运行时间: 3360 秒","metadata":{},"service":"ai-project","timestamp":"2026-09-17 13:49:58.953"}
{"level":"info","message":"总请求数: 442","metadata":{},"service":"ai-project","timestamp":"2026-09-17 13:49:58.953"}
{"level":"info","message":"成功请求数: 442","metadata":{},"service":"ai-project","timestamp":"2026-09-17 13:49:58.954"}
{"level":"info","message":"失败请求数: 0","metadata":{},"service":"ai-project","timestamp":"2026-09-17 13:49:58.954"}
{"level":"info","message":"请求成功率: 100.00%","metadata":{},"service":"ai-project","timestamp":"2026-09-17 13:49:58.954"}
{"level":"info","message":"平均响应时间: 10.80 ms","metadata":{},"service":"ai-project","timestamp":"2026-09-17 13:49:58.954"}
{"level":"info","message":"总接收数据: 243.45 KB","metadata":{},"service":"ai-project","timestamp":"2026-09-17 13:49:58.954"}
{"level":"info","message":"总发送数据: 16.40 KB","metadata":{},"service":"ai-project","timestamp":"2026-09-17 13:49:58.955"}
{"level":"info","message":"当前连接数: 1","metadata":{},"service":"ai-project","timestamp":"2026-09-17 13:49:58.955"}
{"level":"info","message":"连接池使用率: 0.10%","metadata":{},"service":"ai-project","timestamp":"2026-09-17 13:49:58.955"}
{"level":"info","message":"连接池峰值: 1","metadata":{},"service":"ai-project","timestamp":"2026-09-17 13:49:58.955"}
{"level":"info","message":"总连接数: 8","metadata":{},"service":"ai-project","timestamp":"2026-09-17 13:49:58.955"}
{"level":"info","message":"失败连接数: 0","metadata":{},"service":"ai-project","timestamp":"2026-09-17 13:49:58.955"}
{"level":"info","message":"已关闭连接数: 7","metadata":{},"service":"ai-project","timestamp":"2026-09-17 13:49:58.955"}
{"level":"info","message":"================================================================================","metadata":{},"service":"ai-project","timestamp":"2026-09-17 13:49:58.955"}
{"level":"error","message":"客户端 #8 (172.20.10.14:49692) 连接错误","metadata":{"errorCode":"ECONNRESET","errorMessage":"read ECONNRESET"},"service":"ai-project","timestamp":"2026-09-17 13:50:48.676"}
{"level":"info","message":"连接被客户端重置","metadata":{"clientId":8,"clientInfo":"172.20.10.14:49692"},"service":"ai-project","timestamp":"2026-09-17 13:50:48.677"}
{"level":"info","message":"当前连接数: 0","metadata":{"clientId":8,"clientInfo":"172.20.10.14:49692"},"service":"ai-project","timestamp":"2026-09-17 13:50:48.677"}
{"level":"warn","message":"客户端 #8 (172.20.10.14:49692) 连接异常关闭","metadata":{"currentConnections":-1},"service":"ai-project","timestamp":"2026-09-17 13:50:48.677"}
{"level":"info","message":"================================================================================","metadata":{},"service":"ai-project","timestamp":"2026-09-17 13:50:58.961"}
{"level":"info","message":"性能监控指标","metadata":{},"service":"ai-project","timestamp":"2026-09-17 13:50:58.962"}
{"level":"info","message":"================================================================================","metadata":{},"service":"ai-project","timestamp":"2026-09-17 13:50:58.962"}
{"level":"info","message":"服务器运行时间: 3420 秒","metadata":{},"service":"ai-project","timestamp":"2026-09-17 13:50:58.962"}
{"level":"info","message":"总请求数: 459","metadata":{},"service":"ai-project","timestamp":"2026-09-17 13:50:58.962"}
{"level":"info","message":"成功请求数: 459","metadata":{},"service":"ai-project","timestamp":"2026-09-17 13:50:58.962"}
{"level":"info","message":"失败请求数: 0","metadata":{},"service":"ai-project","timestamp":"2026-09-17 13:50:58.962"}
{"level":"info","message":"请求成功率: 100.00%","metadata":{},"service":"ai-project","timestamp":"2026-09-17 13:50:58.962"}
{"level":"info","message":"平均响应时间: 11.12 ms","metadata":{},"service":"ai-project","timestamp":"2026-09-17 13:50:58.962"}
{"level":"info","message":"总接收数据: 252.81 KB","metadata":{},"service":"ai-project","timestamp":"2026-09-17 13:50:58.963"}
{"level":"info","message":"总发送数据: 17.03 KB","metadata":{},"service":"ai-project","timestamp":"2026-09-17 13:50:58.963"}
{"level":"info","message":"当前连接数: 0","metadata":{},"service":"ai-project","timestamp":"2026-09-17 13:50:58.963"}
{"level":"info","message":"连接池使用率: 0.00%","metadata":{},"service":"ai-project","timestamp":"2026-09-17 13:50:58.963"}
{"level":"info","message":"连接池峰值: 1","metadata":{},"service":"ai-project","timestamp":"2026-09-17 13:50:58.963"}
{"level":"info","message":"总连接数: 8","metadata":{},"service":"ai-project","timestamp":"2026-09-17 13:50:58.963"}
{"level":"info","message":"失败连接数: 0","metadata":{},"service":"ai-project","timestamp":"2026-09-17 13:50:58.963"}
{"level":"info","message":"已关闭连接数: 8","metadata":{},"service":"ai-project","timestamp":"2026-09-17 13:50:58.963"}
{"level":"info","message":"================================================================================","metadata":{},"service":"ai-project","timestamp":"2026-09-17 13:50:58.963"}
{"level":"info","message":"================================================================================","metadata":{},"service":"ai-project","timestamp":"2026-09-17 13:51:58.965"}
{"level":"info","message":"性能监控指标","metadata":{},"service":"ai-project","timestamp":"2026-09-17 13:51:58.966"}
{"level":"info","message":"================================================================================","metadata":{},"service":"ai-project","timestamp":"2026-09-17 13:51:58.966"}
{"level":"info","message":"服务器运行时间: 3480 秒","metadata":{},"service":"ai-project","timestamp":"2026-09-17 13:51:58.966"}
{"level":"info","message":"总请求数: 459","metadata":{},"service":"ai-project","timestamp":"2026-09-17 13:51:58.967"}
{"level":"info","message":"成功请求数: 459","metadata":{},"service":"ai-project","timestamp":"2026-09-17 13:51:58.967"}
{"level":"info","message":"失败请求数: 0","metadata":{},"service":"ai-project","timestamp":"2026-09-17 13:51:58.967"}
{"level":"info","message":"请求成功率: 100.00%","metadata":{},"service":"ai-project","timestamp":"2026-09-17 13:51:58.967"}
{"level":"info","message":"平均响应时间: 11.12 ms","metadata":{},"service":"ai-project","timestamp":"2026-09-17 13:51:58.967"}
{"level":"info","message":"总接收数据: 252.81 KB","metadata":{},"service":"ai-project","timestamp":"2026-09-17 13:51:58.967"}
{"level":"info","message":"总发送数据: 17.03 KB","metadata":{},"service":"ai-project","timestamp":"2026-09-17 13:51:58.967"}
{"level":"info","message":"当前连接数: 0","metadata":{},"service":"ai-project","timestamp":"2026-09-17 13:51:58.967"}
{"level":"info","message":"连接池使用率: 0.00%","metadata":{},"service":"ai-project","timestamp":"2026-09-17 13:51:58.967"}
{"level":"info","message":"连接池峰值: 1","metadata":{},"service":"ai-project","timestamp":"2026-09-17 13:51:58.967"}
{"level":"info","message":"总连接数: 8","metadata":{},"service":"ai-project","timestamp":"2026-09-17 13:51:58.967"}
{"level":"info","message":"失败连接数: 0","metadata":{},"service":"ai-project","timestamp":"2026-09-17 13:51:58.967"}
{"level":"info","message":"已关闭连接数: 8","metadata":{},"service":"ai-project","timestamp":"2026-09-17 13:51:58.968"}
{"level":"info","message":"================================================================================","metadata":{},"service":"ai-project","timestamp":"2026-09-17 13:51:58.968"}
{"level":"info","message":"================================================================================","metadata":{},"service":"ai-project","timestamp":"2026-09-17 13:52:58.973"}
{"level":"info","message":"性能监控指标","metadata":{},"service":"ai-project","timestamp":"2026-09-17 13:52:58.973"}
{"level":"info","message":"================================================================================","metadata":{},"service":"ai-project","timestamp":"2026-09-17 13:52:58.974"}
{"level":"info","message":"服务器运行时间: 3540 秒","metadata":{},"service":"ai-project","timestamp":"2026-09-17 13:52:58.974"}
{"level":"info","message":"总请求数: 459","metadata":{},"service":"ai-project","timestamp":"2026-09-17 13:52:58.974"}
{"level":"info","message":"成功请求数: 459","metadata":{},"service":"ai-project","timestamp":"2026-09-17 13:52:58.974"}
{"level":"info","message":"失败请求数: 0","metadata":{},"service":"ai-project","timestamp":"2026-09-17 13:52:58.974"}
{"level":"info","message":"请求成功率: 100.00%","metadata":{},"service":"ai-project","timestamp":"2026-09-17 13:52:58.974"}
{"level":"info","message":"平均响应时间: 11.12 ms","metadata":{},"service":"ai-project","timestamp":"2026-09-17 13:52:58.974"}
{"level":"info","message":"总接收数据: 252.81 KB","metadata":{},"service":"ai-project","timestamp":"2026-09-17 13:52:58.974"}
{"level":"info","message":"总发送数据: 17.03 KB","metadata":{},"service":"ai-project","timestamp":"2026-09-17 13:52:58.974"}
{"level":"info","message":"当前连接数: 0","metadata":{},"service":"ai-project","timestamp":"2026-09-17 13:52:58.974"}
{"level":"info","message":"连接池使用率: 0.00%","metadata":{},"service":"ai-project","timestamp":"2026-09-17 13:52:58.974"}
{"level":"info","message":"连接池峰值: 1","metadata":{},"service":"ai-project","timestamp":"2026-09-17 13:52:58.974"}
{"level":"info","message":"总连接数: 8","metadata":{},"service":"ai-project","timestamp":"2026-09-17 13:52:58.974"}
{"level":"info","message":"失败连接数: 0","metadata":{},"service":"ai-project","timestamp":"2026-09-17 13:52:58.975"}
{"level":"info","message":"已关闭连接数: 8","metadata":{},"service":"ai-project","timestamp":"2026-09-17 13:52:58.975"}
{"level":"info","message":"================================================================================","metadata":{},"service":"ai-project","timestamp":"2026-09-17 13:52:58.975"}
{"level":"info","message":"================================================================================","metadata":{},"service":"ai-project","timestamp":"2026-09-17 13:53:58.976"}
{"level":"info","message":"性能监控指标","metadata":{},"service":"ai-project","timestamp":"2026-09-17 13:53:58.977"}
{"level":"info","message":"================================================================================","metadata":{},"service":"ai-project","timestamp":"2026-09-17 13:53:58.977"}
{"level":"info","message":"服务器运行时间: 3600 秒","metadata":{},"service":"ai-project","timestamp":"2026-09-17 13:53:58.977"}
{"level":"info","message":"总请求数: 459","metadata":{},"service":"ai-project","timestamp":"2026-09-17 13:53:58.978"}
{"level":"info","message":"成功请求数: 459","metadata":{},"service":"ai-project","timestamp":"2026-09-17 13:53:58.978"}
{"level":"info","message":"失败请求数: 0","metadata":{},"service":"ai-project","timestamp":"2026-09-17 13:53:58.978"}
{"level":"info","message":"请求成功率: 100.00%","metadata":{},"service":"ai-project","timestamp":"2026-09-17 13:53:58.978"}
{"level":"info","message":"平均响应时间: 11.12 ms","metadata":{},"service":"ai-project","timestamp":"2026-09-17 13:53:58.978"}
{"level":"info","message":"总接收数据: 252.81 KB","metadata":{},"service":"ai-project","timestamp":"2026-09-17 13:53:58.978"}
{"level":"info","message":"总发送数据: 17.03 KB","metadata":{},"service":"ai-project","timestamp":"2026-09-17 13:53:58.978"}
{"level":"info","message":"当前连接数: 0","metadata":{},"service":"ai-project","timestamp":"2026-09-17 13:53:58.978"}
{"level":"info","message":"连接池使用率: 0.00%","metadata":{},"service":"ai-project","timestamp":"2026-09-17 13:53:58.978"}
{"level":"info","message":"连接池峰值: 1","metadata":{},"service":"ai-project","timestamp":"2026-09-17 13:53:58.978"}
{"level":"info","message":"总连接数: 8","metadata":{},"service":"ai-project","timestamp":"2026-09-17 13:53:58.978"}
{"level":"info","message":"失败连接数: 0","metadata":{},"service":"ai-project","timestamp":"2026-09-17 13:53:58.978"}
{"level":"info","message":"已关闭连接数: 8","metadata":{},"service":"ai-project","timestamp":"2026-09-17 13:53:58.978"}
{"level":"info","message":"================================================================================","metadata":{},"service":"ai-project","timestamp":"2026-09-17 13:53:58.979"}
{"level":"info","message":"================================================================================","metadata":{},"service":"ai-project","timestamp":"2026-09-17 13:54:58.988"}
{"level":"info","message":"性能监控指标","metadata":{},"service":"ai-project","timestamp":"2026-09-17 13:54:58.988"}
{"level":"info","message":"================================================================================","metadata":{},"service":"ai-project","timestamp":"2026-09-17 13:54:58.988"}
{"level":"info","message":"服务器运行时间: 3660 秒","metadata":{},"service":"ai-project","timestamp":"2026-09-17 13:54:58.988"}
{"level":"info","message":"总请求数: 459","metadata":{},"service":"ai-project","timestamp":"2026-09-17 13:54:58.988"}
{"level":"info","message":"成功请求数: 459","metadata":{},"service":"ai-project","timestamp":"2026-09-17 13:54:58.989"}
{"level":"info","message":"失败请求数: 0","metadata":{},"service":"ai-project","timestamp":"2026-09-17 13:54:58.989"}
{"level":"info","message":"请求成功率: 100.00%","metadata":{},"service":"ai-project","timestamp":"2026-09-17 13:54:58.989"}
{"level":"info","message":"平均响应时间: 11.12 ms","metadata":{},"service":"ai-project","timestamp":"2026-09-17 13:54:58.989"}
{"level":"info","message":"总接收数据: 252.81 KB","metadata":{},"service":"ai-project","timestamp":"2026-09-17 13:54:58.989"}
{"level":"info","message":"总发送数据: 17.03 KB","metadata":{},"service":"ai-project","timestamp":"2026-09-17 13:54:58.990"}
{"level":"info","message":"当前连接数: 0","metadata":{},"service":"ai-project","timestamp":"2026-09-17 13:54:58.990"}
{"level":"info","message":"连接池使用率: 0.00%","metadata":{},"service":"ai-project","timestamp":"2026-09-17 13:54:58.990"}
{"level":"info","message":"连接池峰值: 1","metadata":{},"service":"ai-project","timestamp":"2026-09-17 13:54:58.990"}
{"level":"info","message":"总连接数: 8","metadata":{},"service":"ai-project","timestamp":"2026-09-17 13:54:58.990"}
{"level":"info","message":"失败连接数: 0","metadata":{},"service":"ai-project","timestamp":"2026-09-17 13:54:58.990"}
{"level":"info","message":"已关闭连接数: 8","metadata":{},"service":"ai-project","timestamp":"2026-09-17 13:54:58.990"}
{"level":"info","message":"================================================================================","metadata":{},"service":"ai-project","timestamp":"2026-09-17 13:54:58.990"}
{"level":"info","message":"================================================================================","metadata":{},"service":"ai-project","timestamp":"2026-09-17 13:55:58.988"}
{"level":"info","message":"性能监控指标","metadata":{},"service":"ai-project","timestamp":"2026-09-17 13:55:58.989"}
{"level":"info","message":"================================================================================","metadata":{},"service":"ai-project","timestamp":"2026-09-17 13:55:58.989"}
{"level":"info","message":"服务器运行时间: 3720 秒","metadata":{},"service":"ai-project","timestamp":"2026-09-17 13:55:58.989"}
{"level":"info","message":"总请求数: 459","metadata":{},"service":"ai-project","timestamp":"2026-09-17 13:55:58.989"}
{"level":"info","message":"成功请求数: 459","metadata":{},"service":"ai-project","timestamp":"2026-09-17 13:55:58.989"}
{"level":"info","message":"失败请求数: 0","metadata":{},"service":"ai-project","timestamp":"2026-09-17 13:55:58.989"}
{"level":"info","message":"请求成功率: 100.00%","metadata":{},"service":"ai-project","timestamp":"2026-09-17 13:55:58.989"}
{"level":"info","message":"平均响应时间: 11.12 ms","metadata":{},"service":"ai-project","timestamp":"2026-09-17 13:55:58.990"}
{"level":"info","message":"总接收数据: 252.81 KB","metadata":{},"service":"ai-project","timestamp":"2026-09-17 13:55:58.990"}
{"level":"info","message":"总发送数据: 17.03 KB","metadata":{},"service":"ai-project","timestamp":"2026-09-17 13:55:58.990"}
{"level":"info","message":"当前连接数: 0","metadata":{},"service":"ai-project","timestamp":"2026-09-17 13:55:58.990"}
{"level":"info","message":"连接池使用率: 0.00%","metadata":{},"service":"ai-project","timestamp":"2026-09-17 13:55:58.990"}
{"level":"info","message":"连接池峰值: 1","metadata":{},"service":"ai-project","timestamp":"2026-09-17 13:55:58.990"}
{"level":"info","message":"总连接数: 8","metadata":{},"service":"ai-project","timestamp":"2026-09-17 13:55:58.990"}
{"level":"info","message":"失败连接数: 0","metadata":{},"service":"ai-project","timestamp":"2026-09-17 13:55:58.990"}
{"level":"info","message":"已关闭连接数: 8","metadata":{},"service":"ai-project","timestamp":"2026-09-17 13:55:58.990"}
{"level":"info","message":"================================================================================","metadata":{},"service":"ai-project","timestamp":"2026-09-17 13:55:58.990"}
{"level":"info","message":"================================================================================","metadata":{},"service":"ai-project","timestamp":"2026-09-17 13:56:58.996"}
{"level":"info","message":"性能监控指标","metadata":{},"service":"ai-project","timestamp":"2026-09-17 13:56:58.996"}
{"level":"info","message":"================================================================================","metadata":{},"service":"ai-project","timestamp":"2026-09-17 13:56:58.997"}
{"level":"info","message":"服务器运行时间: 3780 秒","metadata":{},"service":"ai-project","timestamp":"2026-09-17 13:56:58.997"}
{"level":"info","message":"总请求数: 459","metadata":{},"service":"ai-project","timestamp":"2026-09-17 13:56:58.997"}
{"level":"info","message":"成功请求数: 459","metadata":{},"service":"ai-project","timestamp":"2026-09-17 13:56:58.997"}
{"level":"info","message":"失败请求数: 0","metadata":{},"service":"ai-project","timestamp":"2026-09-17 13:56:58.997"}
{"level":"info","message":"请求成功率: 100.00%","metadata":{},"service":"ai-project","timestamp":"2026-09-17 13:56:58.997"}
{"level":"info","message":"平均响应时间: 11.12 ms","metadata":{},"service":"ai-project","timestamp":"2026-09-17 13:56:58.997"}
{"level":"info","message":"总接收数据: 252.81 KB","metadata":{},"service":"ai-project","timestamp":"2026-09-17 13:56:58.997"}
{"level":"info","message":"总发送数据: 17.03 KB","metadata":{},"service":"ai-project","timestamp":"2026-09-17 13:56:58.997"}
{"level":"info","message":"当前连接数: 0","metadata":{},"service":"ai-project","timestamp":"2026-09-17 13:56:58.997"}
{"level":"info","message":"连接池使用率: 0.00%","metadata":{},"service":"ai-project","timestamp":"2026-09-17 13:56:58.997"}
{"level":"info","message":"连接池峰值: 1","metadata":{},"service":"ai-project","timestamp":"2026-09-17 13:56:58.998"}
{"level":"info","message":"总连接数: 8","metadata":{},"service":"ai-project","timestamp":"2026-09-17 13:56:58.998"}
{"level":"info","message":"失败连接数: 0","metadata":{},"service":"ai-project","timestamp":"2026-09-17 13:56:58.998"}
{"level":"info","message":"已关闭连接数: 8","metadata":{},"service":"ai-project","timestamp":"2026-09-17 13:56:58.998"}
{"level":"info","message":"================================================================================","metadata":{},"service":"ai-project","timestamp":"2026-09-17 13:56:58.998"}
{"level":"info","message":"================================================================================","metadata":{},"service":"ai-project","timestamp":"2026-09-17 13:57:59.005"}
{"level":"info","message":"性能监控指标","metadata":{},"service":"ai-project","timestamp":"2026-09-17 13:57:59.006"}
{"level":"info","message":"================================================================================","metadata":{},"service":"ai-project","timestamp":"2026-09-17 13:57:59.006"}
{"level":"info","message":"服务器运行时间: 3840 秒","metadata":{},"service":"ai-project","timestamp":"2026-09-17 13:57:59.006"}
{"level":"info","message":"总请求数: 459","metadata":{},"service":"ai-project","timestamp":"2026-09-17 13:57:59.006"}
{"level":"info","message":"成功请求数: 459","metadata":{},"service":"ai-project","timestamp":"2026-09-17 13:57:59.007"}
{"level":"info","message":"失败请求数: 0","metadata":{},"service":"ai-project","timestamp":"2026-09-17 13:57:59.007"}
{"level":"info","message":"请求成功率: 100.00%","metadata":{},"service":"ai-project","timestamp":"2026-09-17 13:57:59.007"}
{"level":"info","message":"平均响应时间: 11.12 ms","metadata":{},"service":"ai-project","timestamp":"2026-09-17 13:57:59.007"}
{"level":"info","message":"总接收数据: 252.81 KB","metadata":{},"service":"ai-project","timestamp":"2026-09-17 13:57:59.007"}
{"level":"info","message":"总发送数据: 17.03 KB","metadata":{},"service":"ai-project","timestamp":"2026-09-17 13:57:59.007"}
{"level":"info","message":"当前连接数: 0","metadata":{},"service":"ai-project","timestamp":"2026-09-17 13:57:59.007"}
{"level":"info","message":"连接池使用率: 0.00%","metadata":{},"service":"ai-project","timestamp":"2026-09-17 13:57:59.008"}
{"level":"info","message":"连接池峰值: 1","metadata":{},"service":"ai-project","timestamp":"2026-09-17 13:57:59.008"}
{"level":"info","message":"总连接数: 8","metadata":{},"service":"ai-project","timestamp":"2026-09-17 13:57:59.008"}
{"level":"info","message":"失败连接数: 0","metadata":{},"service":"ai-project","timestamp":"2026-09-17 13:57:59.008"}
{"level":"info","message":"已关闭连接数: 8","metadata":{},"service":"ai-project","timestamp":"2026-09-17 13:57:59.008"}
{"level":"info","message":"================================================================================","metadata":{},"service":"ai-project","timestamp":"2026-09-17 13:57:59.008"}
{"level":"info","message":"================================================================================","metadata":{},"service":"ai-project","timestamp":"2026-09-17 13:58:59.010"}
{"level":"info","message":"性能监控指标","metadata":{},"service":"ai-project","timestamp":"2026-09-17 13:58:59.011"}
{"level":"info","message":"================================================================================","metadata":{},"service":"ai-project","timestamp":"2026-09-17 13:58:59.011"}
{"level":"info","message":"服务器运行时间: 3900 秒","metadata":{},"service":"ai-project","timestamp":"2026-09-17 13:58:59.011"}
{"level":"info","message":"总请求数: 459","metadata":{},"service":"ai-project","timestamp":"2026-09-17 13:58:59.011"}
{"level":"info","message":"成功请求数: 459","metadata":{},"service":"ai-project","timestamp":"2026-09-17 13:58:59.011"}
{"level":"info","message":"失败请求数: 0","metadata":{},"service":"ai-project","timestamp":"2026-09-17 13:58:59.012"}
{"level":"info","message":"请求成功率: 100.00%","metadata":{},"service":"ai-project","timestamp":"2026-09-17 13:58:59.012"}
{"level":"info","message":"平均响应时间: 11.12 ms","metadata":{},"service":"ai-project","timestamp":"2026-09-17 13:58:59.012"}
{"level":"info","message":"总接收数据: 252.81 KB","metadata":{},"service":"ai-project","timestamp":"2026-09-17 13:58:59.012"}
{"level":"info","message":"总发送数据: 17.03 KB","metadata":{},"service":"ai-project","timestamp":"2026-09-17 13:58:59.012"}
{"level":"info","message":"当前连接数: 0","metadata":{},"service":"ai-project","timestamp":"2026-09-17 13:58:59.012"}
{"level":"info","message":"连接池使用率: 0.00%","metadata":{},"service":"ai-project","timestamp":"2026-09-17 13:58:59.012"}
{"level":"info","message":"连接池峰值: 1","metadata":{},"service":"ai-project","timestamp":"2026-09-17 13:58:59.012"}
{"level":"info","message":"总连接数: 8","metadata":{},"service":"ai-project","timestamp":"2026-09-17 13:58:59.012"}
{"level":"info","message":"失败连接数: 0","metadata":{},"service":"ai-project","timestamp":"2026-09-17 13:58:59.012"}
{"level":"info","message":"已关闭连接数: 8","metadata":{},"service":"ai-project","timestamp":"2026-09-17 13:58:59.012"}
{"level":"info","message":"================================================================================","metadata":{},"service":"ai-project","timestamp":"2026-09-17 13:58:59.012"}
{"level":"info","message":"================================================================================","metadata":{},"service":"ai-project","timestamp":"2026-09-17 13:59:59.014"}
{"level":"info","message":"性能监控指标","metadata":{},"service":"ai-project","timestamp":"2026-09-17 13:59:59.014"}
{"level":"info","message":"================================================================================","metadata":{},"service":"ai-project","timestamp":"2026-09-17 13:59:59.014"}
{"level":"info","message":"服务器运行时间: 3960 秒","metadata":{},"service":"ai-project","timestamp":"2026-09-17 13:59:59.014"}
{"level":"info","message":"总请求数: 459","metadata":{},"service":"ai-project","timestamp":"2026-09-17 13:59:59.014"}
{"level":"info","message":"成功请求数: 459","metadata":{},"service":"ai-project","timestamp":"2026-09-17 13:59:59.015"}
{"level":"info","message":"失败请求数: 0","metadata":{},"service":"ai-project","timestamp":"2026-09-17 13:59:59.015"}
{"level":"info","message":"请求成功率: 100.00%","metadata":{},"service":"ai-project","timestamp":"2026-09-17 13:59:59.015"}
{"level":"info","message":"平均响应时间: 11.12 ms","metadata":{},"service":"ai-project","timestamp":"2026-09-17 13:59:59.015"}
{"level":"info","message":"总接收数据: 252.81 KB","metadata":{},"service":"ai-project","timestamp":"2026-09-17 13:59:59.015"}
{"level":"info","message":"总发送数据: 17.03 KB","metadata":{},"service":"ai-project","timestamp":"2026-09-17 13:59:59.015"}
{"level":"info","message":"当前连接数: 0","metadata":{},"service":"ai-project","timestamp":"2026-09-17 13:59:59.015"}
{"level":"info","message":"连接池使用率: 0.00%","metadata":{},"service":"ai-project","timestamp":"2026-09-17 13:59:59.015"}
{"level":"info","message":"连接池峰值: 1","metadata":{},"service":"ai-project","timestamp":"2026-09-17 13:59:59.015"}
{"level":"info","message":"总连接数: 8","metadata":{},"service":"ai-project","timestamp":"2026-09-17 13:59:59.015"}
{"level":"info","message":"失败连接数: 0","metadata":{},"service":"ai-project","timestamp":"2026-09-17 13:59:59.015"}
{"level":"info","message":"已关闭连接数: 8","metadata":{},"service":"ai-project","timestamp":"2026-09-17 13:59:59.015"}
{"level":"info","message":"================================================================================","metadata":{},"service":"ai-project","timestamp":"2026-09-17 13:59:59.015"}
{"level":"info","message":"================================================================================","metadata":{},"service":"ai-project","timestamp":"2026-09-17 14:00:59.022"}
{"level":"info","message":"性能监控指标","metadata":{},"service":"ai-project","timestamp":"2026-09-17 14:00:59.022"}
{"level":"info","message":"================================================================================","metadata":{},"service":"ai-project","timestamp":"2026-09-17 14:00:59.022"}
{"level":"info","message":"服务器运行时间: 4020 秒","metadata":{},"service":"ai-project","timestamp":"2026-09-17 14:00:59.022"}
{"level":"info","message":"总请求数: 459","metadata":{},"service":"ai-project","timestamp":"2026-09-17 14:00:59.023"}
{"level":"info","message":"成功请求数: 459","metadata":{},"service":"ai-project","timestamp":"2026-09-17 14:00:59.023"}
{"level":"info","message":"失败请求数: 0","metadata":{},"service":"ai-project","timestamp":"2026-09-17 14:00:59.023"}
{"level":"info","message":"请求成功率: 100.00%","metadata":{},"service":"ai-project","timestamp":"2026-09-17 14:00:59.023"}
{"level":"info","message":"平均响应时间: 11.12 ms","metadata":{},"service":"ai-project","timestamp":"2026-09-17 14:00:59.023"}
{"level":"info","message":"总接收数据: 252.81 KB","metadata":{},"service":"ai-project","timestamp":"2026-09-17 14:00:59.023"}
{"level":"info","message":"总发送数据: 17.03 KB","metadata":{},"service":"ai-project","timestamp":"2026-09-17 14:00:59.023"}
{"level":"info","message":"当前连接数: 0","metadata":{},"service":"ai-project","timestamp":"2026-09-17 14:00:59.023"}
{"level":"info","message":"连接池使用率: 0.00%","metadata":{},"service":"ai-project","timestamp":"2026-09-17 14:00:59.023"}
{"level":"info","message":"连接池峰值: 1","metadata":{},"service":"ai-project","timestamp":"2026-09-17 14:00:59.023"}
{"level":"info","message":"总连接数: 8","metadata":{},"service":"ai-project","timestamp":"2026-09-17 14:00:59.023"}
{"level":"info","message":"失败连接数: 0","metadata":{},"service":"ai-project","timestamp":"2026-09-17 14:00:59.023"}
{"level":"info","message":"已关闭连接数: 8","metadata":{},"service":"ai-project","timestamp":"2026-09-17 14:00:59.024"}
{"level":"info","message":"================================================================================","metadata":{},"service":"ai-project","timestamp":"2026-09-17 14:00:59.024"}
{"level":"info","message":"================================================================================","metadata":{},"service":"ai-project","timestamp":"2026-09-17 14:01:59.030"}
{"level":"info","message":"性能监控指标","metadata":{},"service":"ai-project","timestamp":"2026-09-17 14:01:59.030"}
{"level":"info","message":"================================================================================","metadata":{},"service":"ai-project","timestamp":"2026-09-17 14:01:59.031"}
{"level":"info","message":"服务器运行时间: 4080 秒","metadata":{},"service":"ai-project","timestamp":"2026-09-17 14:01:59.031"}
{"level":"info","message":"总请求数: 459","metadata":{},"service":"ai-project","timestamp":"2026-09-17 14:01:59.031"}
{"level":"info","message":"成功请求数: 459","metadata":{},"service":"ai-project","timestamp":"2026-09-17 14:01:59.031"}
{"level":"info","message":"失败请求数: 0","metadata":{},"service":"ai-project","timestamp":"2026-09-17 14:01:59.031"}
{"level":"info","message":"请求成功率: 100.00%","metadata":{},"service":"ai-project","timestamp":"2026-09-17 14:01:59.031"}
{"level":"info","message":"平均响应时间: 11.12 ms","metadata":{},"service":"ai-project","timestamp":"2026-09-17 14:01:59.031"}
{"level":"info","message":"总接收数据: 252.81 KB","metadata":{},"service":"ai-project","timestamp":"2026-09-17 14:01:59.031"}
{"level":"info","message":"总发送数据: 17.03 KB","metadata":{},"service":"ai-project","timestamp":"2026-09-17 14:01:59.031"}
{"level":"info","message":"当前连接数: 0","metadata":{},"service":"ai-project","timestamp":"2026-09-17 14:01:59.031"}
{"level":"info","message":"连接池使用率: 0.00%","metadata":{},"service":"ai-project","timestamp":"2026-09-17 14:01:59.032"}
{"level":"info","message":"连接池峰值: 1","metadata":{},"service":"ai-project","timestamp":"2026-09-17 14:01:59.032"}
{"level":"info","message":"总连接数: 8","metadata":{},"service":"ai-project","timestamp":"2026-09-17 14:01:59.032"}
{"level":"info","message":"失败连接数: 0","metadata":{},"service":"ai-project","timestamp":"2026-09-17 14:01:59.032"}
{"level":"info","message":"已关闭连接数: 8","metadata":{},"service":"ai-project","timestamp":"2026-09-17 14:01:59.032"}
{"level":"info","message":"================================================================================","metadata":{},"service":"ai-project","timestamp":"2026-09-17 14:01:59.033"}
{"level":"info","message":"================================================================================","metadata":{},"service":"ai-project","timestamp":"2026-09-17 14:02:59.041"}
{"level":"info","message":"性能监控指标","metadata":{},"service":"ai-project","timestamp":"2026-09-17 14:02:59.042"}
{"level":"info","message":"================================================================================","metadata":{},"service":"ai-project","timestamp":"2026-09-17 14:02:59.042"}
{"level":"info","message":"服务器运行时间: 4140 秒","metadata":{},"service":"ai-project","timestamp":"2026-09-17 14:02:59.042"}
{"level":"info","message":"总请求数: 459","metadata":{},"service":"ai-project","timestamp":"2026-09-17 14:02:59.042"}
{"level":"info","message":"成功请求数: 459","metadata":{},"service":"ai-project","timestamp":"2026-09-17 14:02:59.042"}
{"level":"info","message":"失败请求数: 0","metadata":{},"service":"ai-project","timestamp":"2026-09-17 14:02:59.042"}
{"level":"info","message":"请求成功率: 100.00%","metadata":{},"service":"ai-project","timestamp":"2026-09-17 14:02:59.042"}
{"level":"info","message":"平均响应时间: 11.12 ms","metadata":{},"service":"ai-project","timestamp":"2026-09-17 14:02:59.042"}
{"level":"info","message":"总接收数据: 252.81 KB","metadata":{},"service":"ai-project","timestamp":"2026-09-17 14:02:59.042"}
{"level":"info","message":"总发送数据: 17.03 KB","metadata":{},"service":"ai-project","timestamp":"2026-09-17 14:02:59.042"}
{"level":"info","message":"当前连接数: 0","metadata":{},"service":"ai-project","timestamp":"2026-09-17 14:02:59.043"}
{"level":"info","message":"连接池使用率: 0.00%","metadata":{},"service":"ai-project","timestamp":"2026-09-17 14:02:59.043"}
{"level":"info","message":"连接池峰值: 1","metadata":{},"service":"ai-project","timestamp":"2026-09-17 14:02:59.043"}
{"level":"info","message":"总连接数: 8","metadata":{},"service":"ai-project","timestamp":"2026-09-17 14:02:59.043"}
{"level":"info","message":"失败连接数: 0","metadata":{},"service":"ai-project","timestamp":"2026-09-17 14:02:59.043"}
{"level":"info","message":"已关闭连接数: 8","metadata":{},"service":"ai-project","timestamp":"2026-09-17 14:02:59.043"}
{"level":"info","message":"================================================================================","metadata":{},"service":"ai-project","timestamp":"2026-09-17 14:02:59.043"}
{"level":"info","message":"================================================================================","metadata":{},"service":"ai-project","timestamp":"2026-09-17 14:03:59.043"}
{"level":"info","message":"性能监控指标","metadata":{},"service":"ai-project","timestamp":"2026-09-17 14:03:59.043"}
{"level":"info","message":"================================================================================","metadata":{},"service":"ai-project","timestamp":"2026-09-17 14:03:59.043"}
{"level":"info","message":"服务器运行时间: 4200 秒","metadata":{},"service":"ai-project","timestamp":"2026-09-17 14:03:59.043"}
{"level":"info","message":"总请求数: 459","metadata":{},"service":"ai-project","timestamp":"2026-09-17 14:03:59.043"}
{"level":"info","message":"成功请求数: 459","metadata":{},"service":"ai-project","timestamp":"2026-09-17 14:03:59.043"}
{"level":"info","message":"失败请求数: 0","metadata":{},"service":"ai-project","timestamp":"2026-09-17 14:03:59.044"}
{"level":"info","message":"请求成功率: 100.00%","metadata":{},"service":"ai-project","timestamp":"2026-09-17 14:03:59.044"}
{"level":"info","message":"平均响应时间: 11.12 ms","metadata":{},"service":"ai-project","timestamp":"2026-09-17 14:03:59.044"}
{"level":"info","message":"总接收数据: 252.81 KB","metadata":{},"service":"ai-project","timestamp":"2026-09-17 14:03:59.044"}
{"level":"info","message":"总发送数据: 17.03 KB","metadata":{},"service":"ai-project","timestamp":"2026-09-17 14:03:59.044"}
{"level":"info","message":"当前连接数: 0","metadata":{},"service":"ai-project","timestamp":"2026-09-17 14:03:59.044"}
{"level":"info","message":"连接池使用率: 0.00%","metadata":{},"service":"ai-project","timestamp":"2026-09-17 14:03:59.044"}
{"level":"info","message":"连接池峰值: 1","metadata":{},"service":"ai-project","timestamp":"2026-09-17 14:03:59.044"}
{"level":"info","message":"总连接数: 8","metadata":{},"service":"ai-project","timestamp":"2026-09-17 14:03:59.044"}
{"level":"info","message":"失败连接数: 0","metadata":{},"service":"ai-project","timestamp":"2026-09-17 14:03:59.044"}
{"level":"info","message":"已关闭连接数: 8","metadata":{},"service":"ai-project","timestamp":"2026-09-17 14:03:59.045"}
{"level":"info","message":"================================================================================","metadata":{},"service":"ai-project","timestamp":"2026-09-17 14:03:59.045"}
{"level":"info","message":"================================================================================","metadata":{},"service":"ai-project","timestamp":"2026-09-17 14:04:59.043"}
{"level":"info","message":"性能监控指标","metadata":{},"service":"ai-project","timestamp":"2026-09-17 14:04:59.044"}
{"level":"info","message":"================================================================================","metadata":{},"service":"ai-project","timestamp":"2026-09-17 14:04:59.044"}
{"level":"info","message":"服务器运行时间: 4260 秒","metadata":{},"service":"ai-project","timestamp":"2026-09-17 14:04:59.044"}
{"level":"info","message":"总请求数: 459","metadata":{},"service":"ai-project","timestamp":"2026-09-17 14:04:59.044"}
{"level":"info","message":"成功请求数: 459","metadata":{},"service":"ai-project","timestamp":"2026-09-17 14:04:59.045"}
{"level":"info","message":"失败请求数: 0","metadata":{},"service":"ai-project","timestamp":"2026-09-17 14:04:59.045"}
{"level":"info","message":"请求成功率: 100.00%","metadata":{},"service":"ai-project","timestamp":"2026-09-17 14:04:59.045"}
{"level":"info","message":"平均响应时间: 11.12 ms","metadata":{},"service":"ai-project","timestamp":"2026-09-17 14:04:59.045"}
{"level":"info","message":"总接收数据: 252.81 KB","metadata":{},"service":"ai-project","timestamp":"2026-09-17 14:04:59.045"}
{"level":"info","message":"总发送数据: 17.03 KB","metadata":{},"service":"ai-project","timestamp":"2026-09-17 14:04:59.045"}
{"level":"info","message":"当前连接数: 0","metadata":{},"service":"ai-project","timestamp":"2026-09-17 14:04:59.045"}
{"level":"info","message":"连接池使用率: 0.00%","metadata":{},"service":"ai-project","timestamp":"2026-09-17 14:04:59.045"}
{"level":"info","message":"连接池峰值: 1","metadata":{},"service":"ai-project","timestamp":"2026-09-17 14:04:59.045"}
{"level":"info","message":"总连接数: 8","metadata":{},"service":"ai-project","timestamp":"2026-09-17 14:04:59.045"}
{"level":"info","message":"失败连接数: 0","metadata":{},"service":"ai-project","timestamp":"2026-09-17 14:04:59.045"}
{"level":"info","message":"已关闭连接数: 8","metadata":{},"service":"ai-project","timestamp":"2026-09-17 14:04:59.045"}
{"level":"info","message":"================================================================================","metadata":{},"service":"ai-project","timestamp":"2026-09-17 14:04:59.046"}
{"level":"info","message":"================================================================================","metadata":{},"service":"ai-project","timestamp":"2026-09-17 14:05:59.046"}
{"level":"info","message":"性能监控指标","metadata":{},"service":"ai-project","timestamp":"2026-09-17 14:05:59.046"}
{"level":"info","message":"================================================================================","metadata":{},"service":"ai-project","timestamp":"2026-09-17 14:05:59.047"}
{"level":"info","message":"服务器运行时间: 4320 秒","metadata":{},"service":"ai-project","timestamp":"2026-09-17 14:05:59.047"}
{"level":"info","message":"总请求数: 459","metadata":{},"service":"ai-project","timestamp":"2026-09-17 14:05:59.047"}
{"level":"info","message":"成功请求数: 459","metadata":{},"service":"ai-project","timestamp":"2026-09-17 14:05:59.047"}
{"level":"info","message":"失败请求数: 0","metadata":{},"service":"ai-project","timestamp":"2026-09-17 14:05:59.047"}
{"level":"info","message":"请求成功率: 100.00%","metadata":{},"service":"ai-project","timestamp":"2026-09-17 14:05:59.047"}
{"level":"info","message":"平均响应时间: 11.12 ms","metadata":{},"service":"ai-project","timestamp":"2026-09-17 14:05:59.047"}
{"level":"info","message":"总接收数据: 252.81 KB","metadata":{},"service":"ai-project","timestamp":"2026-09-17 14:05:59.047"}
{"level":"info","message":"总发送数据: 17.03 KB","metadata":{},"service":"ai-project","timestamp":"2026-09-17 14:05:59.047"}
{"level":"info","message":"当前连接数: 0","metadata":{},"service":"ai-project","timestamp":"2026-09-17 14:05:59.047"}
{"level":"info","message":"连接池使用率: 0.00%","metadata":{},"service":"ai-project","timestamp":"2026-09-17 14:05:59.047"}
{"level":"info","message":"连接池峰值: 1","metadata":{},"service":"ai-project","timestamp":"2026-09-17 14:05:59.048"}
{"level":"info","message":"总连接数: 8","metadata":{},"service":"ai-project","timestamp":"2026-09-17 14:05:59.048"}
{"level":"info","message":"失败连接数: 0","metadata":{},"service":"ai-project","timestamp":"2026-09-17 14:05:59.048"}
{"level":"info","message":"已关闭连接数: 8","metadata":{},"service":"ai-project","timestamp":"2026-09-17 14:05:59.048"}
{"level":"info","message":"================================================================================","metadata":{},"service":"ai-project","timestamp":"2026-09-17 14:05:59.048"}
{"level":"info","message":"================================================================================","metadata":{},"service":"ai-project","timestamp":"2026-09-17 14:06:59.049"}
{"level":"info","message":"性能监控指标","metadata":{},"service":"ai-project","timestamp":"2026-09-17 14:06:59.049"}
{"level":"info","message":"================================================================================","metadata":{},"service":"ai-project","timestamp":"2026-09-17 14:06:59.049"}
{"level":"info","message":"服务器运行时间: 4380 秒","metadata":{},"service":"ai-project","timestamp":"2026-09-17 14:06:59.050"}
{"level":"info","message":"总请求数: 459","metadata":{},"service":"ai-project","timestamp":"2026-09-17 14:06:59.050"}
{"level":"info","message":"成功请求数: 459","metadata":{},"service":"ai-project","timestamp":"2026-09-17 14:06:59.050"}
{"level":"info","message":"失败请求数: 0","metadata":{},"service":"ai-project","timestamp":"2026-09-17 14:06:59.050"}
{"level":"info","message":"请求成功率: 100.00%","metadata":{},"service":"ai-project","timestamp":"2026-09-17 14:06:59.050"}
{"level":"info","message":"平均响应时间: 11.12 ms","metadata":{},"service":"ai-project","timestamp":"2026-09-17 14:06:59.050"}
{"level":"info","message":"总接收数据: 252.81 KB","metadata":{},"service":"ai-project","timestamp":"2026-09-17 14:06:59.050"}
{"level":"info","message":"总发送数据: 17.03 KB","metadata":{},"service":"ai-project","timestamp":"2026-09-17 14:06:59.050"}
{"level":"info","message":"当前连接数: 0","metadata":{},"service":"ai-project","timestamp":"2026-09-17 14:06:59.051"}
{"level":"info","message":"连接池使用率: 0.00%","metadata":{},"service":"ai-project","timestamp":"2026-09-17 14:06:59.051"}
{"level":"info","message":"连接池峰值: 1","metadata":{},"service":"ai-project","timestamp":"2026-09-17 14:06:59.051"}
{"level":"info","message":"总连接数: 8","metadata":{},"service":"ai-project","timestamp":"2026-09-17 14:06:59.051"}
{"level":"info","message":"失败连接数: 0","metadata":{},"service":"ai-project","timestamp":"2026-09-17 14:06:59.051"}
{"level":"info","message":"已关闭连接数: 8","metadata":{},"service":"ai-project","timestamp":"2026-09-17 14:06:59.051"}
{"level":"info","message":"================================================================================","metadata":{},"service":"ai-project","timestamp":"2026-09-17 14:06:59.051"}
{"level":"info","message":"================================================================================","metadata":{},"service":"ai-project","timestamp":"2026-09-17 14:07:59.052"}
{"level":"info","message":"性能监控指标","metadata":{},"service":"ai-project","timestamp":"2026-09-17 14:07:59.052"}
{"level":"info","message":"================================================================================","metadata":{},"service":"ai-project","timestamp":"2026-09-17 14:07:59.052"}
{"level":"info","message":"服务器运行时间: 4440 秒","metadata":{},"service":"ai-project","timestamp":"2026-09-17 14:07:59.053"}
{"level":"info","message":"总请求数: 459","metadata":{},"service":"ai-project","timestamp":"2026-09-17 14:07:59.053"}
{"level":"info","message":"成功请求数: 459","metadata":{},"service":"ai-project","timestamp":"2026-09-17 14:07:59.053"}
{"level":"info","message":"失败请求数: 0","metadata":{},"service":"ai-project","timestamp":"2026-09-17 14:07:59.053"}
{"level":"info","message":"请求成功率: 100.00%","metadata":{},"service":"ai-project","timestamp":"2026-09-17 14:07:59.053"}
{"level":"info","message":"平均响应时间: 11.12 ms","metadata":{},"service":"ai-project","timestamp":"2026-09-17 14:07:59.053"}
{"level":"info","message":"总接收数据: 252.81 KB","metadata":{},"service":"ai-project","timestamp":"2026-09-17 14:07:59.053"}
{"level":"info","message":"总发送数据: 17.03 KB","metadata":{},"service":"ai-project","timestamp":"2026-09-17 14:07:59.053"}
{"level":"info","message":"当前连接数: 0","metadata":{},"service":"ai-project","timestamp":"2026-09-17 14:07:59.053"}
{"level":"info","message":"连接池使用率: 0.00%","metadata":{},"service":"ai-project","timestamp":"2026-09-17 14:07:59.053"}
{"level":"info","message":"连接池峰值: 1","metadata":{},"service":"ai-project","timestamp":"2026-09-17 14:07:59.053"}
{"level":"info","message":"总连接数: 8","metadata":{},"service":"ai-project","timestamp":"2026-09-17 14:07:59.053"}
{"level":"info","message":"失败连接数: 0","metadata":{},"service":"ai-project","timestamp":"2026-09-17 14:07:59.054"}
{"level":"info","message":"已关闭连接数: 8","metadata":{},"service":"ai-project","timestamp":"2026-09-17 14:07:59.054"}
{"level":"info","message":"================================================================================","metadata":{},"service":"ai-project","timestamp":"2026-09-17 14:07:59.054"}
{"level":"info","message":"================================================================================","metadata":{},"service":"ai-project","timestamp":"2026-09-17 14:08:59.052"}
{"level":"info","message":"性能监控指标","metadata":{},"service":"ai-project","timestamp":"2026-09-17 14:08:59.052"}
{"level":"info","message":"================================================================================","metadata":{},"service":"ai-project","timestamp":"2026-09-17 14:08:59.052"}
{"level":"info","message":"服务器运行时间: 4500 秒","metadata":{},"service":"ai-project","timestamp":"2026-09-17 14:08:59.052"}
{"level":"info","message":"总请求数: 459","metadata":{},"service":"ai-project","timestamp":"2026-09-17 14:08:59.052"}
{"level":"info","message":"成功请求数: 459","metadata":{},"service":"ai-project","timestamp":"2026-09-17 14:08:59.052"}
{"level":"info","message":"失败请求数: 0","metadata":{},"service":"ai-project","timestamp":"2026-09-17 14:08:59.053"}
{"level":"info","message":"请求成功率: 100.00%","metadata":{},"service":"ai-project","timestamp":"2026-09-17 14:08:59.053"}
{"level":"info","message":"平均响应时间: 11.12 ms","metadata":{},"service":"ai-project","timestamp":"2026-09-17 14:08:59.053"}
{"level":"info","message":"总接收数据: 252.81 KB","metadata":{},"service":"ai-project","timestamp":"2026-09-17 14:08:59.053"}
{"level":"info","message":"总发送数据: 17.03 KB","metadata":{},"service":"ai-project","timestamp":"2026-09-17 14:08:59.053"}
{"level":"info","message":"当前连接数: 0","metadata":{},"service":"ai-project","timestamp":"2026-09-17 14:08:59.053"}
{"level":"info","message":"连接池使用率: 0.00%","metadata":{},"service":"ai-project","timestamp":"2026-09-17 14:08:59.053"}
{"level":"info","message":"连接池峰值: 1","metadata":{},"service":"ai-project","timestamp":"2026-09-17 14:08:59.053"}
{"level":"info","message":"总连接数: 8","metadata":{},"service":"ai-project","timestamp":"2026-09-17 14:08:59.053"}
{"level":"info","message":"失败连接数: 0","metadata":{},"service":"ai-project","timestamp":"2026-09-17 14:08:59.053"}
{"level":"info","message":"已关闭连接数: 8","metadata":{},"service":"ai-project","timestamp":"2026-09-17 14:08:59.053"}
{"level":"info","message":"================================================================================","metadata":{},"service":"ai-project","timestamp":"2026-09-17 14:08:59.053"}
{"level":"info","message":"================================================================================","metadata":{},"service":"ai-project","timestamp":"2026-09-17 14:09:59.061"}
{"level":"info","message":"性能监控指标","metadata":{},"service":"ai-project","timestamp":"2026-09-17 14:09:59.061"}
{"level":"info","message":"================================================================================","metadata":{},"service":"ai-project","timestamp":"2026-09-17 14:09:59.061"}
{"level":"info","message":"服务器运行时间: 4560 秒","metadata":{},"service":"ai-project","timestamp":"2026-09-17 14:09:59.061"}
{"level":"info","message":"总请求数: 459","metadata":{},"service":"ai-project","timestamp":"2026-09-17 14:09:59.062"}
{"level":"info","message":"成功请求数: 459","metadata":{},"service":"ai-project","timestamp":"2026-09-17 14:09:59.062"}
{"level":"info","message":"失败请求数: 0","metadata":{},"service":"ai-project","timestamp":"2026-09-17 14:09:59.062"}
{"level":"info","message":"请求成功率: 100.00%","metadata":{},"service":"ai-project","timestamp":"2026-09-17 14:09:59.062"}
{"level":"info","message":"平均响应时间: 11.12 ms","metadata":{},"service":"ai-project","timestamp":"2026-09-17 14:09:59.062"}
{"level":"info","message":"总接收数据: 252.81 KB","metadata":{},"service":"ai-project","timestamp":"2026-09-17 14:09:59.062"}
{"level":"info","message":"总发送数据: 17.03 KB","metadata":{},"service":"ai-project","timestamp":"2026-09-17 14:09:59.062"}
{"level":"info","message":"当前连接数: 0","metadata":{},"service":"ai-project","timestamp":"2026-09-17 14:09:59.063"}
{"level":"info","message":"连接池使用率: 0.00%","metadata":{},"service":"ai-project","timestamp":"2026-09-17 14:09:59.063"}
{"level":"info","message":"连接池峰值: 1","metadata":{},"service":"ai-project","timestamp":"2026-09-17 14:09:59.063"}
{"level":"info","message":"总连接数: 8","metadata":{},"service":"ai-project","timestamp":"2026-09-17 14:09:59.063"}
{"level":"info","message":"失败连接数: 0","metadata":{},"service":"ai-project","timestamp":"2026-09-17 14:09:59.063"}
{"level":"info","message":"已关闭连接数: 8","metadata":{},"service":"ai-project","timestamp":"2026-09-17 14:09:59.063"}
{"level":"info","message":"================================================================================","metadata":{},"service":"ai-project","timestamp":"2026-09-17 14:09:59.063"}
{"level":"info","message":"================================================================================","metadata":{},"service":"ai-project","timestamp":"2026-09-17 14:10:59.069"}
{"level":"info","message":"性能监控指标","metadata":{},"service":"ai-project","timestamp":"2026-09-17 14:10:59.069"}
{"level":"info","message":"================================================================================","metadata":{},"service":"ai-project","timestamp":"2026-09-17 14:10:59.070"}
{"level":"info","message":"服务器运行时间: 4620 秒","metadata":{},"service":"ai-project","timestamp":"2026-09-17 14:10:59.070"}
{"level":"info","message":"总请求数: 459","metadata":{},"service":"ai-project","timestamp":"2026-09-17 14:10:59.070"}
{"level":"info","message":"成功请求数: 459","metadata":{},"service":"ai-project","timestamp":"2026-09-17 14:10:59.070"}
{"level":"info","message":"失败请求数: 0","metadata":{},"service":"ai-project","timestamp":"2026-09-17 14:10:59.070"}
{"level":"info","message":"请求成功率: 100.00%","metadata":{},"service":"ai-project","timestamp":"2026-09-17 14:10:59.070"}
{"level":"info","message":"平均响应时间: 11.12 ms","metadata":{},"service":"ai-project","timestamp":"2026-09-17 14:10:59.070"}
{"level":"info","message":"总接收数据: 252.81 KB","metadata":{},"service":"ai-project","timestamp":"2026-09-17 14:10:59.070"}
{"level":"info","message":"总发送数据: 17.03 KB","metadata":{},"service":"ai-project","timestamp":"2026-09-17 14:10:59.070"}
{"level":"info","message":"当前连接数: 0","metadata":{},"service":"ai-project","timestamp":"2026-09-17 14:10:59.070"}
{"level":"info","message":"连接池使用率: 0.00%","metadata":{},"service":"ai-project","timestamp":"2026-09-17 14:10:59.071"}
{"level":"info","message":"连接池峰值: 1","metadata":{},"service":"ai-project","timestamp":"2026-09-17 14:10:59.071"}
{"level":"info","message":"总连接数: 8","metadata":{},"service":"ai-project","timestamp":"2026-09-17 14:10:59.071"}
{"level":"info","message":"失败连接数: 0","metadata":{},"service":"ai-project","timestamp":"2026-09-17 14:10:59.071"}
{"level":"info","message":"已关闭连接数: 8","metadata":{},"service":"ai-project","timestamp":"2026-09-17 14:10:59.071"}
{"level":"info","message":"================================================================================","metadata":{},"service":"ai-project","timestamp":"2026-09-17 14:10:59.071"}
{"level":"info","message":"================================================================================","metadata":{},"service":"ai-project","timestamp":"2026-09-17 14:11:59.082"}
{"level":"info","message":"性能监控指标","metadata":{},"service":"ai-project","timestamp":"2026-09-17 14:11:59.082"}
{"level":"info","message":"================================================================================","metadata":{},"service":"ai-project","timestamp":"2026-09-17 14:11:59.082"}
{"level":"info","message":"服务器运行时间: 4680 秒","metadata":{},"service":"ai-project","timestamp":"2026-09-17 14:11:59.082"}
{"level":"info","message":"总请求数: 459","metadata":{},"service":"ai-project","timestamp":"2026-09-17 14:11:59.082"}
{"level":"info","message":"成功请求数: 459","metadata":{},"service":"ai-project","timestamp":"2026-09-17 14:11:59.083"}
{"level":"info","message":"失败请求数: 0","metadata":{},"service":"ai-project","timestamp":"2026-09-17 14:11:59.083"}
{"level":"info","message":"请求成功率: 100.00%","metadata":{},"service":"ai-project","timestamp":"2026-09-17 14:11:59.083"}
{"level":"info","message":"平均响应时间: 11.12 ms","metadata":{},"service":"ai-project","timestamp":"2026-09-17 14:11:59.083"}
{"level":"info","message":"总接收数据: 252.81 KB","metadata":{},"service":"ai-project","timestamp":"2026-09-17 14:11:59.083"}
{"level":"info","message":"总发送数据: 17.03 KB","metadata":{},"service":"ai-project","timestamp":"2026-09-17 14:11:59.083"}
{"level":"info","message":"当前连接数: 0","metadata":{},"service":"ai-project","timestamp":"2026-09-17 14:11:59.083"}
{"level":"info","message":"连接池使用率: 0.00%","metadata":{},"service":"ai-project","timestamp":"2026-09-17 14:11:59.083"}
{"level":"info","message":"连接池峰值: 1","metadata":{},"service":"ai-project","timestamp":"2026-09-17 14:11:59.083"}
{"level":"info","message":"总连接数: 8","metadata":{},"service":"ai-project","timestamp":"2026-09-17 14:11:59.083"}
{"level":"info","message":"失败连接数: 0","metadata":{},"service":"ai-project","timestamp":"2026-09-17 14:11:59.083"}
{"level":"info","message":"已关闭连接数: 8","metadata":{},"service":"ai-project","timestamp":"2026-09-17 14:11:59.083"}
{"level":"info","message":"================================================================================","metadata":{},"service":"ai-project","timestamp":"2026-09-17 14:11:59.083"}
{"level":"info","message":"================================================================================","metadata":{},"service":"ai-project","timestamp":"2026-09-17 14:12:59.085"}
{"level":"info","message":"性能监控指标","metadata":{},"service":"ai-project","timestamp":"2026-09-17 14:12:59.085"}
{"level":"info","message":"================================================================================","metadata":{},"service":"ai-project","timestamp":"2026-09-17 14:12:59.085"}
{"level":"info","message":"服务器运行时间: 4740 秒","metadata":{},"service":"ai-project","timestamp":"2026-09-17 14:12:59.085"}
{"level":"info","message":"总请求数: 459","metadata":{},"service":"ai-project","timestamp":"2026-09-17 14:12:59.086"}
{"level":"info","message":"成功请求数: 459","metadata":{},"service":"ai-project","timestamp":"2026-09-17 14:12:59.086"}
{"level":"info","message":"失败请求数: 0","metadata":{},"service":"ai-project","timestamp":"2026-09-17 14:12:59.086"}
{"level":"info","message":"请求成功率: 100.00%","metadata":{},"service":"ai-project","timestamp":"2026-09-17 14:12:59.086"}
{"level":"info","message":"平均响应时间: 11.12 ms","metadata":{},"service":"ai-project","timestamp":"2026-09-17 14:12:59.086"}
{"level":"info","message":"总接收数据: 252.81 KB","metadata":{},"service":"ai-project","timestamp":"2026-09-17 14:12:59.086"}
{"level":"info","message":"总发送数据: 17.03 KB","metadata":{},"service":"ai-project","timestamp":"2026-09-17 14:12:59.086"}
{"level":"info","message":"当前连接数: 0","metadata":{},"service":"ai-project","timestamp":"2026-09-17 14:12:59.086"}
{"level":"info","message":"连接池使用率: 0.00%","metadata":{},"service":"ai-project","timestamp":"2026-09-17 14:12:59.087"}
{"level":"info","message":"连接池峰值: 1","metadata":{},"service":"ai-project","timestamp":"2026-09-17 14:12:59.087"}
{"level":"info","message":"总连接数: 8","metadata":{},"service":"ai-project","timestamp":"2026-09-17 14:12:59.087"}
{"level":"info","message":"失败连接数: 0","metadata":{},"service":"ai-project","timestamp":"2026-09-17 14:12:59.087"}
{"level":"info","message":"已关闭连接数: 8","metadata":{},"service":"ai-project","timestamp":"2026-09-17 14:12:59.087"}
{"level":"info","message":"================================================================================","metadata":{},"service":"ai-project","timestamp":"2026-09-17 14:12:59.087"}
{"level":"info","message":"数据库连接创建:","metadata":{"threadId":80},"service":"ai-project","timestamp":"2026-09-17 14:13:45.631"}
{"level":"info","message":"================================================================================","metadata":{},"service":"ai-project","timestamp":"2026-09-17 14:13:59.094"}
{"level":"info","message":"性能监控指标","metadata":{},"service":"ai-project","timestamp":"2026-09-17 14:13:59.094"}
{"level":"info","message":"================================================================================","metadata":{},"service":"ai-project","timestamp":"2026-09-17 14:13:59.095"}
{"level":"info","message":"服务器运行时间: 4800 秒","metadata":{},"service":"ai-project","timestamp":"2026-09-17 14:13:59.095"}
{"level":"info","message":"总请求数: 459","metadata":{},"service":"ai-project","timestamp":"2026-09-17 14:13:59.095"}
{"level":"info","message":"成功请求数: 459","metadata":{},"service":"ai-project","timestamp":"2026-09-17 14:13:59.095"}
{"level":"info","message":"失败请求数: 0","metadata":{},"service":"ai-project","timestamp":"2026-09-17 14:13:59.095"}
{"level":"info","message":"请求成功率: 100.00%","metadata":{},"service":"ai-project","timestamp":"2026-09-17 14:13:59.095"}
{"level":"info","message":"平均响应时间: 11.12 ms","metadata":{},"service":"ai-project","timestamp":"2026-09-17 14:13:59.095"}
{"level":"info","message":"总接收数据: 252.81 KB","metadata":{},"service":"ai-project","timestamp":"2026-09-17 14:13:59.095"}
{"level":"info","message":"总发送数据: 17.03 KB","metadata":{},"service":"ai-project","timestamp":"2026-09-17 14:13:59.096"}
{"level":"info","message":"当前连接数: 0","metadata":{},"service":"ai-project","timestamp":"2026-09-17 14:13:59.096"}
{"level":"info","message":"连接池使用率: 0.00%","metadata":{},"service":"ai-project","timestamp":"2026-09-17 14:13:59.096"}
{"level":"info","message":"连接池峰值: 1","metadata":{},"service":"ai-project","timestamp":"2026-09-17 14:13:59.096"}
{"level":"info","message":"总连接数: 8","metadata":{},"service":"ai-project","timestamp":"2026-09-17 14:13:59.096"}
{"level":"info","message":"失败连接数: 0","metadata":{},"service":"ai-project","timestamp":"2026-09-17 14:13:59.096"}
{"level":"info","message":"已关闭连接数: 8","metadata":{},"service":"ai-project","timestamp":"2026-09-17 14:13:59.096"}
{"level":"info","message":"================================================================================","metadata":{},"service":"ai-project","timestamp":"2026-09-17 14:13:59.096"}
{"level":"info","message":"================================================================================","metadata":{},"service":"ai-project","timestamp":"2026-09-17 14:14:59.106"}
{"level":"info","message":"性能监控指标","metadata":{},"service":"ai-project","timestamp":"2026-09-17 14:14:59.106"}
{"level":"info","message":"================================================================================","metadata":{},"service":"ai-project","timestamp":"2026-09-17 14:14:59.106"}
{"level":"info","message":"服务器运行时间: 4860 秒","metadata":{},"service":"ai-project","timestamp":"2026-09-17 14:14:59.106"}
{"level":"info","message":"总请求数: 459","metadata":{},"service":"ai-project","timestamp":"2026-09-17 14:14:59.107"}
{"level":"info","message":"成功请求数: 459","metadata":{},"service":"ai-project","timestamp":"2026-09-17 14:14:59.107"}
{"level":"info","message":"失败请求数: 0","metadata":{},"service":"ai-project","timestamp":"2026-09-17 14:14:59.107"}
{"level":"info","message":"请求成功率: 100.00%","metadata":{},"service":"ai-project","timestamp":"2026-09-17 14:14:59.107"}
{"level":"info","message":"平均响应时间: 11.12 ms","metadata":{},"service":"ai-project","timestamp":"2026-09-17 14:14:59.107"}
{"level":"info","message":"总接收数据: 252.81 KB","metadata":{},"service":"ai-project","timestamp":"2026-09-17 14:14:59.107"}
{"level":"info","message":"总发送数据: 17.03 KB","metadata":{},"service":"ai-project","timestamp":"2026-09-17 14:14:59.107"}
{"level":"info","message":"当前连接数: 0","metadata":{},"service":"ai-project","timestamp":"2026-09-17 14:14:59.107"}
{"level":"info","message":"连接池使用率: 0.00%","metadata":{},"service":"ai-project","timestamp":"2026-09-17 14:14:59.107"}
{"level":"info","message":"连接池峰值: 1","metadata":{},"service":"ai-project","timestamp":"2026-09-17 14:14:59.107"}
{"level":"info","message":"总连接数: 8","metadata":{},"service":"ai-project","timestamp":"2026-09-17 14:14:59.107"}
{"level":"info","message":"失败连接数: 0","metadata":{},"service":"ai-project","timestamp":"2026-09-17 14:14:59.107"}
{"level":"info","message":"已关闭连接数: 8","metadata":{},"service":"ai-project","timestamp":"2026-09-17 14:14:59.108"}
{"level":"info","message":"================================================================================","metadata":{},"service":"ai-project","timestamp":"2026-09-17 14:14:59.108"}
{"level":"info","message":"================================================================================","metadata":{},"service":"ai-project","timestamp":"2026-09-17 14:15:59.121"}
{"level":"info","message":"性能监控指标","metadata":{},"service":"ai-project","timestamp":"2026-09-17 14:15:59.121"}
{"level":"info","message":"================================================================================","metadata":{},"service":"ai-project","timestamp":"2026-09-17 14:15:59.122"}
{"level":"info","message":"服务器运行时间: 4920 秒","metadata":{},"service":"ai-project","timestamp":"2026-09-17 14:15:59.122"}
{"level":"info","message":"总请求数: 459","metadata":{},"service":"ai-project","timestamp":"2026-09-17 14:15:59.122"}
{"level":"info","message":"成功请求数: 459","metadata":{},"service":"ai-project","timestamp":"2026-09-17 14:15:59.122"}
{"level":"info","message":"失败请求数: 0","metadata":{},"service":"ai-project","timestamp":"2026-09-17 14:15:59.122"}
{"level":"info","message":"请求成功率: 100.00%","metadata":{},"service":"ai-project","timestamp":"2026-09-17 14:15:59.122"}
{"level":"info","message":"平均响应时间: 11.12 ms","metadata":{},"service":"ai-project","timestamp":"2026-09-17 14:15:59.123"}
{"level":"info","message":"总接收数据: 252.81 KB","metadata":{},"service":"ai-project","timestamp":"2026-09-17 14:15:59.123"}
{"level":"info","message":"总发送数据: 17.03 KB","metadata":{},"service":"ai-project","timestamp":"2026-09-17 14:15:59.123"}
{"level":"info","message":"当前连接数: 0","metadata":{},"service":"ai-project","timestamp":"2026-09-17 14:15:59.123"}
{"level":"info","message":"连接池使用率: 0.00%","metadata":{},"service":"ai-project","timestamp":"2026-09-17 14:15:59.123"}
{"level":"info","message":"连接池峰值: 1","metadata":{},"service":"ai-project","timestamp":"2026-09-17 14:15:59.123"}
{"level":"info","message":"总连接数: 8","metadata":{},"service":"ai-project","timestamp":"2026-09-17 14:15:59.123"}
{"level":"info","message":"失败连接数: 0","metadata":{},"service":"ai-project","timestamp":"2026-09-17 14:15:59.123"}
{"level":"info","message":"已关闭连接数: 8","metadata":{},"service":"ai-project","timestamp":"2026-09-17 14:15:59.123"}
{"level":"info","message":"================================================================================","metadata":{},"service":"ai-project","timestamp":"2026-09-17 14:15:59.123"}
{"level":"info","message":"================================================================================","metadata":{},"service":"ai-project","timestamp":"2026-09-17 14:16:59.132"}
{"level":"info","message":"性能监控指标","metadata":{},"service":"ai-project","timestamp":"2026-09-17 14:16:59.132"}
{"level":"info","message":"================================================================================","metadata":{},"service":"ai-project","timestamp":"2026-09-17 14:16:59.132"}
{"level":"info","message":"服务器运行时间: 4980 秒","metadata":{},"service":"ai-project","timestamp":"2026-09-17 14:16:59.132"}
{"level":"info","message":"总请求数: 459","metadata":{},"service":"ai-project","timestamp":"2026-09-17 14:16:59.132"}
{"level":"info","message":"成功请求数: 459","metadata":{},"service":"ai-project","timestamp":"2026-09-17 14:16:59.132"}
{"level":"info","message":"失败请求数: 0","metadata":{},"service":"ai-project","timestamp":"2026-09-17 14:16:59.132"}
{"level":"info","message":"请求成功率: 100.00%","metadata":{},"service":"ai-project","timestamp":"2026-09-17 14:16:59.133"}
{"level":"info","message":"平均响应时间: 11.12 ms","metadata":{},"service":"ai-project","timestamp":"2026-09-17 14:16:59.133"}
{"level":"info","message":"总接收数据: 252.81 KB","metadata":{},"service":"ai-project","timestamp":"2026-09-17 14:16:59.133"}
{"level":"info","message":"总发送数据: 17.03 KB","metadata":{},"service":"ai-project","timestamp":"2026-09-17 14:16:59.133"}
{"level":"info","message":"当前连接数: 0","metadata":{},"service":"ai-project","timestamp":"2026-09-17 14:16:59.133"}
{"level":"info","message":"连接池使用率: 0.00%","metadata":{},"service":"ai-project","timestamp":"2026-09-17 14:16:59.133"}
{"level":"info","message":"连接池峰值: 1","metadata":{},"service":"ai-project","timestamp":"2026-09-17 14:16:59.133"}
{"level":"info","message":"总连接数: 8","metadata":{},"service":"ai-project","timestamp":"2026-09-17 14:16:59.133"}
{"level":"info","message":"失败连接数: 0","metadata":{},"service":"ai-project","timestamp":"2026-09-17 14:16:59.133"}
{"level":"info","message":"已关闭连接数: 8","metadata":{},"service":"ai-project","timestamp":"2026-09-17 14:16:59.133"}
{"level":"info","message":"================================================================================","metadata":{},"service":"ai-project","timestamp":"2026-09-17 14:16:59.133"}
{"level":"info","message":"================================================================================","metadata":{},"service":"ai-project","timestamp":"2026-09-17 14:17:59.135"}
{"level":"info","message":"性能监控指标","metadata":{},"service":"ai-project","timestamp":"2026-09-17 14:17:59.135"}
{"level":"info","message":"================================================================================","metadata":{},"service":"ai-project","timestamp":"2026-09-17 14:17:59.136"}
{"level":"info","message":"服务器运行时间: 5040 秒","metadata":{},"service":"ai-project","timestamp":"2026-09-17 14:17:59.136"}
{"level":"info","message":"总请求数: 459","metadata":{},"service":"ai-project","timestamp":"2026-09-17 14:17:59.136"}
{"level":"info","message":"成功请求数: 459","metadata":{},"service":"ai-project","timestamp":"2026-09-17 14:17:59.136"}
{"level":"info","message":"失败请求数: 0","metadata":{},"service":"ai-project","timestamp":"2026-09-17 14:17:59.136"}
{"level":"info","message":"请求成功率: 100.00%","metadata":{},"service":"ai-project","timestamp":"2026-09-17 14:17:59.136"}
{"level":"info","message":"平均响应时间: 11.12 ms","metadata":{},"service":"ai-project","timestamp":"2026-09-17 14:17:59.136"}
{"level":"info","message":"总接收数据: 252.81 KB","metadata":{},"service":"ai-project","timestamp":"2026-09-17 14:17:59.136"}
{"level":"info","message":"总发送数据: 17.03 KB","metadata":{},"service":"ai-project","timestamp":"2026-09-17 14:17:59.136"}
{"level":"info","message":"当前连接数: 0","metadata":{},"service":"ai-project","timestamp":"2026-09-17 14:17:59.136"}
{"level":"info","message":"连接池使用率: 0.00%","metadata":{},"service":"ai-project","timestamp":"2026-09-17 14:17:59.136"}
{"level":"info","message":"连接池峰值: 1","metadata":{},"service":"ai-project","timestamp":"2026-09-17 14:17:59.137"}
{"level":"info","message":"总连接数: 8","metadata":{},"service":"ai-project","timestamp":"2026-09-17 14:17:59.137"}
{"level":"info","message":"失败连接数: 0","metadata":{},"service":"ai-project","timestamp":"2026-09-17 14:17:59.137"}
{"level":"info","message":"已关闭连接数: 8","metadata":{},"service":"ai-project","timestamp":"2026-09-17 14:17:59.137"}
{"level":"info","message":"================================================================================","metadata":{},"service":"ai-project","timestamp":"2026-09-17 14:17:59.137"}
{"level":"info","message":"================================================================================","metadata":{},"service":"ai-project","timestamp":"2026-09-17 14:18:59.150"}
{"level":"info","message":"性能监控指标","metadata":{},"service":"ai-project","timestamp":"2026-09-17 14:18:59.151"}
{"level":"info","message":"================================================================================","metadata":{},"service":"ai-project","timestamp":"2026-09-17 14:18:59.151"}
{"level":"info","message":"服务器运行时间: 5100 秒","metadata":{},"service":"ai-project","timestamp":"2026-09-17 14:18:59.151"}
{"level":"info","message":"总请求数: 459","metadata":{},"service":"ai-project","timestamp":"2026-09-17 14:18:59.151"}
{"level":"info","message":"成功请求数: 459","metadata":{},"service":"ai-project","timestamp":"2026-09-17 14:18:59.151"}
{"level":"info","message":"失败请求数: 0","metadata":{},"service":"ai-project","timestamp":"2026-09-17 14:18:59.151"}
{"level":"info","message":"请求成功率: 100.00%","metadata":{},"service":"ai-project","timestamp":"2026-09-17 14:18:59.151"}
{"level":"info","message":"平均响应时间: 11.12 ms","metadata":{},"service":"ai-project","timestamp":"2026-09-17 14:18:59.151"}
{"level":"info","message":"总接收数据: 252.81 KB","metadata":{},"service":"ai-project","timestamp":"2026-09-17 14:18:59.151"}
{"level":"info","message":"总发送数据: 17.03 KB","metadata":{},"service":"ai-project","timestamp":"2026-09-17 14:18:59.151"}
{"level":"info","message":"当前连接数: 0","metadata":{},"service":"ai-project","timestamp":"2026-09-17 14:18:59.152"}
{"level":"info","message":"连接池使用率: 0.00%","metadata":{},"service":"ai-project","timestamp":"2026-09-17 14:18:59.152"}
{"level":"info","message":"连接池峰值: 1","metadata":{},"service":"ai-project","timestamp":"2026-09-17 14:18:59.152"}
{"level":"info","message":"总连接数: 8","metadata":{},"service":"ai-project","timestamp":"2026-09-17 14:18:59.152"}
{"level":"info","message":"失败连接数: 0","metadata":{},"service":"ai-project","timestamp":"2026-09-17 14:18:59.152"}
{"level":"info","message":"已关闭连接数: 8","metadata":{},"service":"ai-project","timestamp":"2026-09-17 14:18:59.152"}
{"level":"info","message":"================================================================================","metadata":{},"service":"ai-project","timestamp":"2026-09-17 14:18:59.152"}
{"level":"info","message":"================================================================================","metadata":{},"service":"ai-project","timestamp":"2026-09-17 14:19:59.151"}
{"level":"info","message":"性能监控指标","metadata":{},"service":"ai-project","timestamp":"2026-09-17 14:19:59.151"}
{"level":"info","message":"================================================================================","metadata":{},"service":"ai-project","timestamp":"2026-09-17 14:19:59.152"}
{"level":"info","message":"服务器运行时间: 5160 秒","metadata":{},"service":"ai-project","timestamp":"2026-09-17 14:19:59.152"}
{"level":"info","message":"总请求数: 459","metadata":{},"service":"ai-project","timestamp":"2026-09-17 14:19:59.152"}
{"level":"info","message":"成功请求数: 459","metadata":{},"service":"ai-project","timestamp":"2026-09-17 14:19:59.152"}
{"level":"info","message":"失败请求数: 0","metadata":{},"service":"ai-project","timestamp":"2026-09-17 14:19:59.152"}
{"level":"info","message":"请求成功率: 100.00%","metadata":{},"service":"ai-project","timestamp":"2026-09-17 14:19:59.152"}
{"level":"info","message":"平均响应时间: 11.12 ms","metadata":{},"service":"ai-project","timestamp":"2026-09-17 14:19:59.152"}
{"level":"info","message":"总接收数据: 252.81 KB","metadata":{},"service":"ai-project","timestamp":"2026-09-17 14:19:59.152"}
{"level":"info","message":"总发送数据: 17.03 KB","metadata":{},"service":"ai-project","timestamp":"2026-09-17 14:19:59.152"}
{"level":"info","message":"当前连接数: 0","metadata":{},"service":"ai-project","timestamp":"2026-09-17 14:19:59.153"}
{"level":"info","message":"连接池使用率: 0.00%","metadata":{},"service":"ai-project","timestamp":"2026-09-17 14:19:59.153"}
{"level":"info","message":"连接池峰值: 1","metadata":{},"service":"ai-project","timestamp":"2026-09-17 14:19:59.153"}
{"level":"info","message":"总连接数: 8","metadata":{},"service":"ai-project","timestamp":"2026-09-17 14:19:59.153"}
{"level":"info","message":"失败连接数: 0","metadata":{},"service":"ai-project","timestamp":"2026-09-17 14:19:59.153"}
{"level":"info","message":"已关闭连接数: 8","metadata":{},"service":"ai-project","timestamp":"2026-09-17 14:19:59.153"}
{"level":"info","message":"================================================================================","metadata":{},"service":"ai-project","timestamp":"2026-09-17 14:19:59.153"}
{"level":"info","message":"================================================================================","metadata":{},"service":"ai-project","timestamp":"2026-09-17 14:20:59.155"}
{"level":"info","message":"性能监控指标","metadata":{},"service":"ai-project","timestamp":"2026-09-17 14:20:59.155"}
{"level":"info","message":"================================================================================","metadata":{},"service":"ai-project","timestamp":"2026-09-17 14:20:59.156"}
{"level":"info","message":"服务器运行时间: 5220 秒","metadata":{},"service":"ai-project","timestamp":"2026-09-17 14:20:59.156"}
{"level":"info","message":"总请求数: 459","metadata":{},"service":"ai-project","timestamp":"2026-09-17 14:20:59.156"}
{"level":"info","message":"成功请求数: 459","metadata":{},"service":"ai-project","timestamp":"2026-09-17 14:20:59.156"}
{"level":"info","message":"失败请求数: 0","metadata":{},"service":"ai-project","timestamp":"2026-09-17 14:20:59.156"}
{"level":"info","message":"请求成功率: 100.00%","metadata":{},"service":"ai-project","timestamp":"2026-09-17 14:20:59.156"}
{"level":"info","message":"平均响应时间: 11.12 ms","metadata":{},"service":"ai-project","timestamp":"2026-09-17 14:20:59.156"}
{"level":"info","message":"总接收数据: 252.81 KB","metadata":{},"service":"ai-project","timestamp":"2026-09-17 14:20:59.156"}
{"level":"info","message":"总发送数据: 17.03 KB","metadata":{},"service":"ai-project","timestamp":"2026-09-17 14:20:59.156"}
{"level":"info","message":"当前连接数: 0","metadata":{},"service":"ai-project","timestamp":"2026-09-17 14:20:59.156"}
{"level":"info","message":"连接池使用率: 0.00%","metadata":{},"service":"ai-project","timestamp":"2026-09-17 14:20:59.156"}
{"level":"info","message":"连接池峰值: 1","metadata":{},"service":"ai-project","timestamp":"2026-09-17 14:20:59.156"}
{"level":"info","message":"总连接数: 8","metadata":{},"service":"ai-project","timestamp":"2026-09-17 14:20:59.157"}
{"level":"info","message":"失败连接数: 0","metadata":{},"service":"ai-project","timestamp":"2026-09-17 14:20:59.157"}
{"level":"info","message":"已关闭连接数: 8","metadata":{},"service":"ai-project","timestamp":"2026-09-17 14:20:59.157"}
{"level":"info","message":"================================================================================","metadata":{},"service":"ai-project","timestamp":"2026-09-17 14:20:59.157"}
{"level":"info","message":"================================================================================","metadata":{},"service":"ai-project","timestamp":"2026-09-17 14:21:59.170"}
{"level":"info","message":"性能监控指标","metadata":{},"service":"ai-project","timestamp":"2026-09-17 14:21:59.171"}
{"level":"info","message":"================================================================================","metadata":{},"service":"ai-project","timestamp":"2026-09-17 14:21:59.171"}
{"level":"info","message":"服务器运行时间: 5280 秒","metadata":{},"service":"ai-project","timestamp":"2026-09-17 14:21:59.171"}
{"level":"info","message":"总请求数: 459","metadata":{},"service":"ai-project","timestamp":"2026-09-17 14:21:59.171"}
{"level":"info","message":"成功请求数: 459","metadata":{},"service":"ai-project","timestamp":"2026-09-17 14:21:59.171"}
{"level":"info","message":"失败请求数: 0","metadata":{},"service":"ai-project","timestamp":"2026-09-17 14:21:59.171"}
{"level":"info","message":"请求成功率: 100.00%","metadata":{},"service":"ai-project","timestamp":"2026-09-17 14:21:59.171"}
{"level":"info","message":"平均响应时间: 11.12 ms","metadata":{},"service":"ai-project","timestamp":"2026-09-17 14:21:59.171"}
{"level":"info","message":"总接收数据: 252.81 KB","metadata":{},"service":"ai-project","timestamp":"2026-09-17 14:21:59.172"}
{"level":"info","message":"总发送数据: 17.03 KB","metadata":{},"service":"ai-project","timestamp":"2026-09-17 14:21:59.172"}
{"level":"info","message":"当前连接数: 0","metadata":{},"service":"ai-project","timestamp":"2026-09-17 14:21:59.172"}
{"level":"info","message":"连接池使用率: 0.00%","metadata":{},"service":"ai-project","timestamp":"2026-09-17 14:21:59.172"}
{"level":"info","message":"连接池峰值: 1","metadata":{},"service":"ai-project","timestamp":"2026-09-17 14:21:59.172"}
{"level":"info","message":"总连接数: 8","metadata":{},"service":"ai-project","timestamp":"2026-09-17 14:21:59.172"}
{"level":"info","message":"失败连接数: 0","metadata":{},"service":"ai-project","timestamp":"2026-09-17 14:21:59.172"}
{"level":"info","message":"已关闭连接数: 8","metadata":{},"service":"ai-project","timestamp":"2026-09-17 14:21:59.173"}
{"level":"info","message":"================================================================================","metadata":{},"service":"ai-project","timestamp":"2026-09-17 14:21:59.173"}
{"level":"info","message":"================================================================================","metadata":{},"service":"ai-project","timestamp":"2026-09-17 14:22:59.177"}
{"level":"info","message":"性能监控指标","metadata":{},"service":"ai-project","timestamp":"2026-09-17 14:22:59.177"}
{"level":"info","message":"================================================================================","metadata":{},"service":"ai-project","timestamp":"2026-09-17 14:22:59.177"}
{"level":"info","message":"服务器运行时间: 5340 秒","metadata":{},"service":"ai-project","timestamp":"2026-09-17 14:22:59.177"}
{"level":"info","message":"总请求数: 459","metadata":{},"service":"ai-project","timestamp":"2026-09-17 14:22:59.178"}
{"level":"info","message":"成功请求数: 459","metadata":{},"service":"ai-project","timestamp":"2026-09-17 14:22:59.178"}
{"level":"info","message":"失败请求数: 0","metadata":{},"service":"ai-project","timestamp":"2026-09-17 14:22:59.178"}
{"level":"info","message":"请求成功率: 100.00%","metadata":{},"service":"ai-project","timestamp":"2026-09-17 14:22:59.178"}
{"level":"info","message":"平均响应时间: 11.12 ms","metadata":{},"service":"ai-project","timestamp":"2026-09-17 14:22:59.178"}
{"level":"info","message":"总接收数据: 252.81 KB","metadata":{},"service":"ai-project","timestamp":"2026-09-17 14:22:59.178"}
{"level":"info","message":"总发送数据: 17.03 KB","metadata":{},"service":"ai-project","timestamp":"2026-09-17 14:22:59.178"}
{"level":"info","message":"当前连接数: 0","metadata":{},"service":"ai-project","timestamp":"2026-09-17 14:22:59.178"}
{"level":"info","message":"连接池使用率: 0.00%","metadata":{},"service":"ai-project","timestamp":"2026-09-17 14:22:59.178"}
{"level":"info","message":"连接池峰值: 1","metadata":{},"service":"ai-project","timestamp":"2026-09-17 14:22:59.178"}
{"level":"info","message":"总连接数: 8","metadata":{},"service":"ai-project","timestamp":"2026-09-17 14:22:59.178"}
{"level":"info","message":"失败连接数: 0","metadata":{},"service":"ai-project","timestamp":"2026-09-17 14:22:59.178"}
{"level":"info","message":"已关闭连接数: 8","metadata":{},"service":"ai-project","timestamp":"2026-09-17 14:22:59.178"}
{"level":"info","message":"================================================================================","metadata":{},"service":"ai-project","timestamp":"2026-09-17 14:22:59.179"}
{"level":"info","message":"================================================================================","metadata":{},"service":"ai-project","timestamp":"2026-09-17 14:23:59.183"}
{"level":"info","message":"性能监控指标","metadata":{},"service":"ai-project","timestamp":"2026-09-17 14:23:59.183"}
{"level":"info","message":"================================================================================","metadata":{},"service":"ai-project","timestamp":"2026-09-17 14:23:59.184"}
{"level":"info","message":"服务器运行时间: 5400 秒","metadata":{},"service":"ai-project","timestamp":"2026-09-17 14:23:59.184"}
{"level":"info","message":"总请求数: 459","metadata":{},"service":"ai-project","timestamp":"2026-09-17 14:23:59.184"}
{"level":"info","message":"成功请求数: 459","metadata":{},"service":"ai-project","timestamp":"2026-09-17 14:23:59.184"}
{"level":"info","message":"失败请求数: 0","metadata":{},"service":"ai-project","timestamp":"2026-09-17 14:23:59.184"}
{"level":"info","message":"请求成功率: 100.00%","metadata":{},"service":"ai-project","timestamp":"2026-09-17 14:23:59.184"}
{"level":"info","message":"平均响应时间: 11.12 ms","metadata":{},"service":"ai-project","timestamp":"2026-09-17 14:23:59.184"}
{"level":"info","message":"总接收数据: 252.81 KB","metadata":{},"service":"ai-project","timestamp":"2026-09-17 14:23:59.184"}
{"level":"info","message":"总发送数据: 17.03 KB","metadata":{},"service":"ai-project","timestamp":"2026-09-17 14:23:59.184"}
{"level":"info","message":"当前连接数: 0","metadata":{},"service":"ai-project","timestamp":"2026-09-17 14:23:59.184"}
{"level":"info","message":"连接池使用率: 0.00%","metadata":{},"service":"ai-project","timestamp":"2026-09-17 14:23:59.185"}
{"level":"info","message":"连接池峰值: 1","metadata":{},"service":"ai-project","timestamp":"2026-09-17 14:23:59.185"}
{"level":"info","message":"总连接数: 8","metadata":{},"service":"ai-project","timestamp":"2026-09-17 14:23:59.185"}
{"level":"info","message":"失败连接数: 0","metadata":{},"service":"ai-project","timestamp":"2026-09-17 14:23:59.185"}
{"level":"info","message":"已关闭连接数: 8","metadata":{},"service":"ai-project","timestamp":"2026-09-17 14:23:59.185"}
{"level":"info","message":"================================================================================","metadata":{},"service":"ai-project","timestamp":"2026-09-17 14:23:59.185"}
{"level":"info","message":"================================================================================","metadata":{},"service":"ai-project","timestamp":"2026-09-17 14:24:59.198"}
{"level":"info","message":"性能监控指标","metadata":{},"service":"ai-project","timestamp":"2026-09-17 14:24:59.198"}
{"level":"info","message":"================================================================================","metadata":{},"service":"ai-project","timestamp":"2026-09-17 14:24:59.198"}
{"level":"info","message":"服务器运行时间: 5460 秒","metadata":{},"service":"ai-project","timestamp":"2026-09-17 14:24:59.199"}
{"level":"info","message":"总请求数: 459","metadata":{},"service":"ai-project","timestamp":"2026-09-17 14:24:59.199"}
{"level":"info","message":"成功请求数: 459","metadata":{},"service":"ai-project","timestamp":"2026-09-17 14:24:59.199"}
{"level":"info","message":"失败请求数: 0","metadata":{},"service":"ai-project","timestamp":"2026-09-17 14:24:59.199"}
{"level":"info","message":"请求成功率: 100.00%","metadata":{},"service":"ai-project","timestamp":"2026-09-17 14:24:59.199"}
{"level":"info","message":"平均响应时间: 11.12 ms","metadata":{},"service":"ai-project","timestamp":"2026-09-17 14:24:59.199"}
{"level":"info","message":"总接收数据: 252.81 KB","metadata":{},"service":"ai-project","timestamp":"2026-09-17 14:24:59.199"}
{"level":"info","message":"总发送数据: 17.03 KB","metadata":{},"service":"ai-project","timestamp":"2026-09-17 14:24:59.199"}
{"level":"info","message":"当前连接数: 0","metadata":{},"service":"ai-project","timestamp":"2026-09-17 14:24:59.199"}
{"level":"info","message":"连接池使用率: 0.00%","metadata":{},"service":"ai-project","timestamp":"2026-09-17 14:24:59.199"}
{"level":"info","message":"连接池峰值: 1","metadata":{},"service":"ai-project","timestamp":"2026-09-17 14:24:59.199"}
{"level":"info","message":"总连接数: 8","metadata":{},"service":"ai-project","timestamp":"2026-09-17 14:24:59.199"}
{"level":"info","message":"失败连接数: 0","metadata":{},"service":"ai-project","timestamp":"2026-09-17 14:24:59.200"}
{"level":"info","message":"已关闭连接数: 8","metadata":{},"service":"ai-project","timestamp":"2026-09-17 14:24:59.200"}
{"level":"info","message":"================================================================================","metadata":{},"service":"ai-project","timestamp":"2026-09-17 14:24:59.200"}
{"level":"info","message":"================================================================================","metadata":{},"service":"ai-project","timestamp":"2026-09-17 14:25:59.212"}
{"level":"info","message":"性能监控指标","metadata":{},"service":"ai-project","timestamp":"2026-09-17 14:25:59.212"}
{"level":"info","message":"================================================================================","metadata":{},"service":"ai-project","timestamp":"2026-09-17 14:25:59.213"}
{"level":"info","message":"服务器运行时间: 5520 秒","metadata":{},"service":"ai-project","timestamp":"2026-09-17 14:25:59.213"}
{"level":"info","message":"总请求数: 459","metadata":{},"service":"ai-project","timestamp":"2026-09-17 14:25:59.213"}
{"level":"info","message":"成功请求数: 459","metadata":{},"service":"ai-project","timestamp":"2026-09-17 14:25:59.213"}
{"level":"info","message":"失败请求数: 0","metadata":{},"service":"ai-project","timestamp":"2026-09-17 14:25:59.213"}
{"level":"info","message":"请求成功率: 100.00%","metadata":{},"service":"ai-project","timestamp":"2026-09-17 14:25:59.213"}
{"level":"info","message":"平均响应时间: 11.12 ms","metadata":{},"service":"ai-project","timestamp":"2026-09-17 14:25:59.213"}
{"level":"info","message":"总接收数据: 252.81 KB","metadata":{},"service":"ai-project","timestamp":"2026-09-17 14:25:59.214"}
{"level":"info","message":"总发送数据: 17.03 KB","metadata":{},"service":"ai-project","timestamp":"2026-09-17 14:25:59.214"}
{"level":"info","message":"当前连接数: 0","metadata":{},"service":"ai-project","timestamp":"2026-09-17 14:25:59.214"}
{"level":"info","message":"连接池使用率: 0.00%","metadata":{},"service":"ai-project","timestamp":"2026-09-17 14:25:59.214"}
{"level":"info","message":"连接池峰值: 1","metadata":{},"service":"ai-project","timestamp":"2026-09-17 14:25:59.214"}
{"level":"info","message":"总连接数: 8","metadata":{},"service":"ai-project","timestamp":"2026-09-17 14:25:59.214"}
{"level":"info","message":"失败连接数: 0","metadata":{},"service":"ai-project","timestamp":"2026-09-17 14:25:59.214"}
{"level":"info","message":"已关闭连接数: 8","metadata":{},"service":"ai-project","timestamp":"2026-09-17 14:25:59.214"}
{"level":"info","message":"================================================================================","metadata":{},"service":"ai-project","timestamp":"2026-09-17 14:25:59.214"}
{"level":"info","message":"SSE 客户端断开连接","metadata":{"clientCount":0},"service":"ai-project","timestamp":"2026-09-17 14:26:24.547"}
{"level":"info","message":"================================================================================","metadata":{},"service":"ai-project","timestamp":"2026-09-17 14:26:59.223"}
{"level":"info","message":"性能监控指标","metadata":{},"service":"ai-project","timestamp":"2026-09-17 14:26:59.223"}
{"level":"info","message":"================================================================================","metadata":{},"service":"ai-project","timestamp":"2026-09-17 14:26:59.223"}
{"level":"info","message":"服务器运行时间: 5580 秒","metadata":{},"service":"ai-project","timestamp":"2026-09-17 14:26:59.223"}
{"level":"info","message":"总请求数: 459","metadata":{},"service":"ai-project","timestamp":"2026-09-17 14:26:59.223"}
{"level":"info","message":"成功请求数: 459","metadata":{},"service":"ai-project","timestamp":"2026-09-17 14:26:59.224"}
{"level":"info","message":"失败请求数: 0","metadata":{},"service":"ai-project","timestamp":"2026-09-17 14:26:59.224"}
{"level":"info","message":"请求成功率: 100.00%","metadata":{},"service":"ai-project","timestamp":"2026-09-17 14:26:59.224"}
{"level":"info","message":"平均响应时间: 11.12 ms","metadata":{},"service":"ai-project","timestamp":"2026-09-17 14:26:59.224"}
{"level":"info","message":"总接收数据: 252.81 KB","metadata":{},"service":"ai-project","timestamp":"2026-09-17 14:26:59.224"}
{"level":"info","message":"总发送数据: 17.03 KB","metadata":{},"service":"ai-project","timestamp":"2026-09-17 14:26:59.224"}
{"level":"info","message":"当前连接数: 0","metadata":{},"service":"ai-project","timestamp":"2026-09-17 14:26:59.224"}
{"level":"info","message":"连接池使用率: 0.00%","metadata":{},"service":"ai-project","timestamp":"2026-09-17 14:26:59.224"}
{"level":"info","message":"连接池峰值: 1","metadata":{},"service":"ai-project","timestamp":"2026-09-17 14:26:59.224"}
{"level":"info","message":"总连接数: 8","metadata":{},"service":"ai-project","timestamp":"2026-09-17 14:26:59.224"}
{"level":"info","message":"失败连接数: 0","metadata":{},"service":"ai-project","timestamp":"2026-09-17 14:26:59.224"}
{"level":"info","message":"已关闭连接数: 8","metadata":{},"service":"ai-project","timestamp":"2026-09-17 14:26:59.225"}
{"level":"info","message":"================================================================================","metadata":{},"service":"ai-project","timestamp":"2026-09-17 14:26:59.225"}
{"level":"info","message":"================================================================================","metadata":{},"service":"ai-project","timestamp":"2026-09-17 14:27:59.237"}
{"level":"info","message":"性能监控指标","metadata":{},"service":"ai-project","timestamp":"2026-09-17 14:27:59.237"}
{"level":"info","message":"================================================================================","metadata":{},"service":"ai-project","timestamp":"2026-09-17 14:27:59.237"}
{"level":"info","message":"服务器运行时间: 5640 秒","metadata":{},"service":"ai-project","timestamp":"2026-09-17 14:27:59.238"}
{"level":"info","message":"总请求数: 459","metadata":{},"service":"ai-project","timestamp":"2026-09-17 14:27:59.238"}
{"level":"info","message":"成功请求数: 459","metadata":{},"service":"ai-project","timestamp":"2026-09-17 14:27:59.238"}
{"level":"info","message":"失败请求数: 0","metadata":{},"service":"ai-project","timestamp":"2026-09-17 14:27:59.238"}
{"level":"info","message":"请求成功率: 100.00%","metadata":{},"service":"ai-project","timestamp":"2026-09-17 14:27:59.238"}
{"level":"info","message":"平均响应时间: 11.12 ms","metadata":{},"service":"ai-project","timestamp":"2026-09-17 14:27:59.238"}
{"level":"info","message":"总接收数据: 252.81 KB","metadata":{},"service":"ai-project","timestamp":"2026-09-17 14:27:59.238"}
{"level":"info","message":"总发送数据: 17.03 KB","metadata":{},"service":"ai-project","timestamp":"2026-09-17 14:27:59.238"}
{"level":"info","message":"当前连接数: 0","metadata":{},"service":"ai-project","timestamp":"2026-09-17 14:27:59.238"}
{"level":"info","message":"连接池使用率: 0.00%","metadata":{},"service":"ai-project","timestamp":"2026-09-17 14:27:59.238"}
{"level":"info","message":"连接池峰值: 1","metadata":{},"service":"ai-project","timestamp":"2026-09-17 14:27:59.238"}
{"level":"info","message":"总连接数: 8","metadata":{},"service":"ai-project","timestamp":"2026-09-17 14:27:59.239"}
{"level":"info","message":"失败连接数: 0","metadata":{},"service":"ai-project","timestamp":"2026-09-17 14:27:59.239"}
{"level":"info","message":"已关闭连接数: 8","metadata":{},"service":"ai-project","timestamp":"2026-09-17 14:27:59.239"}
{"level":"info","message":"================================================================================","metadata":{},"service":"ai-project","timestamp":"2026-09-17 14:27:59.239"}
{"level":"info","message":"================================================================================","metadata":{},"service":"ai-project","timestamp":"2026-09-17 14:28:59.251"}
{"level":"info","message":"性能监控指标","metadata":{},"service":"ai-project","timestamp":"2026-09-17 14:28:59.251"}
{"level":"info","message":"================================================================================","metadata":{},"service":"ai-project","timestamp":"2026-09-17 14:28:59.251"}
{"level":"info","message":"服务器运行时间: 5700 秒","metadata":{},"service":"ai-project","timestamp":"2026-09-17 14:28:59.251"}
{"level":"info","message":"总请求数: 459","metadata":{},"service":"ai-project","timestamp":"2026-09-17 14:28:59.252"}
{"level":"info","message":"成功请求数: 459","metadata":{},"service":"ai-project","timestamp":"2026-09-17 14:28:59.252"}
{"level":"info","message":"失败请求数: 0","metadata":{},"service":"ai-project","timestamp":"2026-09-17 14:28:59.252"}
{"level":"info","message":"请求成功率: 100.00%","metadata":{},"service":"ai-project","timestamp":"2026-09-17 14:28:59.252"}
{"level":"info","message":"平均响应时间: 11.12 ms","metadata":{},"service":"ai-project","timestamp":"2026-09-17 14:28:59.252"}
{"level":"info","message":"总接收数据: 252.81 KB","metadata":{},"service":"ai-project","timestamp":"2026-09-17 14:28:59.252"}
{"level":"info","message":"总发送数据: 17.03 KB","metadata":{},"service":"ai-project","timestamp":"2026-09-17 14:28:59.252"}
{"level":"info","message":"当前连接数: 0","metadata":{},"service":"ai-project","timestamp":"2026-09-17 14:28:59.252"}
{"level":"info","message":"连接池使用率: 0.00%","metadata":{},"service":"ai-project","timestamp":"2026-09-17 14:28:59.252"}
{"level":"info","message":"连接池峰值: 1","metadata":{},"service":"ai-project","timestamp":"2026-09-17 14:28:59.252"}
{"level":"info","message":"总连接数: 8","metadata":{},"service":"ai-project","timestamp":"2026-09-17 14:28:59.252"}
{"level":"info","message":"失败连接数: 0","metadata":{},"service":"ai-project","timestamp":"2026-09-17 14:28:59.252"}
{"level":"info","message":"已关闭连接数: 8","metadata":{},"service":"ai-project","timestamp":"2026-09-17 14:28:59.253"}
{"level":"info","message":"================================================================================","metadata":{},"service":"ai-project","timestamp":"2026-09-17 14:28:59.253"}
{"level":"info","message":"================================================================================","metadata":{},"service":"ai-project","timestamp":"2026-09-17 14:29:59.265"}
{"level":"info","message":"性能监控指标","metadata":{},"service":"ai-project","timestamp":"2026-09-17 14:29:59.265"}
{"level":"info","message":"================================================================================","metadata":{},"service":"ai-project","timestamp":"2026-09-17 14:29:59.266"}
{"level":"info","message":"服务器运行时间: 5760 秒","metadata":{},"service":"ai-project","timestamp":"2026-09-17 14:29:59.266"}
{"level":"info","message":"总请求数: 459","metadata":{},"service":"ai-project","timestamp":"2026-09-17 14:29:59.266"}
{"level":"info","message":"成功请求数: 459","metadata":{},"service":"ai-project","timestamp":"2026-09-17 14:29:59.266"}
{"level":"info","message":"失败请求数: 0","metadata":{},"service":"ai-project","timestamp":"2026-09-17 14:29:59.266"}
{"level":"info","message":"请求成功率: 100.00%","metadata":{},"service":"ai-project","timestamp":"2026-09-17 14:29:59.266"}
{"level":"info","message":"平均响应时间: 11.12 ms","metadata":{},"service":"ai-project","timestamp":"2026-09-17 14:29:59.266"}
{"level":"info","message":"总接收数据: 252.81 KB","metadata":{},"service":"ai-project","timestamp":"2026-09-17 14:29:59.266"}
{"level":"info","message":"总发送数据: 17.03 KB","metadata":{},"service":"ai-project","timestamp":"2026-09-17 14:29:59.266"}
{"level":"info","message":"当前连接数: 0","metadata":{},"service":"ai-project","timestamp":"2026-09-17 14:29:59.266"}
{"level":"info","message":"连接池使用率: 0.00%","metadata":{},"service":"ai-project","timestamp":"2026-09-17 14:29:59.266"}
{"level":"info","message":"连接池峰值: 1","metadata":{},"service":"ai-project","timestamp":"2026-09-17 14:29:59.266"}
{"level":"info","message":"总连接数: 8","metadata":{},"service":"ai-project","timestamp":"2026-09-17 14:29:59.266"}
{"level":"info","message":"失败连接数: 0","metadata":{},"service":"ai-project","timestamp":"2026-09-17 14:29:59.267"}
{"level":"info","message":"已关闭连接数: 8","metadata":{},"service":"ai-project","timestamp":"2026-09-17 14:29:59.267"}
{"level":"info","message":"================================================================================","metadata":{},"service":"ai-project","timestamp":"2026-09-17 14:29:59.267"}
{"level":"info","message":"================================================================================","metadata":{},"service":"ai-project","timestamp":"2026-09-17 14:30:59.276"}
{"level":"info","message":"性能监控指标","metadata":{},"service":"ai-project","timestamp":"2026-09-17 14:30:59.277"}
{"level":"info","message":"================================================================================","metadata":{},"service":"ai-project","timestamp":"2026-09-17 14:30:59.277"}
{"level":"info","message":"服务器运行时间: 5820 秒","metadata":{},"service":"ai-project","timestamp":"2026-09-17 14:30:59.277"}
{"level":"info","message":"总请求数: 459","metadata":{},"service":"ai-project","timestamp":"2026-09-17 14:30:59.277"}
{"level":"info","message":"成功请求数: 459","metadata":{},"service":"ai-project","timestamp":"2026-09-17 14:30:59.278"}
{"level":"info","message":"失败请求数: 0","metadata":{},"service":"ai-project","timestamp":"2026-09-17 14:30:59.278"}
{"level":"info","message":"请求成功率: 100.00%","metadata":{},"service":"ai-project","timestamp":"2026-09-17 14:30:59.278"}
{"level":"info","message":"平均响应时间: 11.12 ms","metadata":{},"service":"ai-project","timestamp":"2026-09-17 14:30:59.278"}
{"level":"info","message":"总接收数据: 252.81 KB","metadata":{},"service":"ai-project","timestamp":"2026-09-17 14:30:59.278"}
{"level":"info","message":"总发送数据: 17.03 KB","metadata":{},"service":"ai-project","timestamp":"2026-09-17 14:30:59.278"}
{"level":"info","message":"当前连接数: 0","metadata":{},"service":"ai-project","timestamp":"2026-09-17 14:30:59.278"}
{"level":"info","message":"连接池使用率: 0.00%","metadata":{},"service":"ai-project","timestamp":"2026-09-17 14:30:59.279"}
{"level":"info","message":"连接池峰值: 1","metadata":{},"service":"ai-project","timestamp":"2026-09-17 14:30:59.279"}
{"level":"info","message":"总连接数: 8","metadata":{},"service":"ai-project","timestamp":"2026-09-17 14:30:59.279"}
{"level":"info","message":"失败连接数: 0","metadata":{},"service":"ai-project","timestamp":"2026-09-17 14:30:59.279"}
{"level":"info","message":"已关闭连接数: 8","metadata":{},"service":"ai-project","timestamp":"2026-09-17 14:30:59.279"}
{"level":"info","message":"================================================================================","metadata":{},"service":"ai-project","timestamp":"2026-09-17 14:30:59.279"}
{"level":"info","message":"================================================================================","metadata":{},"service":"ai-project","timestamp":"2026-09-17 14:31:59.279"}
{"level":"info","message":"性能监控指标","metadata":{},"service":"ai-project","timestamp":"2026-09-17 14:31:59.280"}
{"level":"info","message":"================================================================================","metadata":{},"service":"ai-project","timestamp":"2026-09-17 14:31:59.280"}
{"level":"info","message":"服务器运行时间: 5880 秒","metadata":{},"service":"ai-project","timestamp":"2026-09-17 14:31:59.280"}
{"level":"info","message":"总请求数: 459","metadata":{},"service":"ai-project","timestamp":"2026-09-17 14:31:59.280"}
{"level":"info","message":"成功请求数: 459","metadata":{},"service":"ai-project","timestamp":"2026-09-17 14:31:59.280"}
{"level":"info","message":"失败请求数: 0","metadata":{},"service":"ai-project","timestamp":"2026-09-17 14:31:59.280"}
{"level":"info","message":"请求成功率: 100.00%","metadata":{},"service":"ai-project","timestamp":"2026-09-17 14:31:59.281"}
{"level":"info","message":"平均响应时间: 11.12 ms","metadata":{},"service":"ai-project","timestamp":"2026-09-17 14:31:59.281"}
{"level":"info","message":"总接收数据: 252.81 KB","metadata":{},"service":"ai-project","timestamp":"2026-09-17 14:31:59.281"}
{"level":"info","message":"总发送数据: 17.03 KB","metadata":{},"service":"ai-project","timestamp":"2026-09-17 14:31:59.281"}
{"level":"info","message":"当前连接数: 0","metadata":{},"service":"ai-project","timestamp":"2026-09-17 14:31:59.281"}
{"level":"info","message":"连接池使用率: 0.00%","metadata":{},"service":"ai-project","timestamp":"2026-09-17 14:31:59.281"}
{"level":"info","message":"连接池峰值: 1","metadata":{},"service":"ai-project","timestamp":"2026-09-17 14:31:59.281"}
{"level":"info","message":"总连接数: 8","metadata":{},"service":"ai-project","timestamp":"2026-09-17 14:31:59.281"}
{"level":"info","message":"失败连接数: 0","metadata":{},"service":"ai-project","timestamp":"2026-09-17 14:31:59.281"}
{"level":"info","message":"已关闭连接数: 8","metadata":{},"service":"ai-project","timestamp":"2026-09-17 14:31:59.281"}
{"level":"info","message":"================================================================================","metadata":{},"service":"ai-project","timestamp":"2026-09-17 14:31:59.281"}
{"level":"info","message":"================================================================================","metadata":{},"service":"ai-project","timestamp":"2026-09-17 14:32:59.281"}
{"level":"info","message":"性能监控指标","metadata":{},"service":"ai-project","timestamp":"2026-09-17 14:32:59.281"}
{"level":"info","message":"================================================================================","metadata":{},"service":"ai-project","timestamp":"2026-09-17 14:32:59.282"}
{"level":"info","message":"服务器运行时间: 5940 秒","metadata":{},"service":"ai-project","timestamp":"2026-09-17 14:32:59.282"}
{"level":"info","message":"总请求数: 459","metadata":{},"service":"ai-project","timestamp":"2026-09-17 14:32:59.282"}
{"level":"info","message":"成功请求数: 459","metadata":{},"service":"ai-project","timestamp":"2026-09-17 14:32:59.282"}
{"level":"info","message":"失败请求数: 0","metadata":{},"service":"ai-project","timestamp":"2026-09-17 14:32:59.282"}
{"level":"info","message":"请求成功率: 100.00%","metadata":{},"service":"ai-project","timestamp":"2026-09-17 14:32:59.283"}
{"level":"info","message":"平均响应时间: 11.12 ms","metadata":{},"service":"ai-project","timestamp":"2026-09-17 14:32:59.283"}
{"level":"info","message":"总接收数据: 252.81 KB","metadata":{},"service":"ai-project","timestamp":"2026-09-17 14:32:59.283"}
{"level":"info","message":"总发送数据: 17.03 KB","metadata":{},"service":"ai-project","timestamp":"2026-09-17 14:32:59.283"}
{"level":"info","message":"当前连接数: 0","metadata":{},"service":"ai-project","timestamp":"2026-09-17 14:32:59.283"}
{"level":"info","message":"连接池使用率: 0.00%","metadata":{},"service":"ai-project","timestamp":"2026-09-17 14:32:59.283"}
{"level":"info","message":"连接池峰值: 1","metadata":{},"service":"ai-project","timestamp":"2026-09-17 14:32:59.284"}
{"level":"info","message":"总连接数: 8","metadata":{},"service":"ai-project","timestamp":"2026-09-17 14:32:59.284"}
{"level":"info","message":"失败连接数: 0","metadata":{},"service":"ai-project","timestamp":"2026-09-17 14:32:59.284"}
{"level":"info","message":"已关闭连接数: 8","metadata":{},"service":"ai-project","timestamp":"2026-09-17 14:32:59.284"}
{"level":"info","message":"================================================================================","metadata":{},"service":"ai-project","timestamp":"2026-09-17 14:32:59.284"}
{"level":"info","message":"================================================================================","metadata":{},"service":"ai-project","timestamp":"2026-09-17 14:48:44.745"}
{"level":"info","message":"性能监控指标","metadata":{},"service":"ai-project","timestamp":"2026-09-17 14:48:44.749"}
{"level":"info","message":"================================================================================","metadata":{},"service":"ai-project","timestamp":"2026-09-17 14:48:44.751"}
{"level":"info","message":"服务器运行时间: 6886 秒","metadata":{},"service":"ai-project","timestamp":"2026-09-17 14:48:44.752"}
{"level":"info","message":"总请求数: 459","metadata":{},"service":"ai-project","timestamp":"2026-09-17 14:48:44.753"}
{"level":"info","message":"成功请求数: 459","metadata":{},"service":"ai-project","timestamp":"2026-09-17 14:48:44.755"}
{"level":"info","message":"失败请求数: 0","metadata":{},"service":"ai-project","timestamp":"2026-09-17 14:48:44.756"}
{"level":"info","message":"请求成功率: 100.00%","metadata":{},"service":"ai-project","timestamp":"2026-09-17 14:48:44.756"}
{"level":"info","message":"平均响应时间: 11.12 ms","metadata":{},"service":"ai-project","timestamp":"2026-09-17 14:48:44.757"}
{"level":"info","message":"总接收数据: 252.81 KB","metadata":{},"service":"ai-project","timestamp":"2026-09-17 14:48:44.758"}
{"level":"info","message":"总发送数据: 17.03 KB","metadata":{},"service":"ai-project","timestamp":"2026-09-17 14:48:44.759"}
{"level":"info","message":"当前连接数: 0","metadata":{},"service":"ai-project","timestamp":"2026-09-17 14:48:44.760"}
{"level":"info","message":"连接池使用率: 0.00%","metadata":{},"service":"ai-project","timestamp":"2026-09-17 14:48:44.762"}
{"level":"info","message":"连接池峰值: 1","metadata":{},"service":"ai-project","timestamp":"2026-09-17 14:48:44.762"}
{"level":"info","message":"总连接数: 8","metadata":{},"service":"ai-project","timestamp":"2026-09-17 14:48:44.764"}
{"level":"info","message":"失败连接数: 0","metadata":{},"service":"ai-project","timestamp":"2026-09-17 14:48:44.765"}
{"level":"info","message":"已关闭连接数: 8","metadata":{},"service":"ai-project","timestamp":"2026-09-17 14:48:44.765"}
{"level":"info","message":"================================================================================","metadata":{},"service":"ai-project","timestamp":"2026-09-17 14:48:44.766"}
{"level":"info","message":"================================================================================","metadata":{},"service":"ai-project","timestamp":"2026-09-17 14:49:44.750"}
{"level":"info","message":"性能监控指标","metadata":{},"service":"ai-project","timestamp":"2026-09-17 14:49:44.751"}
{"level":"info","message":"================================================================================","metadata":{},"service":"ai-project","timestamp":"2026-09-17 14:49:44.751"}
{"level":"info","message":"服务器运行时间: 6946 秒","metadata":{},"service":"ai-project","timestamp":"2026-09-17 14:49:44.751"}
{"level":"info","message":"总请求数: 459","metadata":{},"service":"ai-project","timestamp":"2026-09-17 14:49:44.751"}
{"level":"info","message":"成功请求数: 459","metadata":{},"service":"ai-project","timestamp":"2026-09-17 14:49:44.751"}
{"level":"info","message":"失败请求数: 0","metadata":{},"service":"ai-project","timestamp":"2026-09-17 14:49:44.752"}
{"level":"info","message":"请求成功率: 100.00%","metadata":{},"service":"ai-project","timestamp":"2026-09-17 14:49:44.752"}
{"level":"info","message":"平均响应时间: 11.12 ms","metadata":{},"service":"ai-project","timestamp":"2026-09-17 14:49:44.752"}
{"level":"info","message":"总接收数据: 252.81 KB","metadata":{},"service":"ai-project","timestamp":"2026-09-17 14:49:44.752"}
{"level":"info","message":"总发送数据: 17.03 KB","metadata":{},"service":"ai-project","timestamp":"2026-09-17 14:49:44.752"}
{"level":"info","message":"当前连接数: 0","metadata":{},"service":"ai-project","timestamp":"2026-09-17 14:49:44.752"}
{"level":"info","message":"连接池使用率: 0.00%","metadata":{},"service":"ai-project","timestamp":"2026-09-17 14:49:44.752"}
{"level":"info","message":"连接池峰值: 1","metadata":{},"service":"ai-project","timestamp":"2026-09-17 14:49:44.753"}
{"level":"info","message":"总连接数: 8","metadata":{},"service":"ai-project","timestamp":"2026-09-17 14:49:44.753"}
{"level":"info","message":"失败连接数: 0","metadata":{},"service":"ai-project","timestamp":"2026-09-17 14:49:44.753"}
{"level":"info","message":"已关闭连接数: 8","metadata":{},"service":"ai-project","timestamp":"2026-09-17 14:49:44.753"}
{"level":"info","message":"================================================================================","metadata":{},"service":"ai-project","timestamp":"2026-09-17 14:49:44.753"}
{"level":"info","message":"正在关闭连接...","metadata":{},"service":"ai-project","timestamp":"2026-09-17 14:50:16.343"}
{"level":"info","message":"收到退出信号，正在关闭服务器...","metadata":{"activeConnections":0,"totalConnections":8},"service":"ai-project","timestamp":"2026-09-17 14:50:16.343"}
